x,y,bend_magnitude,normalized_intensity
0,0,0,0
1,0,0,0
2,0,0,0
3,0,2.15632099E-05,0.011263753
4,0,6.12647584E-05,0.0320022441
5,0,0.00010606207,0.055402557
6,0,0.000154365758,0.0806344591
7,0,0.000205149759,0.107161977
8,0,0.000258946052,0.135262996
9,0,0.000314363097,0.16421063
10,0,0.000371626265,0.194122604
11,0,0.000429923555,0.224574762
12,0,0.000489956157,0.255933377
13,0,0.000549866592,0.287228177
14,0,0.000611222985,0.319278288
15,0,0.000672685439,0.3513838
16,0,0.000733478823,0.383139817
17,0,0.000794452753,0.414990144
18,0,0.000855311329,0.446780215
19,0,0.000914851184,0.477881439
20,0,0.000972862039,0.508183975
21,0,0.00102966599,0.537856072
22,0,0.0010855554,0.567050453
23,0,0.00113920915,0.59507701
24,0,0.00119042491,0.621830064
25,0,0.00123901894,0.647213626
26,0,0.00128481344,0.671134834
27,0,0.00132803786,0.693713529
28,0,0.00136880742,0.715009906
29,0,0.00140629264,0.734590678
30,0,0.0014404179,0.752416337
31,0,0.00147112119,0.768454504
32,0,0.00149836329,0.78268468
33,0,0.00152212804,0.795098429
34,0,0.00154243742,0.805707231
35,0,0.00155928756,0.814509064
36,0,0.00157272177,0.821526554
37,0,0.00158275963,0.826769932
38,0,0.00158943912,0.830259024
39,0,0.00159276732,0.831997542
40,0,0.00159276732,0.831997542
41,0,0.00158943912,0.830259024
42,0,0.00158275963,0.826769932
43,0,0.00157272177,0.821526554
44,0,0.00155928757,0.814509069
45,0,0.00154243741,0.805707225
46,0,0.00152212804,0.795098429
47,0,0.00149836329,0.78268468
48,0,0.00147112119,0.768454504
49,0,0.0014404182,0.752416498
50,0,0.00140629258,0.734590644
51,0,0.00136880742,0.715009906
52,0,0.00132803786,0.693713529
53,0,0.00128481344,0.671134834
54,0,0.00123901916,0.647213741
55,0,0.00119042493,0.621830072
56,0,0.00113920915,0.59507701
57,0,0.0010855554,0.567050453
58,0,0.00102966599,0.537856072
59,0,0.000972862133,0.508184024
60,0,0.000914851069,0.477881379
61,0,0.000855311329,0.446780215
62,0,0.000794452753,0.414990144
63,0,0.000733478823,0.383139817
64,0,0.000672685405,0.351383782
65,0,0.000611222769,0.319278175
66,0,0.000549866592,0.287228177
67,0,0.000489956157,0.255933377
68,0,0.000429923555,0.224574762
69,0,0.000371626735,0.19412285
70,0,0.000314363019,0.164210589
71,0,0.000258946052,0.135262996
72,0,0.000205149759,0.107161977
73,0,0.000154365758,0.0806344591
74,0,0.000106062542,0.0554028035
75,0,6.12647584E-05,0.0320022441
76,0,2.15632099E-05,0.011263753
77,0,0,0
78,0,0,0
79,0,0,0
0,1,0,0
1,1,0,0
2,1,8.91175489E-06,0.00465514208
3,1,4.3497227E-05,0.0227212008
4,1,8.74084897E-05,0.0456586771
5,1,0.000135080693,0.0705607172
6,1,0.000186165555,0.0972453932
7,1,0.000240217821,0.125480121
8,1,0.000295740137,0.154482745
9,1,0.000354225359,0.185033071
10,1,0.00041315066,0.215813277
11,1,0.000474754679,0.247992737
12,1,0.000536380197,0.280183428
13,1,0.00059914972,0.3129717
14,1,0.000662723022,0.346179834
15,1,0.000725787421,0.379122138
16,1,0.000788997085,0.412140323
17,1,0.00085251063,0.445317242
18,1,0.000914851052,0.47788137
19,1,0.000975799117,0.509718186
20,1,0.00103582446,0.54107301
21,1,0.00109496235,0.571964261
22,1,0.00115194983,0.60173223
23,1,0.00120656388,0.630260408
24,1,0.00125859252,0.657438079
25,1,0.00130784716,0.683166719
26,1,0.00135519721,0.707900478
27,1,0.0013994738,0.73102879
28,1,0.00144041781,0.752416294
29,1,0.0014779328,0.772012615
30,1,0.00151195486,0.78978437
31,1,0.00154243747,0.805707256
32,1,0.00156936817,0.819774769
33,1,0.0015927669,0.831997326
34,1,0.00161267043,0.842394128
35,1,0.00162912974,0.85099181
36,1,0.00164219992,0.857819146
37,1,0.00165194571,0.862909952
38,1,0.00165855858,0.866364252
39,1,0.00166185445,0.86808588
40,1,0.00166185445,0.868085882
41,1,0.00165855858,0.866364252
42,1,0.00165194571,0.862909952
43,1,0.00164219992,0.857819146
44,1,0.0016291298,0.850991842
45,1,0.00161267039,0.842394107
46,1,0.0015927669,0.831997326
47,1,0.00156936817,0.819774769
48,1,0.00154243747,0.805707256
49,1,0.00151195509,0.789784488
50,1,0.00147793258,0.772012497
51,1,0.00144041781,0.752416294
52,1,0.0013994738,0.73102879
53,1,0.00135519721,0.707900478
54,1,0.0013078473,0.683166793
55,1,0.00125859254,0.65743809
56,1,0.00120656388,0.630260408
57,1,0.00115194983,0.60173223
58,1,0.00109496235,0.571964261
59,1,0.00103582469,0.541073127
60,1,0.000975798896,0.50971807
61,1,0.000914851052,0.47788137
62,1,0.00085251063,0.445317242
63,1,0.000788997085,0.412140323
64,1,0.000725787369,0.379122111
65,1,0.000662722896,0.346179768
66,1,0.00059914972,0.3129717
67,1,0.000536380197,0.280183428
68,1,0.000474754679,0.247992737
69,1,0.000413150956,0.215813431
70,1,0.000354225359,0.185033071
71,1,0.000295740137,0.154482745
72,1,0.000240217821,0.125480121
73,1,0.000186165555,0.0972453932
74,1,0.000135080805,0.0705607761
75,1,8.74084897E-05,0.0456586771
76,1,4.3497227E-05,0.0227212008
77,1,8.91175489E-06,0.00465514208
78,1,0,0
79,1,0,0
0,2,0,0
1,2,3.48135956E-07,0.000181852212
2,2,2.52382461E-05,0.013183444
3,2,6.72584874E-05,0.0351331269
4,2,0.000114153278,0.0596290779
5,2,0.00016487622,0.0861247013
6,2,0.000218397067,0.114081838
7,2,0.000274468558,0.143371328
8,2,0.000333215113,0.174058164
9,2,0.00039316726,0.205374753
10,2,0.000455398579,0.237881889
11,2,0.000518550714,0.270870023
12,2,0.00058237698,0.304210296
13,2,0.000647874241,0.338423428
14,2,0.000713022577,0.372454297
15,2,0.000778124337,0.406460837
16,2,0.000844133485,0.440941359
17,2,0.000909120241,0.474887824
18,2,0.000972862133,0.508184024
19,2,0.00103582469,0.541073127
20,2,0.0010981086,0.573607736
21,2,0.00115833807,0.605069187
22,2,0.00121627727,0.635334294
23,2,0.00127168293,0.664275983
24,2,0.00132465204,0.691944914
25,2,0.00137561882,0.718567907
26,2,0.00142335526,0.743503505
27,2,0.00146770563,0.766670353
28,2,0.00150855702,0.788009472
29,2,0.00154580947,0.807468651
30,2,0.00157941494,0.825022798
31,2,0.00160936714,0.840668621
32,2,0.00163567708,0.854411874
33,2,0.00165855864,0.866364284
34,2,0.0016782291,0.876639338
35,2,0.00169440953,0.885091345
36,2,0.00170718575,0.891765126
37,2,0.00171666963,0.896719122
38,2,0.00172293786,0.899993393
39,2,0.00172605275,0.901620489
40,2,0.00172605276,0.901620493
41,2,0.00172293786,0.899993393
42,2,0.00171666963,0.896719122
43,2,0.00170718575,0.891765126
44,2,0.00169440965,0.885091404
45,2,0.00167822903,0.876639304
46,2,0.00165855864,0.866364284
47,2,0.00163567708,0.854411874
48,2,0.00160936714,0.840668621
49,2,0.00157941494,0.825022797
50,2,0.0015458093,0.807468564
51,2,0.00150855702,0.788009472
52,2,0.00146770563,0.766670353
53,2,0.00142335526,0.743503505
54,2,0.00137561895,0.718567977
55,2,0.001324652,0.691944891
56,2,0.00127168293,0.664275983
57,2,0.00121627727,0.635334294
58,2,0.00115833807,0.605069187
59,2,0.00109810887,0.573607877
60,2,0.00103582468,0.541073127
61,2,0.000972862133,0.508184024
62,2,0.000909120241,0.474887824
63,2,0.000844133485,0.440941359
64,2,0.000778124756,0.406461055
65,2,0.000713022577,0.372454297
66,2,0.000647874241,0.338423428
67,2,0.00058237698,0.304210296
68,2,0.000518550714,0.270870023
69,2,0.000455399157,0.237882191
70,2,0.000393167121,0.20537468
71,2,0.000333215113,0.174058164
72,2,0.000274468558,0.143371328
73,2,0.000218397067,0.114081838
74,2,0.00016487622,0.0861247013
75,2,0.000114153277,0.0596290774
76,2,6.72584874E-05,0.0351331269
77,2,2.52382461E-05,0.013183444
78,2,3.48135956E-07,0.000181852212
79,2,0,0
0,3,0,0
1,3,9.59098378E-06,0.00500994392
2,3,4.58454916E-05,0.0239478397
3,3,9.13800235E-05,0.0477332465
4,3,0.000140982342,0.0736435014
5,3,0.000193857993,0.101263613
6,3,0.000250404257,0.130801106
7,3,0.000308749275,0.161278195
8,3,0.000369689272,0.193110797
9,3,0.000432030893,0.225675551
10,3,0.000496513335,0.259358583
11,3,0.000561175933,0.293135722
12,3,0.000628243574,0.328169158
13,3,0.000695276903,0.363184671
14,3,0.000761939358,0.398006455
15,3,0.000830230396,0.433678945
16,3,0.000897696021,0.468920272
17,3,0.000964083166,0.503598245
18,3,0.00102966578,0.537855961
19,3,0.0010949623,0.571964236
20,3,0.00115833794,0.605069122
21,3,0.0012195211,0.637028743
22,3,0.00127824455,0.66770351
23,3,0.0013348221,0.697257345
24,3,0.00138924289,0.725684574
25,3,0.00144041782,0.752416297
26,3,0.00148815459,0.777352064
27,3,0.00153229341,0.80040841
28,3,0.00157272161,0.821526473
29,3,0.0016093672,0.840668655
30,3,0.00164219977,0.857819069
31,3,0.00167170139,0.873229523
32,3,0.00169761317,0.886764794
33,3,0.0017198105,0.898359787
34,3,0.00173841507,0.908078068
35,3,0.00175359158,0.916005664
36,3,0.0017654885,0.922220136
37,3,0.0017742579,0.92680092
38,3,0.00178002565,0.929813757
39,3,0.00178288637,0.931308084
40,3,0.00178288638,0.931308088
41,3,0.00178002565,0.929813757
42,3,0.0017742579,0.92680092
43,3,0.0017654885,0.922220136
44,3,0.00175359166,0.916005704
45,3,0.00173841508,0.908078074
46,3,0.0017198105,0.898359787
47,3,0.00169761317,0.886764794
48,3,0.00167170139,0.873229523
49,3,0.00164219969,0.857819026
50,3,0.00160936702,0.840668557
51,3,0.00157272161,0.821526473
52,3,0.00153229341,0.80040841
53,3,0.00148815459,0.777352064
54,3,0.0014404179,0.75241634
55,3,0.00138924279,0.725684519
56,3,0.0013348221,0.697257345
57,3,0.00127824455,0.66770351
58,3,0.0012195211,0.637028743
59,3,0.00115833795,0.605069126
60,3,0.00109496232,0.571964248
61,3,0.00102966578,0.537855961
62,3,0.000964083166,0.503598245
63,3,0.000897696021,0.468920272
64,3,0.000830230263,0.433678875
65,3,0.000761939358,0.398006455
66,3,0.000695276903,0.363184671
67,3,0.000628243574,0.328169158
68,3,0.000561175933,0.293135722
69,3,0.00049652091,0.25936254
70,3,0.000432030458,0.225675323
71,3,0.000369689272,0.193110797
72,3,0.000308749275,0.161278195
73,3,0.000250404257,0.130801106
74,3,0.000193857911,0.101263571
75,3,0.000140982342,0.0736435016
76,3,9.13800235E-05,0.0477332465
77,3,4.58454916E-05,0.0239478397
78,3,9.59098378E-06,0.00500994392
79,3,0,0
0,4,0,0
1,4,2.43154541E-05,0.0127014146
2,4,6.72585429E-05,0.0351331559
3,4,0.000115507355,0.0603363935
4,4,0.000167898356,0.0877033439
5,4,0.000223401148,0.116695768
6,4,0.000281415585,0.147000175
7,4,0.000342731646,0.179029218
8,4,0.000405043168,0.211578249
9,4,0.000470431428,0.245734445
10,4,0.000536380041,0.280183346
11,4,0.000603969085,0.315489142
12,4,0.000672685238,0.351383695
13,4,0.000741201894,0.387174038
14,4,0.000810895947,0.423579407
15,4,0.000880658316,0.46002046
16,4,0.000949508449,0.495984999
17,4,0.00101737764,0.531437132
18,4,0.00108555509,0.567050288
19,4,0.00115194983,0.60173223
20,4,0.00121627729,0.635334304
21,4,0.00127824449,0.667703477
22,4,0.00133821306,0.699028643
23,4,0.0013960628,0.729247018
24,4,0.00145065145,0.757761932
25,4,0.00150175773,0.784457795
26,4,0.00154918439,0.809231574
27,4,0.00159276678,0.83199726
28,4,0.00163241072,0.852705662
29,4,0.00166842707,0.871519155
30,4,0.00170081312,0.88843632
31,4,0.00172916157,0.903244411
32,4,0.00175359162,0.916005687
33,4,0.0017742578,0.926800869
34,4,0.00179136278,0.935735821
35,4,0.00180513715,0.942930997
36,4,0.00181580498,0.948503443
37,4,0.00182358525,0.952567539
38,4,0.00182866014,0.955218458
39,4,0.00183116691,0.956527895
40,4,0.00183116701,0.956527948
41,4,0.00182866014,0.955218458
42,4,0.00182358525,0.952567539
43,4,0.00181580498,0.948503443
44,4,0.00180513718,0.942931014
45,4,0.00179136283,0.935735848
46,4,0.0017742578,0.926800869
47,4,0.00175359162,0.916005687
48,4,0.00172916157,0.903244411
49,4,0.00170081311,0.888436318
50,4,0.00166842709,0.871519162
51,4,0.00163241072,0.852705662
52,4,0.00159276678,0.83199726
53,4,0.00154918439,0.809231574
54,4,0.00150175784,0.784457854
55,4,0.00145065145,0.757761932
56,4,0.0013960628,0.729247018
57,4,0.00133821306,0.699028643
58,4,0.00127824449,0.667703477
59,4,0.00121627727,0.635334294
60,4,0.00115194985,0.60173224
61,4,0.00108555509,0.567050288
62,4,0.00101737764,0.531437132
63,4,0.000949508449,0.495984999
64,4,0.000880658765,0.460020695
65,4,0.00081089596,0.423579413
66,4,0.000741201894,0.387174038
67,4,0.000672685238,0.351383695
68,4,0.000603969085,0.315489142
69,4,0.00053638004,0.280183345
70,4,0.000470431434,0.245734448
71,4,0.000405043168,0.211578249
72,4,0.000342731646,0.179029218
73,4,0.000281415585,0.147000175
74,4,0.000223407889,0.11669929
75,4,0.000167898356,0.0877033439
76,4,0.000115507355,0.0603363935
77,4,6.72585429E-05,0.0351331559
78,4,2.43154541E-05,0.0127014146
79,4,0,0
0,5,6.88948515E-06,0.00359878976
1,5,4.23238971E-05,0.0221083004
2,5,8.87293192E-05,0.0463486253
3,5,0.000139507769,0.0728732439
4,5,0.000193858325,0.101263787
5,5,0.00025210572,0.131689882
6,5,0.00031249299,0.163233761
7,5,0.000375522799,0.196157997
8,5,0.000440493976,0.230096325
9,5,0.000507498531,0.265096807
10,5,0.000575236052,0.300480162
11,5,0.000645411035,0.337136749
12,5,0.000715566863,0.37378333
13,5,0.000786272426,0.41071707
14,5,0.000858114263,0.448244355
15,5,0.000929237397,0.485396218
16,5,0.000999379983,0.522035881
17,5,0.00106993417,0.558890547
18,5,0.00113920922,0.595077048
19,5,0.00120656389,0.630260414
20,5,0.00127168304,0.664276038
21,5,0.00133482212,0.697257355
22,5,0.00139606297,0.729247108
23,5,0.00145406325,0.759544119
24,5,0.00150855702,0.788009475
25,5,0.00155928732,0.814508938
26,5,0.00160605682,0.838939441
27,5,0.0016487037,0.86121646
28,5,0.00168795936,0.881722035
29,5,0.00172293779,0.899993358
30,5,0.00175359146,0.916005601
31,5,0.00178002587,0.929813873
32,5,0.00180241859,0.941510929
33,5,0.00182101613,0.951225535
34,5,0.00183609848,0.959103949
35,5,0.0018479894,0.965315286
36,5,0.0018570129,0.970028798
37,5,0.0018634654,0.973399325
38,5,0.00186761291,0.975565817
39,5,0.00186963618,0.976622695
40,5,0.00186963618,0.976622695
41,5,0.00186761291,0.975565817
42,5,0.0018634654,0.973399325
43,5,0.0018570129,0.970028798
44,5,0.00184798937,0.965315272
45,5,0.00183609845,0.959103935
46,5,0.00182101613,0.951225535
47,5,0.00180241859,0.941510929
48,5,0.00178002587,0.929813873
49,5,0.00175359142,0.916005583
50,5,0.00172293767,0.899993294
51,5,0.00168795936,0.881722035
52,5,0.0016487037,0.86121646
53,5,0.00160605682,0.838939441
54,5,0.0015592873,0.814508932
55,5,0.00150855695,0.788009436
56,5,0.00145406325,0.759544119
57,5,0.00139606297,0.729247108
58,5,0.00133482212,0.697257355
59,5,0.00127168351,0.664276282
60,5,0.00120656373,0.630260334
61,5,0.00113920922,0.595077048
62,5,0.00106993417,0.558890547
63,5,0.000999379983,0.522035881
64,5,0.000929237277,0.485396155
65,5,0.00085811399,0.448244212
66,5,0.000786272426,0.41071707
67,5,0.000715566863,0.37378333
68,5,0.000645411035,0.337136749
69,5,0.000575236483,0.300480387
70,5,0.000507498582,0.265096834
71,5,0.000440493976,0.230096325
72,5,0.000375522799,0.196157997
73,5,0.00031249299,0.163233761
74,5,0.00025210572,0.131689882
75,5,0.000193858322,0.101263785
76,5,0.000139507769,0.0728732439
77,5,8.87293192E-05,0.0463486253
78,5,4.23238971E-05,0.0221083004
79,5,6.88948512E-06,0.00359878975
0,6,1.88165556E-05,0.00982901134
1,6,6.12643423E-05,0.0320020267
2,6,0.000110103497,0.0575136355
3,6,0.00016336955,0.0853376776
4,6,0.000220065887,0.114953563
5,6,0.000279677063,0.146092042
6,6,0.000342731593,0.17902919
7,6,0.000407024004,0.212612958
8,6,0.000474753974,0.247992369
9,6,0.000543107843,0.283697679
10,6,0.00061364447,0.320543174
11,6,0.000685208057,0.357925111
12,6,0.000756738628,0.395289803
13,6,0.000830230147,0.433678815
14,6,0.000903404206,0.471901998
15,6,0.00097579886,0.509718051
16,6,0.00104818773,0.547531085
17,6,0.00112018133,0.585137643
18,6,0.00119042481,0.621830012
19,6,0.00125859252,0.657438076
20,6,0.00132465201,0.691944896
21,6,0.00138924289,0.725684574
22,6,0.00145065145,0.757761932
23,6,0.00150855697,0.788009448
24,6,0.00156264991,0.816265421
25,6,0.00161267012,0.842393964
26,6,0.00165855876,0.866364347
27,6,0.00170081325,0.888436391
28,6,0.00173841505,0.908078058
29,6,0.00177134269,0.92527813
30,6,0.00179968625,0.940083663
31,6,0.00182358521,0.95256752
32,6,0.00184331041,0.962871173
33,6,0.00185919501,0.971168649
34,6,0.00187162391,0.977661001
35,6,0.00188104714,0.982583319
36,6,0.00188790212,0.986164085
37,6,0.00189261248,0.98862459
38,6,0.00189553972,0.990153658
39,6,0.00189693033,0.99088006
40,6,0.00189693029,0.990880037
41,6,0.00189553972,0.990153658
42,6,0.00189261248,0.98862459
43,6,0.00188790212,0.986164085
44,6,0.00188104711,0.982583305
45,6,0.00187162395,0.977661026
46,6,0.00185919501,0.971168649
47,6,0.00184331041,0.962871173
48,6,0.00182358521,0.95256752
49,6,0.00179968627,0.940083673
50,6,0.00177134269,0.925278132
51,6,0.00173841505,0.908078058
52,6,0.00170081325,0.888436391
53,6,0.00165855876,0.866364347
54,6,0.00161267026,0.842394038
55,6,0.00156264987,0.816265402
56,6,0.00150855697,0.788009448
57,6,0.00145065145,0.757761932
58,6,0.00138924289,0.725684574
59,6,0.001324652,0.691944891
60,6,0.00125859224,0.65743793
61,6,0.00119042481,0.621830012
62,6,0.00112018133,0.585137643
63,6,0.00104818773,0.547531085
64,6,0.000975799178,0.509718218
65,6,0.000903404087,0.471901936
66,6,0.000830230147,0.433678815
67,6,0.000756738628,0.395289803
68,6,0.000685208057,0.357925111
69,6,0.000613644567,0.320543225
70,6,0.000543107578,0.28369754
71,6,0.000474753974,0.247992369
72,6,0.000407024004,0.212612958
73,6,0.000342731593,0.17902919
74,6,0.000279677062,0.146092041
75,6,0.000220065887,0.114953563
76,6,0.00016336955,0.0853376776
77,6,0.000110103497,0.0575136355
78,6,6.12643423E-05,0.0320020267
79,6,1.88165553E-05,0.00982901119
0,7,3.36659356E-05,0.0175857298
1,7,7.95119301E-05,0.0415338322
2,7,0.000130676508,0.0682601485
3,7,0.000186165639,0.0972454372
4,7,0.000245300937,0.128135337
5,7,0.00030688292,0.160303287
6,7,0.000371626587,0.194122772
7,7,0.000438373922,0.228988894
8,7,0.000507498691,0.265096891
9,7,0.000577614429,0.301722531
10,7,0.000650339568,0.339711216
11,7,0.000723227329,0.377784849
12,7,0.000797182879,0.416416252
13,7,0.000872179348,0.455591389
14,7,0.000946602219,0.494466901
15,7,0.00102044235,0.533038015
16,7,0.00109496273,0.571964464
17,7,0.00116793903,0.610084344
18,7,0.00123901892,0.64721362
19,7,0.00130784728,0.683166782
20,7,0.00137561885,0.718567923
21,7,0.00144041782,0.752416297
22,7,0.00150175773,0.784457795
23,7,0.00155928732,0.814508942
24,7,0.00161267011,0.842393962
25,7,0.00166185469,0.868086004
26,7,0.0017071857,0.891765101
27,7,0.00174755908,0.912854532
28,7,0.00178288664,0.931308224
29,7,0.0018131702,0.947127136
30,7,0.00183853119,0.960374697
31,7,0.00185919519,0.971168742
32,7,0.00187550161,0.979686558
33,7,0.00188790212,0.986164084
34,7,0.00189693026,0.990880022
35,7,0.00190317484,0.99414194
36,7,0.00190724225,0.99626659
37,7,0.00190969586,0.997548258
38,7,0.0019111461,0.998305804
39,7,0.00191178244,0.998638203
40,7,0.00191178239,0.99863818
41,7,0.0019111461,0.998305804
42,7,0.00190969586,0.997548258
43,7,0.00190724225,0.99626659
44,7,0.00190317484,0.99414194
45,7,0.00189693023,0.990880005
46,7,0.00188790212,0.986164084
47,7,0.00187550161,0.979686558
48,7,0.00185919519,0.971168742
49,7,0.00183853107,0.960374634
50,7,0.00181317024,0.947127158
51,7,0.00178288664,0.931308224
52,7,0.00174755908,0.912854532
53,7,0.0017071857,0.891765101
54,7,0.00166185471,0.868086015
55,7,0.00161267026,0.842394038
56,7,0.00155928732,0.814508942
57,7,0.00150175773,0.784457795
58,7,0.00144041782,0.752416297
59,7,0.00137561882,0.718567908
60,7,0.00130784733,0.683166806
61,7,0.00123901892,0.64721362
62,7,0.00116793903,0.610084344
63,7,0.00109496273,0.571964464
64,7,0.00102044232,0.533037997
65,7,0.000946602078,0.494466828
66,7,0.000872179348,0.455591389
67,7,0.000797182879,0.416416252
68,7,0.000723227329,0.377784849
69,7,0.000650339528,0.339711196
70,7,0.000577614429,0.301722531
71,7,0.000507498691,0.265096891
72,7,0.000438373922,0.228988894
73,7,0.000371626587,0.194122772
74,7,0.000306882953,0.160303304
75,7,0.000245300937,0.128135337
76,7,0.000186165639,0.0972454372
77,7,0.000130676508,0.0682601485
78,7,7.95119301E-05,0.0415338322
79,7,3.36659072E-05,0.017585715
0,8,4.93805064E-05,0.0257943891
1,8,9.8028704E-05,0.0512062496
2,8,0.000151377777,0.0790736582
3,8,0.000208446319,0.108883968
4,8,0.000269272082,0.140656898
5,8,0.000333215508,0.174058371
6,8,0.000399094261,0.20847078
7,8,0.000468279343,0.244610282
8,8,0.000538616227,0.281351439
9,8,0.000611223303,0.319278454
10,8,0.000685208487,0.357925336
11,8,0.000759338538,0.396647891
12,8,0.000835781194,0.436578458
13,8,0.000911988484,0.476386079
14,8,0.0009875648,0.515864105
15,8,0.00106370603,0.555637222
16,8,0.0011392089,0.595076877
17,8,0.00121303347,0.633639864
18,8,0.00128481336,0.671134791
19,8,0.00135519721,0.707900482
20,8,0.00142335507,0.743503403
21,8,0.00148815455,0.777352043
22,8,0.0015491843,0.809231529
23,8,0.00160605678,0.838939424
24,8,0.00165855883,0.866364379
25,8,0.00170718583,0.891765168
26,8,0.00175057933,0.914432189
27,8,0.00178855413,0.934268694
28,8,0.00182101612,0.951225533
29,8,0.0018479893,0.965315233
30,8,0.00186963616,0.976622686
31,8,0.00188624687,0.985299447
32,8,0.00189827848,0.991584278
33,8,0.00190630903,0.995779117
34,8,0.00191114627,0.998305895
35,8,0.0019136519,0.999614735
36,8,0.00191438904,0.999999784
37,8,0.00191412396,0.999861319
38,8,0.00191353496,0.999553651
39,8,0.00191311284,0.999333149
40,8,0.00191311284,0.999333149
41,8,0.00191353496,0.999553651
42,8,0.00191412396,0.999861319
43,8,0.00191438904,0.999999784
44,8,0.00191365193,0.999614747
45,8,0.00191114636,0.998305939
46,8,0.00190630903,0.995779117
47,8,0.00189827848,0.991584278
48,8,0.00188624687,0.985299447
49,8,0.00186963622,0.976622716
50,8,0.00184798939,0.965315283
51,8,0.00182101612,0.951225533
52,8,0.00178855413,0.934268694
53,8,0.00175057933,0.914432189
54,8,0.00170718578,0.891765144
55,8,0.00165855878,0.866364353
56,8,0.00160605678,0.838939424
57,8,0.0015491843,0.809231529
58,8,0.00148815455,0.777352043
59,8,0.00142335515,0.743503443
60,8,0.00135519717,0.707900462
61,8,0.00128481336,0.671134791
62,8,0.00121303347,0.633639864
63,8,0.0011392089,0.595076877
64,8,0.00106370619,0.555637305
65,8,0.000987564586,0.515863994
66,8,0.000911988484,0.476386079
67,8,0.000835781194,0.436578458
68,8,0.000759338538,0.396647891
69,8,0.000685208503,0.357925345
70,8,0.000611222885,0.319278235
71,8,0.000538616227,0.281351439
72,8,0.000468279343,0.244610282
73,8,0.000399094261,0.20847078
74,8,0.000333215508,0.174058371
75,8,0.00026927165,0.140656673
76,8,0.000208446319,0.108883968
77,8,0.000151377777,0.0790736582
78,8,9.8028704E-05,0.0512062496
79,8,4.93866794E-05,0.0257976137
0,9,6.48536582E-05,0.0338769409
1,9,0.000115507387,0.0603364101
2,9,0.000170924774,0.0892842226
3,9,0.000230106824,0.120198544
4,9,0.000292045158,0.152552637
5,9,0.000358078255,0.187045669
6,9,0.00042571742,0.222377646
7,9,0.000496512924,0.259358368
8,9,0.000568111367,0.296758513
9,9,0.000642949748,0.335851072
10,9,0.000718113195,0.375113432
11,9,0.000794452709,0.414990121
12,9,0.000872179046,0.455591231
13,9,0.000949508149,0.495984842
14,9,0.00102658949,0.53624903
15,9,0.00110439699,0.576892538
16,9,0.00118077581,0.616789763
17,9,0.0012553282,0.655732931
18,9,0.00132803766,0.693713425
19,9,0.0013994738,0.73102879
20,9,0.0014677056,0.766670337
21,9,0.00153229341,0.800408408
22,9,0.00159276678,0.83199726
23,9,0.00164870402,0.861216626
24,9,0.00170081318,0.888436353
25,9,0.00174755907,0.912854524
26,9,0.00178855423,0.934268745
27,9,0.0018235857,0.952567777
28,9,0.00185256005,0.96770281
29,9,0.00187550166,0.979686587
30,9,0.00189261261,0.988624658
31,9,0.00190427403,0.994716111
32,9,0.00191114619,0.998305853
33,9,0.00191416781,0.999884227
34,9,0.0019138724,0.999729913
35,9,0.00191129011,0.998381032
36,9,0.00190751026,0.996406589
37,9,0.00190356624,0.994346392
38,9,0.0019003675,0.992675498
39,9,0.00189859473,0.991749472
40,9,0.00189859475,0.991749486
41,9,0.0019003675,0.992675498
42,9,0.00190356624,0.994346392
43,9,0.00190751026,0.996406589
44,9,0.00191129006,0.998381004
45,9,0.00191387246,0.999729946
46,9,0.00191416781,0.999884227
47,9,0.00191114619,0.998305853
48,9,0.00190427403,0.994716111
49,9,0.00189261239,0.988624543
50,9,0.0018755012,0.979686345
51,9,0.00185256005,0.96770281
52,9,0.0018235857,0.952567777
53,9,0.00178855423,0.934268745
54,9,0.00174755905,0.912854514
55,9,0.00170081323,0.888436377
56,9,0.00164870402,0.861216626
57,9,0.00159276678,0.83199726
58,9,0.00153229341,0.800408408
59,9,0.00146770563,0.766670353
60,9,0.00139947374,0.731028757
61,9,0.00132803766,0.693713425
62,9,0.0012553282,0.655732931
63,9,0.00118077581,0.616789763
64,9,0.00110440476,0.576896598
65,9,0.0010265895,0.536249037
66,9,0.000949508149,0.495984842
67,9,0.000872179046,0.455591231
68,9,0.000794452709,0.414990121
69,9,0.00071811318,0.375113424
70,9,0.000642949748,0.335851072
71,9,0.000568111367,0.296758513
72,9,0.000496512924,0.259358368
73,9,0.00042571742,0.222377646
74,9,0.000358078252,0.187045667
75,9,0.00029204516,0.152552638
76,9,0.000230106824,0.120198544
77,9,0.000170924774,0.0892842226
78,9,0.000115507387,0.0603364101
79,9,6.485377E-05,0.0338769993
0,10,7.95123199E-05,0.0415340358
1,10,0.000132143419,0.0690264036
2,10,0.000189234944,0.0988487188
3,10,0.00025040476,0.130801369
4,10,0.000314363127,0.164210645
5,10,0.000381385433,0.199220401
6,10,0.000451128193,0.235651212
7,10,0.00052298727,0.273187501
8,10,0.000596747604,0.311716931
9,10,0.000672685592,0.35138388
10,10,0.000748958451,0.391225752
11,10,0.000827453735,0.432228529
12,10,0.000906261494,0.47339453
13,10,0.000984613647,0.514322541
14,10,0.00106370607,0.555637239
15,10,0.00114239458,0.596740951
16,10,0.00121952146,0.637028929
17,10,0.00129467218,0.676284642
18,10,0.00136880743,0.715009912
19,10,0.00144041818,0.752416484
20,10,0.00150855709,0.788009511
21,10,0.0015727216,0.821526468
22,10,0.00163241089,0.852705752
23,10,0.00168795915,0.881721926
24,10,0.00173841499,0.908078023
25,10,0.0017828866,0.931308202
26,10,0.00182101616,0.951225553
27,10,0.00185255989,0.967702727
28,10,0.00187738899,0.98067245
29,10,0.00189553959,0.990153595
30,10,0.00190724183,0.996266374
31,10,0.00191328843,0.99942487
32,10,0.00191412386,0.999861268
33,10,0.0019104979,0.99796721
34,10,0.00190356613,0.994346334
35,10,0.0018946658,0.989697158
36,10,0.00188522987,0.98476821
37,10,0.00187664704,0.980284886
38,10,0.00187014727,0.976889669
39,10,0.00186664934,0.975062487
40,10,0.00186664934,0.975062491
41,10,0.00187014727,0.976889669
42,10,0.00187664704,0.980284886
43,10,0.00188522987,0.98476821
44,10,0.00189466574,0.98969713
45,10,0.00190356613,0.994346331
46,10,0.0019104979,0.99796721
47,10,0.00191412386,0.999861268
48,10,0.00191328843,0.99942487
49,10,0.00190724212,0.996266522
50,10,0.00189553969,0.990153647
51,10,0.00187738899,0.98067245
52,10,0.00185255989,0.967702727
53,10,0.00182101616,0.951225553
54,10,0.00178288657,0.931308187
55,10,0.00173841498,0.908078018
56,10,0.00168795915,0.881721926
57,10,0.00163241089,0.852705752
58,10,0.0015727216,0.821526468
59,10,0.00150855704,0.788009481
60,10,0.00144041784,0.752416309
61,10,0.00136880743,0.715009912
62,10,0.00129467218,0.676284642
63,10,0.00121952146,0.637028929
64,10,0.00114239466,0.596740993
65,10,0.00106370606,0.555637237
66,10,0.000984613647,0.514322541
67,10,0.000906261494,0.47339453
68,10,0.000827453735,0.432228529
69,10,0.000748958585,0.391225822
70,10,0.000672685203,0.351383677
71,10,0.000596747604,0.311716931
72,10,0.00052298727,0.273187501
73,10,0.000451128193,0.235651212
74,10,0.000381385433,0.199220401
75,10,0.000314362971,0.164210564
76,10,0.00025040476,0.130801369
77,10,0.000189234944,0.0988487188
78,10,0.000132143419,0.0690264036
79,10,7.9512319E-05,0.0415340353
0,11,9.40359644E-05,0.0491206031
1,11,0.000148402029,0.0775192474
2,11,0.000206793681,0.108020696
3,11,0.00026927209,0.140656902
4,11,0.000335117746,0.175052023
5,11,0.000403055682,0.210540066
6,11,0.000474754572,0.247992681
7,11,0.000547606402,0.286047545
8,11,0.000623364796,0.325620681
9,11,0.000700326533,0.365822395
10,11,0.000778124092,0.406460709
11,11,0.000858114131,0.448244286
12,11,0.000937907743,0.489925257
13,11,0.00101737744,0.53143703
14,11,0.00109810855,0.573607712
15,11,0.00117756334,0.615111696
16,11,0.00125532823,0.655732944
17,11,0.00133142968,0.695485278
18,11,0.00140629261,0.734590659
19,11,0.00147793273,0.772012574
20,11,0.00154580911,0.807468463
21,11,0.00160936729,0.840668699
22,11,0.00166842667,0.871518945
23,11,0.00172293762,0.899993271
24,11,0.00177134271,0.925278139
25,11,0.00181317023,0.947127152
26,11,0.00184798931,0.965315238
27,11,0.00187550111,0.979686297
28,11,0.00189553975,0.990153678
29,11,0.00190811692,0.996723483
30,11,0.00191394812,0.999769468
31,11,0.00191311256,0.999333005
32,11,0.00190630369,0.995776323
33,11,0.00189466588,0.989697199
34,11,0.00187965859,0.981858
35,11,0.0018629784,0.973144938
36,11,0.001846503,0.964538852
37,11,0.00183208339,0.957006628
38,11,0.00182140244,0.951427331
39,11,0.00181571516,0.948456522
40,11,0.00181571515,0.948456516
41,11,0.00182140244,0.951427331
42,11,0.00183208339,0.957006628
43,11,0.001846503,0.964538852
44,11,0.00186297832,0.973144898
45,11,0.0018796586,0.981858
46,11,0.00189466588,0.989697199
47,11,0.00190630369,0.995776323
48,11,0.00191311256,0.999333005
49,11,0.00191394809,0.999769452
50,11,0.00190811702,0.996723535
51,11,0.00189553975,0.990153678
52,11,0.00187550111,0.979686297
53,11,0.00184798931,0.965315238
54,11,0.00181317024,0.947127158
55,11,0.00177134268,0.925278128
56,11,0.00172293762,0.899993271
57,11,0.00166842667,0.871518945
58,11,0.00160936729,0.840668699
59,11,0.00154580928,0.807468555
60,11,0.00147793244,0.772012426
61,11,0.00140629261,0.734590659
62,11,0.00133142968,0.695485278
63,11,0.00125532823,0.655732944
64,11,0.00117756348,0.61511177
65,11,0.00109810855,0.573607712
66,11,0.00101737744,0.53143703
67,11,0.000937907743,0.489925257
68,11,0.000858114131,0.448244286
69,11,0.000778124092,0.406460709
70,11,0.000700326533,0.365822395
71,11,0.000623364796,0.325620681
72,11,0.000547606402,0.286047545
73,11,0.000474754572,0.247992681
74,11,0.000403055507,0.210539975
75,11,0.000335117742,0.175052021
76,11,0.00026927209,0.140656902
77,11,0.000206793681,0.108020696
78,11,0.000148402029,0.0775192474
79,11,9.40360757E-05,0.0491206613
0,12,0.000107404171,0.0561036161
1,12,0.00016337005,0.0853379391
2,12,0.000223407674,0.116699178
3,12,0.000286655007,0.149737039
4,12,0.000354225305,0.185033043
5,12,0.000423615485,0.22127968
6,12,0.000496520449,0.259362299
7,12,0.000570485746,0.297998793
8,12,0.000647874396,0.33842351
9,12,0.000725787351,0.379122102
10,12,0.000805401919,0.420709548
11,12,0.000886322858,0.462979389
12,12,0.000967006769,0.505125417
13,12,0.00104818751,0.547530971
14,12,0.00112968294,0.590100904
15,12,0.00120979827,0.631949923
16,12,0.00128809548,0.672849237
17,12,0.00136540176,0.713230928
18,12,0.00144041783,0.752416304
19,12,0.00151195486,0.78978437
20,12,0.00157941469,0.82502267
21,12,0.00164219976,0.857819059
22,12,0.00170081311,0.888436316
23,12,0.00175359146,0.916005603
24,12,0.00179968627,0.940083673
25,12,0.0018385312,0.960374703
26,12,0.00186963617,0.976622691
27,12,0.00189261272,0.988624713
28,12,0.00190724193,0.996266426
29,12,0.001913948,0.999769406
30,12,0.00191259828,0.999064367
31,12,0.00190356606,0.994346298
32,12,0.00188779861,0.986110014
33,12,0.0018666491,0.975062361
34,12,0.00184190327,0.962136138
35,12,0.00181571482,0.948456344
36,12,0.001790515,0.935292972
37,12,0.0017687889,0.923944134
38,12,0.001752812,0.915598444
39,12,0.00174433781,0.91117187
40,12,0.00174433784,0.911171883
41,12,0.001752812,0.915598444
42,12,0.0017687889,0.923944134
43,12,0.001790515,0.935292972
44,12,0.00181571487,0.948456371
45,12,0.00184190338,0.962136193
46,12,0.0018666491,0.975062361
47,12,0.00188779861,0.986110014
48,12,0.00190356606,0.994346298
49,12,0.00191259822,0.999064336
50,12,0.00191394811,0.99976946
51,12,0.00190724193,0.996266426
52,12,0.00189261272,0.988624713
53,12,0.00186963617,0.976622691
54,12,0.00183853107,0.960374634
55,12,0.00179968623,0.940083653
56,12,0.00175359146,0.916005603
57,12,0.00170081311,0.888436316
58,12,0.00164219976,0.857819059
59,12,0.001579415,0.825022827
60,12,0.00151195477,0.789784322
61,12,0.00144041783,0.752416304
62,12,0.00136540176,0.713230928
63,12,0.00128809548,0.672849237
64,12,0.00120979841,0.63195
65,12,0.00112968266,0.590100755
66,12,0.00104818751,0.547530971
67,12,0.000967006769,0.505125417
68,12,0.000886322858,0.462979389
69,12,0.000805401919,0.420709548
70,12,0.000725787351,0.379122102
71,12,0.000647874396,0.33842351
72,12,0.000570485746,0.297998793
73,12,0.000496520449,0.259362299
74,12,0.000423615485,0.22127968
75,12,0.000354224512,0.185032628
76,12,0.000286655007,0.149737039
77,12,0.000223407674,0.116699178
78,12,0.00016337005,0.0853379391
79,12,0.000107410769,0.0561070626
0,13,0.000119582971,0.062465331
1,13,0.000177000371,0.0924578701
2,13,0.000238525965,0.124596364
3,13,0.000303163528,0.158360426
4,13,0.000371626746,0.194122855
5,13,0.000442615863,0.231204713
6,13,0.000516337977,0.269714178
7,13,0.000591946815,0.309209192
8,13,0.000670188819,0.350079666
9,13,0.000748958208,0.391225624
10,13,0.000830230363,0.433678927
11,13,0.000911988812,0.476386251
12,13,0.000993465084,0.518946176
13,13,0.00107617514,0.56215058
14,13,0.00115833787,0.605069085
15,13,0.0012390187,0.647213503
16,13,0.00131788064,0.688407807
17,13,0.00139606273,0.729246984
18,13,0.0014711209,0.768454348
19,13,0.00154243753,0.805707289
20,13,0.00160936698,0.840668538
21,13,0.00167170155,0.873229609
22,13,0.00172916157,0.903244412
23,13,0.00178002575,0.929813811
24,13,0.00182358524,0.952567538
25,13,0.00185919504,0.971168661
26,13,0.00188624679,0.985299406
27,13,0.00190427403,0.994716112
28,13,0.0019132885,0.999424909
29,13,0.00191311283,0.999333146
30,13,0.00190356607,0.994346304
31,13,0.00188522972,0.984768133
32,13,0.00185913448,0.97113703
33,13,0.00182685579,0.95427594
34,13,0.00179051499,0.935292969
35,13,0.00175281198,0.915598434
36,13,0.00171685482,0.896815862
37,13,0.00168596114,0.880678245
38,13,0.00166326233,0.868821299
39,13,0.00165122938,0.862535773
40,13,0.00165122943,0.862535796
41,13,0.00166326233,0.868821299
42,13,0.00168596114,0.880678245
43,13,0.00171685482,0.896815862
44,13,0.00175281187,0.915598376
45,13,0.0017905151,0.935293028
46,13,0.00182685579,0.95427594
47,13,0.00185913448,0.97113703
48,13,0.00188522972,0.984768133
49,13,0.00190356654,0.994346547
50,13,0.00191311287,0.999333168
51,13,0.0019132885,0.999424909
52,13,0.00190427403,0.994716112
53,13,0.00188624679,0.985299406
54,13,0.00185919556,0.971168935
55,13,0.0018235853,0.952567566
56,13,0.00178002575,0.929813811
57,13,0.00172916157,0.903244412
58,13,0.00167170155,0.873229609
59,13,0.00160936707,0.840668583
60,13,0.00154243646,0.805706729
61,13,0.0014711209,0.768454348
62,13,0.00139606273,0.729246984
63,13,0.00131788064,0.688407807
64,13,0.00123901897,0.647213644
65,13,0.00115833757,0.605068928
66,13,0.00107617514,0.56215058
67,13,0.000993465084,0.518946176
68,13,0.000911988812,0.476386251
69,13,0.000830230392,0.433678943
70,13,0.000748958139,0.391225589
71,13,0.000670188819,0.350079666
72,13,0.000591946815,0.309209192
73,13,0.000516337977,0.269714178
74,13,0.000442615927,0.231204746
75,13,0.000371626687,0.194122824
76,13,0.000303163528,0.158360426
77,13,0.000238525965,0.124596364
78,13,0.000177000371,0.0924578701
79,13,0.00011958297,0.0624653305
0,14,0.000130676501,0.0682601449
1,14,0.00018923506,0.0988487794
2,14,0.000252105952,0.131690003
3,14,0.000318115858,0.166170921
4,14,0.00038726199,0.202290078
5,14,0.000459682217,0.240119489
6,14,0.000534138585,0.2790125
7,14,0.0006112229,0.319278243
8,14,0.000690235066,0.360551018
9,14,0.000770001481,0.402217784
10,14,0.000852510722,0.44531729
11,14,0.000935015335,0.48841438
12,14,0.00101737745,0.531437031
13,14,0.00110125613,0.575251882
14,14,0.00118398879,0.618468093
15,14,0.00126513793,0.660857136
16,14,0.00134500831,0.70257821
17,14,0.00142335542,0.743503588
18,14,0.00149836319,0.782684625
19,14,0.00156936817,0.819774771
20,14,0.00163567709,0.854411883
21,14,0.00169761316,0.88676479
22,14,0.00175359155,0.916005647
23,14,0.00180241857,0.941510919
24,14,0.00184331042,0.962871177
25,14,0.00187550137,0.979686432
26,14,0.00189827848,0.991584278
27,14,0.00191114615,0.998305829
28,14,0.00191412385,0.99986126
29,14,0.00190630359,0.99577627
30,14,0.00188779863,0.986110028
31,14,0.00185913465,0.971137116
32,14,0.00182140214,0.951427173
33,14,0.00177631984,0.927877994
34,14,0.00172637538,0.901789017
35,14,0.00167483827,0.874868105
36,14,0.00162567851,0.849189023
37,14,0.00158330019,0.827052294
38,14,0.00155202413,0.810714943
39,14,0.00153538757,0.802024674
40,14,0.0015353876,0.802024686
41,14,0.00155202413,0.810714943
42,14,0.00158330019,0.827052294
43,14,0.00162567851,0.849189023
44,14,0.00167483823,0.874868086
45,14,0.00172637552,0.901789089
46,14,0.00177631984,0.927877994
47,14,0.00182140214,0.951427173
48,14,0.00185913465,0.971137116
49,14,0.00188779867,0.986110048
50,14,0.00190630368,0.995776318
51,14,0.00191412385,0.99986126
52,14,0.00191114615,0.998305829
53,14,0.00189827848,0.991584278
54,14,0.00187550162,0.979686564
55,14,0.00184331045,0.962871189
56,14,0.00180241857,0.941510919
57,14,0.00175359155,0.916005647
58,14,0.00169761316,0.88676479
59,14,0.00163567706,0.854411863
60,14,0.00156936804,0.819774703
61,14,0.00149836319,0.782684625
62,14,0.00142335542,0.743503588
63,14,0.00134500831,0.70257821
64,14,0.0012651383,0.660857332
65,14,0.00118398882,0.618468108
66,14,0.00110125613,0.575251882
67,14,0.00101737745,0.531437031
68,14,0.000935015335,0.48841438
69,14,0.000852510724,0.445317292
70,14,0.000770001203,0.402217638
71,14,0.000690235066,0.360551018
72,14,0.0006112229,0.319278243
73,14,0.000534138585,0.2790125
74,14,0.000459682216,0.240119489
75,14,0.000387261993,0.202290079
76,14,0.000318115858,0.166170921
77,14,0.000252105952,0.131690003
78,14,0.00018923506,0.0988487794
79,14,0.000130676502,0.0682601454
0,15,0.000140982477,0.0736435717
1,15,0.000200209575,0.104581424
2,15,0.000264102329,0.137956427
3,15,0.000331322563,0.173069572
4,15,0.000401070426,0.209503049
5,15,0.000474754448,0.247992616
6,15,0.000549866394,0.287228074
7,15,0.000628243827,0.32816929
8,15,0.000707930752,0.369794533
9,15,0.000788996748,0.412140147
10,15,0.00087217923,0.455591327
11,15,0.000955327284,0.499024524
12,15,0.00103891275,0.542686209
13,15,0.00112334483,0.586790129
14,15,0.00120656407,0.630260509
15,15,0.00128809474,0.67284885
16,15,0.00136880733,0.715009857
17,15,0.00144724453,0.755982294
18,15,0.0015221279,0.795098352
19,15,0.00159276726,0.831997514
20,15,0.00165855855,0.866364233
21,15,0.00171981074,0.898359912
22,15,0.0017742578,0.926800869
23,15,0.00182101621,0.951225579
24,15,0.00185919508,0.971168685
25,15,0.00188790212,0.986164084
26,15,0.00190630897,0.995779085
27,15,0.00191416776,0.999884196
28,15,0.00191049811,0.997967321
29,15,0.00189466579,0.989697154
30,15,0.00186664912,0.975062371
31,15,0.00182685567,0.954275875
32,15,0.00177631984,0.927877995
33,15,0.00171685521,0.896816064
34,15,0.00165122986,0.862536024
35,15,0.00158330045,0.827052435
36,15,0.00151803084,0.792958217
37,15,0.00146123154,0.763288545
38,15,0.00141892695,0.74119033
39,15,0.0013962677,0.729354052
40,15,0.00139626769,0.729354046
41,15,0.00141892695,0.74119033
42,15,0.00146123154,0.763288545
43,15,0.00151803084,0.792958217
44,15,0.00158330023,0.827052318
45,15,0.00165123005,0.862536119
46,15,0.00171685521,0.896816064
47,15,0.00177631984,0.927877995
48,15,0.00182685567,0.954275875
49,15,0.00186664939,0.975062515
50,15,0.00189466599,0.98969726
51,15,0.00191049811,0.997967321
52,15,0.00191416776,0.999884196
53,15,0.00190630897,0.995779085
54,15,0.00188790204,0.986164045
55,15,0.00185919503,0.971168657
56,15,0.00182101621,0.951225579
57,15,0.0017742578,0.926800869
58,15,0.00171981074,0.898359912
59,15,0.00165855864,0.866364282
60,15,0.00159276665,0.831997197
61,15,0.0015221279,0.795098352
62,15,0.00144724453,0.755982294
63,15,0.00136880733,0.715009857
64,15,0.00128809502,0.672848995
65,15,0.00120656408,0.630260513
66,15,0.00112334483,0.586790129
67,15,0.00103891275,0.542686209
68,15,0.000955327284,0.499024524
69,15,0.00087217947,0.455591453
70,15,0.000788996751,0.412140148
71,15,0.000707930752,0.369794533
72,15,0.000628243827,0.32816929
73,15,0.000549866394,0.287228074
74,15,0.000474754661,0.247992727
75,15,0.000401070437,0.209503054
76,15,0.000331322563,0.173069572
77,15,0.000264102329,0.137956427
78,15,0.000200209575,0.104581424
79,15,0.000140982507,0.0736435876
0,16,0.000149889683,0.0782963379
1,16,0.000210100986,0.109748299
2,16,0.00027446819,0.143371136
3,16,0.000342731538,0.179029162
4,16,0.000413150587,0.215813238
5,16,0.000487781104,0.254797217
6,16,0.000563454724,0.294326071
7,16,0.000642949827,0.335851113
8,16,0.000723227317,0.377784843
9,16,0.0008054024,0.420709799
10,16,0.000889161168,0.464462008
11,16,0.00097286226,0.50818409
12,16,0.00105749129,0.552390888
13,16,0.00114239465,0.596740987
14,16,0.00122601113,0.640418869
15,16,0.00130784729,0.683166787
16,16,0.00138924279,0.725684519
17,16,0.00146770549,0.766670279
18,16,0.00154243746,0.80570725
19,16,0.00161267043,0.842394128
20,16,0.00167822914,0.87663936
21,16,0.00173841516,0.908078116
22,16,0.0017913628,0.935735832
23,16,0.00183609854,0.959103978
24,16,0.00187162385,0.977660973
25,16,0.00189693026,0.990880022
26,16,0.00191114623,0.998305872
27,16,0.00191387242,0.999729925
28,16,0.00190356606,0.994346295
29,16,0.00187965861,0.981858006
30,16,0.00184190337,0.962136191
31,16,0.00179051496,0.935292955
32,16,0.00172637542,0.901789039
33,16,0.00165122997,0.862536082
34,16,0.00156798432,0.819051905
35,16,0.00148100175,0.773615711
36,16,0.00139626744,0.729353914
37,16,0.0013213429,0.690216351
38,16,0.00126466554,0.66061038
39,16,0.00123394747,0.644564497
40,16,0.00123394753,0.644564527
41,16,0.00126466554,0.66061038
42,16,0.0013213429,0.690216351
43,16,0.00139626744,0.729353914
44,16,0.00148100155,0.773615606
45,16,0.00156798449,0.819051991
46,16,0.00165122997,0.862536082
47,16,0.00172637542,0.901789039
48,16,0.00179051496,0.935292955
49,16,0.00184190321,0.962136107
50,16,0.00187965853,0.981857966
51,16,0.00190356606,0.994346295
52,16,0.00191387242,0.999729925
53,16,0.00191114623,0.998305872
54,16,0.00189693031,0.990880051
55,16,0.00187162397,0.977661035
56,16,0.00183609854,0.959103978
57,16,0.0017913628,0.935735832
58,16,0.00173841516,0.908078116
59,16,0.0016782291,0.876639338
60,16,0.00161267012,0.842393965
61,16,0.00154243746,0.80570725
62,16,0.00146770549,0.766670279
63,16,0.00138924279,0.725684519
64,16,0.00130784729,0.683166786
65,16,0.00122601113,0.640418869
66,16,0.00114239465,0.596740987
67,16,0.00105749129,0.552390888
68,16,0.00097286226,0.50818409
69,16,0.000889161686,0.464462279
70,16,0.000805402206,0.420709698
71,16,0.000723227317,0.377784843
72,16,0.000642949827,0.335851113
73,16,0.000563454724,0.294326071
74,16,0.000487781875,0.25479762
75,16,0.000413150365,0.215813123
76,16,0.000342731538,0.179029162
77,16,0.00027446819,0.143371136
78,16,0.000210100986,0.109748299
79,16,0.000149889684,0.0782963383
0,17,0.00015735852,0.0821977577
1,17,0.00021839712,0.114081865
2,17,0.000283162674,0.147912784
3,17,0.000352300644,0.184027678
4,17,0.000423615506,0.221279691
5,17,0.000498709536,0.26050579
6,17,0.000575236684,0.300480492
7,17,0.0006552826,0.342293257
8,17,0.000736054341,0.384485164
9,17,0.000819158511,0.427895438
10,17,0.000903403766,0.471901768
11,17,0.000987564949,0.515864183
12,17,0.00107305452,0.560520495
13,17,0.00115833782,0.605069057
14,17,0.00124227401,0.648913946
15,17,0.00132465222,0.691945009
16,17,0.00140629248,0.734590592
17,17,0.00148474822,0.775572713
18,17,0.0015592872,0.814508877
19,17,0.00162912977,0.850991825
20,17,0.00169440234,0.885087589
21,17,0.00175359141,0.916005578
22,17,0.00180513722,0.94293103
23,17,0.0018479894,0.965315285
24,17,0.00188104719,0.982583348
25,17,0.00190317481,0.994141924
26,17,0.00191365186,0.999614716
27,17,0.00191129016,0.998381054
28,17,0.00189466592,0.989697223
29,17,0.00186297832,0.973144897
30,17,0.00181571495,0.948456415
31,17,0.0017528116,0.915598236
32,17,0.00167483837,0.874868159
33,17,0.00158330036,0.827052388
34,17,0.00148100156,0.773615612
35,17,0.0013725013,0.71693944
36,17,0.00126466517,0.660610187
37,17,0.00116698449,0.60958573
38,17,0.00109123807,0.570018851
39,17,0.00104938576,0.548156886
40,17,0.00104938581,0.548156915
41,17,0.00109123807,0.570018851
42,17,0.00116698449,0.60958573
43,17,0.00126466517,0.660610187
44,17,0.00137250103,0.716939297
45,17,0.00148100182,0.773615744
46,17,0.00158330036,0.827052388
47,17,0.00167483837,0.874868159
48,17,0.0017528116,0.915598236
49,17,0.00181571476,0.948456313
50,17,0.00186297848,0.973144977
51,17,0.00189466592,0.989697223
52,17,0.00191129016,0.998381054
53,17,0.00191365186,0.999614716
54,17,0.00190317476,0.9941419
55,17,0.00188104718,0.98258334
56,17,0.0018479894,0.965315285
57,17,0.00180513722,0.94293103
58,17,0.00175359141,0.916005578
59,17,0.00169440956,0.885091362
60,17,0.00162912949,0.850991678
61,17,0.0015592872,0.814508877
62,17,0.00148474822,0.775572713
63,17,0.00140629248,0.734590592
64,17,0.00132465219,0.691944991
65,17,0.00124227401,0.648913946
66,17,0.00115833782,0.605069057
67,17,0.00107305452,0.560520495
68,17,0.000987564949,0.515864183
69,17,0.000903404582,0.471902194
70,17,0.00081915853,0.427895447
71,17,0.000736054341,0.384485164
72,17,0.0006552826,0.342293257
73,17,0.000575236684,0.300480492
74,17,0.000498709673,0.260505862
75,17,0.000423615506,0.221279691
76,17,0.000352300644,0.184027678
77,17,0.000283162674,0.147912784
78,17,0.00021839712,0.114081865
79,17,0.000157358519,0.0821977573
0,18,0.000163369936,0.0853378793
1,18,0.000225074363,0.117569789
2,18,0.00029019963,0.151588607
3,18,0.000360006745,0.188053035
4,18,0.00043203121,0.225675716
5,18,0.000507498527,0.265096805
6,18,0.000584760627,0.305455417
7,18,0.000665206781,0.34747725
8,18,0.000746373529,0.389875492
9,18,0.000830230314,0.433678902
10,18,0.000914851169,0.477881431
11,18,0.000999380095,0.52203594
12,18,0.00108555513,0.567050311
13,18,0.00117114019,0.6117565
14,18,0.0012553283,0.655732981
15,18,0.00133821307,0.69902865
16,18,0.00141994045,0.741719744
17,18,0.00149836328,0.782684672
18,18,0.00157272162,0.821526479
19,18,0.00164219992,0.857819146
20,18,0.00170718585,0.891765178
21,18,0.00176548846,0.922220115
22,18,0.001815805,0.948503451
23,18,0.00185701255,0.970028617
24,18,0.00188790211,0.986164082
25,18,0.00190724199,0.996266457
26,18,0.00191438906,0.999999794
27,18,0.00190751029,0.996406604
28,18,0.00188523007,0.984768315
29,18,0.00184650294,0.96453882
30,18,0.00179051514,0.935293046
31,18,0.00171685479,0.896815845
32,18,0.00162567861,0.849189078
33,18,0.00151803095,0.792958271
34,18,0.00139626747,0.729353933
35,18,0.00126466548,0.660610349
36,18,0.00113033251,0.590440213
37,18,0.00100438201,0.524648739
38,18,0.000902784715,0.471578401
39,18,0.000844674658,0.441224046
40,18,0.000844674726,0.441224081
41,18,0.000902784715,0.471578401
42,18,0.00100438201,0.524648739
43,18,0.00113033251,0.590440213
44,18,0.00126466505,0.660610122
45,18,0.00139626768,0.729354038
46,18,0.00151803095,0.792958271
47,18,0.00162567861,0.849189078
48,18,0.00171685479,0.896815845
49,18,0.00179051493,0.935292936
50,18,0.00184650317,0.964538942
51,18,0.00188523007,0.984768315
52,18,0.00190751029,0.996406604
53,18,0.00191438906,0.999999794
54,18,0.00190724224,0.996266585
55,18,0.00188790213,0.986164091
56,18,0.00185701255,0.970028617
57,18,0.001815805,0.948503451
58,18,0.00176548846,0.922220115
59,18,0.00170718571,0.891765107
60,18,0.00164219978,0.857819073
61,18,0.00157272162,0.821526479
62,18,0.00149836328,0.782684672
63,18,0.00141994045,0.741719744
64,18,0.00133821334,0.699028789
65,18,0.00125532812,0.655732887
66,18,0.00117114019,0.6117565
67,18,0.00108555513,0.567050311
68,18,0.000999380095,0.52203594
69,18,0.000914851409,0.477881556
70,18,0.000830230158,0.433678821
71,18,0.000746373529,0.389875492
72,18,0.000665206781,0.34747725
73,18,0.000584760627,0.305455417
74,18,0.000507498527,0.265096805
75,18,0.000432030439,0.225675314
76,18,0.000360006745,0.188053035
77,18,0.00029019963,0.151588607
78,18,0.000225074363,0.117569789
79,18,0.000163370193,0.0853380138
0,19,0.000167897974,0.0877031443
1,19,0.000230107052,0.120198663
2,19,0.000295740136,0.154482745
3,19,0.000365810133,0.191084491
4,19,0.00043837384,0.228988851
5,19,0.000514119584,0.268555379
6,19,0.000591946977,0.309209277
7,19,0.000672685211,0.351383681
8,19,0.000754140456,0.393932622
9,19,0.000838563492,0.438031819
10,19,0.000923473337,0.482385305
11,19,0.0010082719,0.52668066
12,19,0.0010949623,0.571964235
13,19,0.0011807758,0.616789753
14,19,0.00126513756,0.660856946
15,19,0.00134840647,0.704353271
16,19,0.0014301801,0.747068524
17,19,0.00150855697,0.788009446
18,19,0.00158275958,0.826769903
19,19,0.00165194571,0.862909952
20,19,0.00171666969,0.896719154
21,19,0.0017742579,0.926800918
22,19,0.00182358525,0.952567539
23,19,0.00186346536,0.973399306
24,19,0.00189261242,0.988624559
25,19,0.00190969587,0.997548265
26,19,0.00191412382,0.999861248
27,19,0.00190356624,0.994346392
28,19,0.00187664713,0.980284934
29,19,0.00183208328,0.95700657
30,19,0.00176878893,0.923944151
31,19,0.00168596108,0.880678215
32,19,0.00158330032,0.827052367
33,19,0.00146123154,0.763288547
34,19,0.00132134291,0.690216354
35,19,0.00116698459,0.609585782
36,19,0.00100438171,0.52464858
37,19,0.000844674668,0.441224051
38,19,0.000707451433,0.369544156
39,19,0.000623541497,0.325712982
40,19,0.000623541603,0.325713038
41,19,0.000707451433,0.369544156
42,19,0.000844674668,0.441224051
43,19,0.00100438171,0.52464858
44,19,0.00116698425,0.609585606
45,19,0.00132134333,0.690216576
46,19,0.00146123154,0.763288547
47,19,0.00158330032,0.827052367
48,19,0.00168596108,0.880678215
49,19,0.0017687885,0.923943926
50,19,0.00183208345,0.957006661
51,19,0.00187664713,0.980284934
52,19,0.00190356624,0.994346392
53,19,0.00191412382,0.999861248
54,19,0.00190969579,0.99754822
55,19,0.00189261248,0.98862459
56,19,0.00186346536,0.973399306
57,19,0.00182358525,0.952567539
58,19,0.0017742579,0.926800918
59,19,0.00171666963,0.896719122
60,19,0.00165194582,0.862910008
61,19,0.00158275958,0.826769903
62,19,0.00150855697,0.788009446
63,19,0.0014301801,0.747068524
64,19,0.00134840673,0.704353407
65,19,0.00126513756,0.660856946
66,19,0.0011807758,0.616789753
67,19,0.0010949623,0.571964235
68,19,0.0010082719,0.52668066
69,19,0.00092347369,0.482385489
70,19,0.000838563492,0.438031819
71,19,0.000754140456,0.393932622
72,19,0.000672685211,0.351383681
73,19,0.000591946977,0.309209277
74,19,0.000514119698,0.268555439
75,19,0.00043837384,0.228988851
76,19,0.000365810133,0.191084491
77,19,0.000295740136,0.154482745
78,19,0.000230107052,0.120198663
79,19,0.000167897974,0.087703144
0,20,0.000170925023,0.0892843527
1,20,0.000233465024,0.121952732
2,20,0.000299448456,0.156419822
3,20,0.000369688579,0.193110435
4,20,0.000442615862,0.231204713
5,20,0.000518550394,0.270869856
6,20,0.0005967475,0.311716877
7,20,0.000677686581,0.353996195
8,20,0.000759338035,0.396647629
9,20,0.000844133456,0.440941344
10,20,0.00092923753,0.485396287
11,20,0.0010143155,0.529837593
12,20,0.00110125594,0.575251781
13,20,0.0011872024,0.620146752
14,20,0.00127168283,0.664275931
15,20,0.0013551971,0.707900425
16,20,0.00143700452,0.750633327
17,20,0.00151535013,0.791557919
18,20,0.00158943915,0.830259042
19,20,0.00165855858,0.866364252
20,20,0.00172293775,0.899993336
21,20,0.00178002563,0.929813749
22,20,0.00182866018,0.955218481
23,20,0.00186761289,0.975565808
24,20,0.00189553966,0.990153627
25,20,0.00191114616,0.998305835
26,20,0.00191353483,0.999553581
27,20,0.00190036748,0.99267549
28,20,0.00187014739,0.976889728
29,20,0.00182140239,0.951427302
30,20,0.00175281209,0.915598489
31,20,0.00166326228,0.868821272
32,20,0.00155202425,0.810715003
33,20,0.00141892696,0.741190338
34,20,0.00126466534,0.660610276
35,20,0.00109123814,0.570018887
36,20,0.000902784279,0.471578173
37,20,0.000707451263,0.369544067
38,20,0.000522957776,0.273172095
39,20,0.000392929013,0.205250302
40,20,0.000392929213,0.205250406
41,20,0.000522957776,0.273172095
42,20,0.000707451263,0.369544067
43,20,0.000902784279,0.471578173
44,20,0.0010912377,0.570018653
45,20,0.0012646657,0.660610462
46,20,0.00141892696,0.741190338
47,20,0.00155202425,0.810715003
48,20,0.00166326228,0.868821272
49,20,0.00175281175,0.915598313
50,20,0.00182140243,0.951427325
51,20,0.00187014739,0.976889728
52,20,0.00190036748,0.99267549
53,20,0.00191353483,0.999553581
54,20,0.00191114605,0.998305779
55,20,0.0018955392,0.990153388
56,20,0.00186761289,0.975565808
57,20,0.00182866018,0.955218481
58,20,0.00178002563,0.929813749
59,20,0.00172293784,0.899993386
60,20,0.00165855871,0.866364321
61,20,0.00158943915,0.830259042
62,20,0.00151535013,0.791557919
63,20,0.00143700452,0.750633327
64,20,0.00135519723,0.707900491
65,20,0.00127168283,0.664275931
66,20,0.0011872024,0.620146752
67,20,0.00110125594,0.575251781
68,20,0.0010143155,0.529837593
69,20,0.000929237599,0.485396323
70,20,0.000844133318,0.440941272
71,20,0.000759338035,0.396647629
72,20,0.000677686581,0.353996195
73,20,0.0005967475,0.311716877
74,20,0.000518550474,0.270869897
75,20,0.000442615872,0.231204717
76,20,0.000369688579,0.193110435
77,20,0.000299448456,0.156419822
78,20,0.000233465024,0.121952732
79,20,0.000170925023,0.0892843526
0,21,0.000172437249,0.0900742789
1,21,0.00023515211,0.122833998
2,21,0.000301301232,0.157387637
3,21,0.00037162671,0.194122837
4,21,0.00044473991,0.23231423
5,21,0.000520771919,0.272030291
6,21,0.000599149929,0.312971809
7,21,0.000680188712,0.355303208
8,21,0.00076193949,0.398006524
9,21,0.000846920611,0.442397241
10,21,0.000932124858,0.486904511
11,21,0.00101737754,0.531437079
12,21,0.00110439675,0.576892415
13,21,0.00119042513,0.621830176
14,21,0.0012749638,0.665989778
15,21,0.00135859945,0.709677672
16,21,0.00144041833,0.752416562
17,21,0.00151874019,0.793328749
18,21,0.00159276715,0.831997454
19,21,0.00166185445,0.86808588
20,21,0.00172605274,0.901620484
21,21,0.00178288661,0.931308209
22,21,0.00183116691,0.956527895
23,21,0.00186963617,0.976622686
24,21,0.00189693033,0.990880058
25,21,0.00191178245,0.998638208
26,21,0.00191311284,0.999333149
27,21,0.00189859473,0.991749472
28,21,0.00186664917,0.9750624
29,21,0.00181571502,0.948456451
30,21,0.00174433789,0.911171912
31,21,0.00165122937,0.862535768
32,21,0.00153538775,0.802024764
33,21,0.00139626771,0.729354056
34,21,0.00123394735,0.644564434
35,21,0.00104938594,0.548156982
36,21,0.000844674304,0.441223861
37,21,0.000623541497,0.325712982
38,21,0.000392929279,0.205250441
39,21,0.000177151438,0.0925367812
40,21,0.000177151867,0.0925370057
41,21,0.000392929279,0.205250441
42,21,0.000623541497,0.325712982
43,21,0.000844674304,0.441223861
44,21,0.00104938552,0.548156764
45,21,0.00123394782,0.64456468
46,21,0.00139626771,0.729354056
47,21,0.00153538775,0.802024764
48,21,0.00165122937,0.862535768
49,21,0.00174433766,0.911171791
50,21,0.00181571537,0.948456633
51,21,0.00186664917,0.9750624
52,21,0.00189859473,0.991749472
53,21,0.00191311284,0.999333149
54,21,0.00191178247,0.998638219
55,21,0.00189693031,0.99088005
56,21,0.00186963617,0.976622686
57,21,0.00183116691,0.956527895
58,21,0.00178288661,0.931308209
59,21,0.00172605275,0.901620489
60,21,0.00166185428,0.86808579
61,21,0.00159276715,0.831997454
62,21,0.00151874019,0.793328749
63,21,0.00144041833,0.752416562
64,21,0.00135859976,0.709677833
65,21,0.00127496301,0.665989363
66,21,0.00119042513,0.621830176
67,21,0.00110439675,0.576892415
68,21,0.00101737754,0.531437079
69,21,0.000932125129,0.486904652
70,21,0.000846920616,0.442397244
71,21,0.00076193949,0.398006524
72,21,0.000680188712,0.355303208
73,21,0.000599149929,0.312971809
74,21,0.00052077218,0.272030427
75,21,0.000444739634,0.232314085
76,21,0.00037162671,0.194122837
77,21,0.000301301232,0.157387637
78,21,0.00023515211,0.122833998
79,21,0.000172437249,0.0900742788
0,22,0.000172437249,0.0900742789
1,22,0.00023515211,0.122833998
2,22,0.000301301232,0.157387637
3,22,0.00037162671,0.194122837
4,22,0.00044473991,0.23231423
5,22,0.000520771919,0.272030291
6,22,0.000599149929,0.312971809
7,22,0.000680188712,0.355303208
8,22,0.00076193949,0.398006524
9,22,0.000846920611,0.442397241
10,22,0.000932124858,0.486904511
11,22,0.00101737754,0.531437079
12,22,0.00110439675,0.576892415
13,22,0.00119042513,0.621830176
14,22,0.0012749638,0.665989778
15,22,0.00135859945,0.709677672
16,22,0.00144041833,0.752416562
17,22,0.00151874019,0.793328749
18,22,0.00159276715,0.831997454
19,22,0.00166185445,0.86808588
20,22,0.00172605274,0.901620484
21,22,0.00178288661,0.931308209
22,22,0.00183116691,0.956527895
23,22,0.00186963617,0.976622686
24,22,0.00189693033,0.990880058
25,22,0.00191178245,0.998638208
26,22,0.00191311284,0.999333149
27,22,0.00189859473,0.991749472
28,22,0.00186664917,0.9750624
29,22,0.00181571502,0.948456451
30,22,0.00174433789,0.911171912
31,22,0.00165122937,0.862535768
32,22,0.00153538775,0.802024764
33,22,0.00139626771,0.729354056
34,22,0.00123394735,0.644564434
35,22,0.00104938594,0.548156982
36,22,0.000844674304,0.441223861
37,22,0.000623541497,0.325712982
38,22,0.000392929279,0.205250441
39,22,0.000177151438,0.0925367812
40,22,0.000177151867,0.0925370057
41,22,0.000392929279,0.205250441
42,22,0.000623541497,0.325712982
43,22,0.000844674304,0.441223861
44,22,0.00104938552,0.548156764
45,22,0.00123394782,0.64456468
46,22,0.00139626771,0.729354056
47,22,0.00153538775,0.802024764
48,22,0.00165122937,0.862535768
49,22,0.00174433766,0.911171791
50,22,0.00181571537,0.948456633
51,22,0.00186664917,0.9750624
52,22,0.00189859473,0.991749472
53,22,0.00191311284,0.999333149
54,22,0.00191178247,0.998638219
55,22,0.00189693031,0.99088005
56,22,0.00186963617,0.976622686
57,22,0.00183116691,0.956527895
58,22,0.00178288661,0.931308209
59,22,0.00172605275,0.901620489
60,22,0.00166185428,0.86808579
61,22,0.00159276715,0.831997454
62,22,0.00151874019,0.793328749
63,22,0.00144041833,0.752416562
64,22,0.00135859976,0.709677833
65,22,0.00127496301,0.665989363
66,22,0.00119042513,0.621830176
67,22,0.00110439675,0.576892415
68,22,0.00101737754,0.531437079
69,22,0.000932125129,0.486904652
70,22,0.000846920616,0.442397244
71,22,0.00076193949,0.398006524
72,22,0.000680188712,0.355303208
73,22,0.000599149929,0.312971809
74,22,0.00052077218,0.272030427
75,22,0.000444739634,0.232314085
76,22,0.00037162671,0.194122837
77,22,0.000301301232,0.157387637
78,22,0.00023515211,0.122833998
79,22,0.000172437249,0.0900742788
0,23,0.000170925023,0.0892843527
1,23,0.000233465026,0.121952733
2,23,0.000299448456,0.156419822
3,23,0.000369688554,0.193110422
4,23,0.000442615862,0.231204713
5,23,0.000518550394,0.270869856
6,23,0.0005967475,0.311716877
7,23,0.000677686552,0.35399618
8,23,0.000759338035,0.396647629
9,23,0.000844133456,0.440941344
10,23,0.00092923753,0.485396287
11,23,0.00101431547,0.52983758
12,23,0.00110125594,0.575251781
13,23,0.0011872024,0.620146752
14,23,0.00127168283,0.664275931
15,23,0.0013551971,0.707900421
16,23,0.00143700403,0.750633072
17,23,0.00151535013,0.791557922
18,23,0.00158943915,0.830259044
19,23,0.0016585586,0.86636426
20,23,0.00172293778,0.899993351
21,23,0.00178002565,0.929813757
22,23,0.00182866014,0.95521846
23,23,0.0018676129,0.975565812
24,23,0.00189553963,0.990153615
25,23,0.00191114615,0.998305833
26,23,0.00191353489,0.999553615
27,23,0.0019003675,0.992675498
28,23,0.00187014713,0.976889596
29,23,0.00182140239,0.951427302
30,23,0.00175281214,0.915598515
31,23,0.0016632623,0.868821285
32,23,0.00155202431,0.810715035
33,23,0.00141892698,0.741190348
34,23,0.00126466539,0.660610302
35,23,0.00109123821,0.570018922
36,23,0.000902784403,0.471578238
37,23,0.000707451442,0.369544161
38,23,0.000522957987,0.273172205
39,23,0.000392929305,0.205250455
40,23,0.000392929494,0.205250553
41,23,0.000522957987,0.273172205
42,23,0.000707451442,0.369544161
43,23,0.000902784403,0.471578238
44,23,0.00109123781,0.570018714
45,23,0.00126466568,0.660610453
46,23,0.00141892698,0.741190348
47,23,0.00155202431,0.810715035
48,23,0.0016632623,0.868821285
49,23,0.00175281178,0.91559833
50,23,0.00182140246,0.951427338
51,23,0.00187014713,0.976889596
52,23,0.0019003675,0.992675498
53,23,0.00191353489,0.999553615
54,23,0.00191114605,0.998305776
55,23,0.00189553924,0.990153407
56,23,0.0018676129,0.975565812
57,23,0.00182866014,0.95521846
58,23,0.00178002565,0.929813757
59,23,0.00172293786,0.899993393
60,23,0.00165855872,0.866364325
61,23,0.00158943915,0.830259044
62,23,0.00151535013,0.791557922
63,23,0.00143700403,0.750633072
64,23,0.00135519723,0.707900491
65,23,0.00127168283,0.664275931
66,23,0.0011872024,0.620146752
67,23,0.00110125594,0.575251781
68,23,0.00101431547,0.52983758
69,23,0.000929237592,0.485396319
70,23,0.000844133318,0.440941272
71,23,0.000759338035,0.396647629
72,23,0.000677686552,0.35399618
73,23,0.0005967475,0.311716877
74,23,0.000518550474,0.270869897
75,23,0.000442615872,0.231204717
76,23,0.000369688554,0.193110422
77,23,0.000299448456,0.156419822
78,23,0.000233465026,0.121952733
79,23,0.000170925023,0.0892843526
0,24,0.000167897974,0.0877031443
1,24,0.000230107052,0.120198663
2,24,0.000295740136,0.154482745
3,24,0.000365810133,0.191084491
4,24,0.00043837384,0.228988851
5,24,0.000514119584,0.268555379
6,24,0.000591946977,0.309209277
7,24,0.000672685211,0.351383681
8,24,0.000754140456,0.393932622
9,24,0.000838563492,0.438031819
10,24,0.000923473337,0.482385305
11,24,0.0010082719,0.52668066
12,24,0.0010949623,0.571964235
13,24,0.0011807758,0.616789753
14,24,0.00126513756,0.660856946
15,24,0.00134840647,0.704353271
16,24,0.0014301801,0.747068524
17,24,0.00150855697,0.788009446
18,24,0.00158275958,0.826769903
19,24,0.00165194571,0.862909952
20,24,0.00171666969,0.896719154
21,24,0.0017742579,0.926800918
22,24,0.00182358525,0.952567539
23,24,0.00186346536,0.973399306
24,24,0.00189261242,0.988624559
25,24,0.00190969587,0.997548265
26,24,0.00191412382,0.999861248
27,24,0.00190356624,0.994346392
28,24,0.00187664713,0.980284934
29,24,0.00183208328,0.95700657
30,24,0.00176878893,0.923944151
31,24,0.00168596108,0.880678215
32,24,0.00158330032,0.827052367
33,24,0.00146123154,0.763288547
34,24,0.00132134291,0.690216354
35,24,0.00116698459,0.609585782
36,24,0.00100438171,0.52464858
37,24,0.000844674668,0.441224051
38,24,0.000707451433,0.369544156
39,24,0.000623541497,0.325712982
40,24,0.000623541603,0.325713038
41,24,0.000707451433,0.369544156
42,24,0.000844674668,0.441224051
43,24,0.00100438171,0.52464858
44,24,0.00116698425,0.609585606
45,24,0.00132134333,0.690216576
46,24,0.00146123154,0.763288547
47,24,0.00158330032,0.827052367
48,24,0.00168596108,0.880678215
49,24,0.0017687885,0.923943926
50,24,0.00183208345,0.957006661
51,24,0.00187664713,0.980284934
52,24,0.00190356624,0.994346392
53,24,0.00191412382,0.999861248
54,24,0.00190969579,0.99754822
55,24,0.00189261248,0.98862459
56,24,0.00186346536,0.973399306
57,24,0.00182358525,0.952567539
58,24,0.0017742579,0.926800918
59,24,0.00171666963,0.896719122
60,24,0.00165194582,0.862910008
61,24,0.00158275958,0.826769903
62,24,0.00150855697,0.788009446
63,24,0.0014301801,0.747068524
64,24,0.00134840673,0.704353407
65,24,0.00126513756,0.660856946
66,24,0.0011807758,0.616789753
67,24,0.0010949623,0.571964235
68,24,0.0010082719,0.52668066
69,24,0.00092347369,0.482385489
70,24,0.000838563492,0.438031819
71,24,0.000754140456,0.393932622
72,24,0.000672685211,0.351383681
73,24,0.000591946977,0.309209277
74,24,0.000514119698,0.268555439
75,24,0.00043837384,0.228988851
76,24,0.000365810133,0.191084491
77,24,0.000295740136,0.154482745
78,24,0.000230107052,0.120198663
79,24,0.000167897974,0.087703144
0,25,0.000163369936,0.0853378793
1,25,0.000225074361,0.117569788
2,25,0.00029019963,0.151588607
3,25,0.000360006774,0.18805305
4,25,0.00043203121,0.225675716
5,25,0.000507498525,0.265096804
6,25,0.000584760658,0.305455433
7,25,0.00066520684,0.347477281
8,25,0.000746373525,0.38987549
9,25,0.00083023035,0.433678921
10,25,0.000914851199,0.477881446
11,25,0.000999380095,0.52203594
12,25,0.00108555515,0.56705032
13,25,0.00117114025,0.611756532
14,25,0.00125532829,0.655732975
15,25,0.00133821308,0.699028654
16,25,0.00141994048,0.741719757
17,25,0.00149836335,0.782684711
18,25,0.0015727216,0.821526468
19,25,0.00164219992,0.857819146
20,25,0.00170718583,0.891765168
21,25,0.00176548841,0.92222009
22,25,0.00181580498,0.948503443
23,25,0.00185701287,0.970028786
24,25,0.00188790209,0.986164072
25,25,0.00190724198,0.99626645
26,25,0.00191438945,1
27,25,0.00190751026,0.996406589
28,25,0.00188523001,0.984768281
29,25,0.00184650291,0.964538806
30,25,0.00179051505,0.935292998
31,25,0.00171685465,0.896815771
32,25,0.00162567851,0.849189026
33,25,0.00151803089,0.792958242
34,25,0.00139626737,0.729353878
35,25,0.0012646653,0.660610257
36,25,0.00113033232,0.590440114
37,25,0.00100438171,0.52464858
38,25,0.000902784401,0.471578237
39,25,0.000844674304,0.441223861
40,25,0.000844674383,0.441223902
41,25,0.000902784401,0.471578237
42,25,0.00100438171,0.52464858
43,25,0.00113033232,0.590440114
44,25,0.00126466495,0.660610072
45,25,0.00139626759,0.729353993
46,25,0.00151803089,0.792958242
47,25,0.00162567851,0.849189026
48,25,0.00171685465,0.896815771
49,25,0.00179051535,0.935293156
50,25,0.00184650313,0.964538921
51,25,0.00188523001,0.984768281
52,25,0.00190751026,0.996406589
53,25,0.00191438945,1
54,25,0.0019072422,0.996266563
55,25,0.00188790208,0.986164063
56,25,0.00185701287,0.970028786
57,25,0.00181580498,0.948503443
58,25,0.00176548841,0.92222009
59,25,0.00170718575,0.891765126
60,25,0.00164219978,0.857819073
61,25,0.0015727216,0.821526468
62,25,0.00149836335,0.782684711
63,25,0.00141994048,0.741719757
64,25,0.00133821333,0.699028785
65,25,0.00125532813,0.65573289
66,25,0.00117114025,0.611756532
67,25,0.00108555515,0.56705032
68,25,0.000999380095,0.52203594
69,25,0.000914851318,0.477881509
70,25,0.000830230238,0.433678862
71,25,0.000746373525,0.38987549
72,25,0.00066520684,0.347477281
73,25,0.000584760658,0.305455433
74,25,0.000507498636,0.265096862
75,25,0.00043203049,0.22567534
76,25,0.000360006774,0.18805305
77,25,0.00029019963,0.151588607
78,25,0.000225074361,0.117569788
79,25,0.000163370224,0.0853380299
0,26,0.00015735852,0.0821977577
1,26,0.000218397118,0.114081865
2,26,0.000283162645,0.147912769
3,26,0.000352300648,0.18402768
4,26,0.000423615506,0.221279691
5,26,0.000498709536,0.26050579
6,26,0.000575236687,0.300480494
7,26,0.000655282609,0.342293262
8,26,0.000736054338,0.384485162
9,26,0.000819158511,0.427895438
10,26,0.000903403766,0.471901768
11,26,0.000987564949,0.515864183
12,26,0.00107305452,0.560520495
13,26,0.00115833778,0.605069036
14,26,0.00124227403,0.648913958
15,26,0.00132465204,0.691944912
16,26,0.00140629248,0.734590592
17,26,0.00148474768,0.775572433
18,26,0.00155928725,0.814508901
19,26,0.00162912974,0.85099181
20,26,0.00169440235,0.885087593
21,26,0.00175359141,0.916005578
22,26,0.00180513715,0.942930997
23,26,0.00184798941,0.965315294
24,26,0.00188104721,0.982583357
25,26,0.00190317485,0.994141944
26,26,0.00191365184,0.999614702
27,26,0.00191129011,0.998381032
28,26,0.00189466596,0.989697243
29,26,0.00186297833,0.973144903
30,26,0.00181571484,0.948456354
31,26,0.00175281192,0.915598399
32,26,0.00167483839,0.874868169
33,26,0.00158330052,0.827052468
34,26,0.0014810017,0.773615685
35,26,0.00137250157,0.71693958
36,26,0.00126466544,0.660610328
37,26,0.00116698466,0.60958582
38,26,0.00109123823,0.570018933
39,26,0.001049386,0.548157011
40,26,0.00104938606,0.548157045
41,26,0.00109123823,0.570018933
42,26,0.00116698466,0.60958582
43,26,0.00126466544,0.660610328
44,26,0.0013725012,0.716939389
45,26,0.00148100196,0.77361582
46,26,0.00158330052,0.827052468
47,26,0.00167483839,0.874868169
48,26,0.00175281192,0.915598399
49,26,0.00181571477,0.948456319
50,26,0.00186297854,0.973145008
51,26,0.00189466596,0.989697243
52,26,0.00191129011,0.998381032
53,26,0.00191365184,0.999614702
54,26,0.0019031748,0.994141921
55,26,0.00188104723,0.982583366
56,26,0.00184798941,0.965315294
57,26,0.00180513715,0.942930997
58,26,0.00175359141,0.916005578
59,26,0.00169440953,0.885091345
60,26,0.00162912949,0.850991678
61,26,0.00155928725,0.814508901
62,26,0.00148474768,0.775572433
63,26,0.00140629248,0.734590592
64,26,0.0013246522,0.691944996
65,26,0.00124227403,0.648913958
66,26,0.00115833778,0.605069036
67,26,0.00107305452,0.560520495
68,26,0.000987564949,0.515864183
69,26,0.000903404587,0.471902197
70,26,0.000819158537,0.427895451
71,26,0.000736054338,0.384485162
72,26,0.000655282609,0.342293262
73,26,0.000575236687,0.300480494
74,26,0.000498709673,0.260505862
75,26,0.000423615506,0.221279691
76,26,0.000352300648,0.18402768
77,26,0.000283162645,0.147912769
78,26,0.000218397118,0.114081865
79,26,0.000157358519,0.0821977573
0,27,0.000149889683,0.0782963379
1,27,0.000210100986,0.109748299
2,27,0.00027446819,0.143371136
3,27,0.000342731538,0.179029162
4,27,0.000413150587,0.215813238
5,27,0.000487781104,0.254797217
6,27,0.000563454724,0.294326071
7,27,0.000642949827,0.335851113
8,27,0.000723227317,0.377784843
9,27,0.0008054024,0.420709799
10,27,0.000889161168,0.464462008
11,27,0.00097286226,0.50818409
12,27,0.00105749129,0.552390888
13,27,0.00114239465,0.596740987
14,27,0.00122601113,0.640418869
15,27,0.00130784729,0.683166787
16,27,0.00138924279,0.725684519
17,27,0.00146770549,0.766670279
18,27,0.00154243746,0.80570725
19,27,0.00161267043,0.842394128
20,27,0.00167822914,0.87663936
21,27,0.00173841516,0.908078116
22,27,0.0017913628,0.935735832
23,27,0.00183609854,0.959103978
24,27,0.00187162385,0.977660973
25,27,0.00189693026,0.990880022
26,27,0.00191114623,0.998305872
27,27,0.00191387242,0.999729925
28,27,0.00190356606,0.994346295
29,27,0.00187965861,0.981858006
30,27,0.00184190337,0.962136191
31,27,0.00179051496,0.935292955
32,27,0.00172637542,0.901789039
33,27,0.00165122997,0.862536082
34,27,0.00156798432,0.819051905
35,27,0.00148100175,0.773615711
36,27,0.00139626744,0.729353914
37,27,0.0013213429,0.690216351
38,27,0.00126466554,0.66061038
39,27,0.00123394747,0.644564497
40,27,0.00123394753,0.644564527
41,27,0.00126466554,0.66061038
42,27,0.0013213429,0.690216351
43,27,0.00139626744,0.729353914
44,27,0.00148100155,0.773615606
45,27,0.00156798449,0.819051991
46,27,0.00165122997,0.862536082
47,27,0.00172637542,0.901789039
48,27,0.00179051496,0.935292955
49,27,0.00184190321,0.962136107
50,27,0.00187965853,0.981857966
51,27,0.00190356606,0.994346295
52,27,0.00191387242,0.999729925
53,27,0.00191114623,0.998305872
54,27,0.00189693031,0.990880051
55,27,0.00187162397,0.977661035
56,27,0.00183609854,0.959103978
57,27,0.0017913628,0.935735832
58,27,0.00173841516,0.908078116
59,27,0.0016782291,0.876639338
60,27,0.00161267012,0.842393965
61,27,0.00154243746,0.80570725
62,27,0.00146770549,0.766670279
63,27,0.00138924279,0.725684519
64,27,0.00130784729,0.683166786
65,27,0.00122601113,0.640418869
66,27,0.00114239465,0.596740987
67,27,0.00105749129,0.552390888
68,27,0.00097286226,0.50818409
69,27,0.000889161686,0.464462279
70,27,0.000805402206,0.420709698
71,27,0.000723227317,0.377784843
72,27,0.000642949827,0.335851113
73,27,0.000563454724,0.294326071
74,27,0.000487781875,0.25479762
75,27,0.000413150365,0.215813123
76,27,0.000342731538,0.179029162
77,27,0.00027446819,0.143371136
78,27,0.000210100986,0.109748299
79,27,0.000149889684,0.0782963383
0,28,0.000140982475,0.073643571
1,28,0.00020020949,0.10458138
2,28,0.000264102416,0.137956473
3,28,0.000331322625,0.173069605
4,28,0.000401070515,0.209503095
5,28,0.000474754506,0.247992647
6,28,0.000549866381,0.287228067
7,28,0.000628243862,0.328169309
8,28,0.000707930785,0.36979455
9,28,0.000788996748,0.412140146
10,28,0.000872179238,0.455591331
11,28,0.000955327282,0.499024523
12,28,0.00103891277,0.542686219
13,28,0.00112334486,0.586790142
14,28,0.00120656412,0.630260538
15,28,0.00128809522,0.672849102
16,28,0.00136880737,0.715009878
17,28,0.00144724447,0.755982264
18,28,0.00152212816,0.795098492
19,28,0.00159276691,0.831997328
20,28,0.00165855852,0.866364218
21,28,0.00171981079,0.898359937
22,28,0.00177425779,0.926800863
23,28,0.00182101614,0.951225544
24,28,0.00185919542,0.971168858
25,28,0.00188790216,0.986164104
26,28,0.00190630897,0.995779081
27,28,0.00191416813,0.999884391
28,28,0.00191049785,0.997967188
29,28,0.0018946658,0.989697161
30,28,0.00186664943,0.975062536
31,28,0.00182685569,0.954275885
32,28,0.00177631981,0.927877975
33,28,0.00171685506,0.896815984
34,28,0.00165122958,0.862535874
35,28,0.00158330017,0.827052287
36,28,0.00151803058,0.792958081
37,28,0.00146123117,0.763288354
38,28,0.00141892675,0.741190224
39,28,0.00139626753,0.729353964
40,28,0.00139626756,0.729353976
41,28,0.00141892675,0.741190224
42,28,0.00146123117,0.763288354
43,28,0.00151803058,0.792958081
44,28,0.00158329992,0.827052154
45,28,0.00165122976,0.862535972
46,28,0.00171685506,0.896815984
47,28,0.00177631981,0.927877975
48,28,0.00182685569,0.954275885
49,28,0.00186664926,0.975062446
50,28,0.00189466585,0.989697187
51,28,0.00191049785,0.997967188
52,28,0.00191416813,0.999884391
53,28,0.00190630897,0.995779081
54,28,0.00188790205,0.986164051
55,28,0.00185919505,0.971168669
56,28,0.00182101614,0.951225544
57,28,0.00177425779,0.926800863
58,28,0.00171981079,0.898359937
59,28,0.00165855854,0.866364231
60,28,0.00159276665,0.831997195
61,28,0.00152212816,0.795098492
62,28,0.00144724447,0.755982264
63,28,0.00136880737,0.715009878
64,28,0.00128809507,0.672849023
65,28,0.00120656417,0.630260564
66,28,0.00112334486,0.586790142
67,28,0.00103891277,0.542686219
68,28,0.000955327282,0.499024523
69,28,0.000872179457,0.455591446
70,28,0.000788996749,0.412140147
71,28,0.000707930785,0.36979455
72,28,0.000628243862,0.328169309
73,28,0.000549866381,0.287228067
74,28,0.000474754661,0.247992727
75,28,0.000401070495,0.209503085
76,28,0.000331322625,0.173069605
77,28,0.000264102416,0.137956473
78,28,0.00020020949,0.10458138
79,28,0.000140982592,0.0736436318
0,29,0.000130676501,0.068260145
1,29,0.000189235063,0.0988487806
2,29,0.00025210595,0.131690002
3,29,0.000318115751,0.166170865
4,29,0.00038726199,0.202290078
5,29,0.00045968222,0.240119491
6,29,0.000534138598,0.279012506
7,29,0.000611222867,0.319278226
8,29,0.000690235062,0.360551017
9,29,0.000770001347,0.402217713
10,29,0.000852510732,0.445317295
11,29,0.000935015327,0.488414375
12,29,0.00101737761,0.531437116
13,29,0.00110125613,0.575251882
14,29,0.00118398874,0.618468065
15,29,0.00126513802,0.660857185
16,29,0.00134500832,0.702578215
17,29,0.00142335492,0.743503325
18,29,0.00149836323,0.782684645
19,29,0.00156936807,0.81977472
20,29,0.00163567713,0.854411904
21,29,0.00169761319,0.886764808
22,29,0.00175359162,0.916005683
23,29,0.00180241853,0.9415109
24,29,0.00184331037,0.962871147
25,29,0.00187550142,0.979686461
26,29,0.0018982785,0.99158429
27,29,0.0019111462,0.998305855
28,29,0.00191412393,0.999861304
29,29,0.00190630369,0.995776324
30,29,0.00188779866,0.98611004
31,29,0.00185913455,0.971137064
32,29,0.00182140217,0.951427187
33,29,0.00177631991,0.927878027
34,29,0.00172637549,0.901789077
35,29,0.00167483837,0.87486816
36,29,0.00162567869,0.849189118
37,29,0.00158330035,0.827052378
38,29,0.0015520243,0.810715029
39,29,0.00153538778,0.802024782
40,29,0.00153538779,0.802024785
41,29,0.0015520243,0.810715029
42,29,0.00158330035,0.827052378
43,29,0.00162567869,0.849189118
44,29,0.00167483833,0.874868136
45,29,0.00172637565,0.901789156
46,29,0.00177631991,0.927878027
47,29,0.00182140217,0.951427187
48,29,0.00185913455,0.971137064
49,29,0.00188779865,0.986110035
50,29,0.00190630378,0.995776372
51,29,0.00191412393,0.999861304
52,29,0.0019111462,0.998305855
53,29,0.0018982785,0.99158429
54,29,0.00187550162,0.979686565
55,29,0.00184331051,0.962871225
56,29,0.00180241853,0.9415109
57,29,0.00175359162,0.916005683
58,29,0.00169761319,0.886764808
59,29,0.00163567706,0.854411865
60,29,0.00156936801,0.819774688
61,29,0.00149836323,0.782684645
62,29,0.00142335492,0.743503325
63,29,0.00134500832,0.702578215
64,29,0.00126513826,0.660857307
65,29,0.00118398876,0.618468077
66,29,0.00110125613,0.575251882
67,29,0.00101737761,0.531437116
68,29,0.000935015327,0.488414375
69,29,0.000852510724,0.445317292
70,29,0.000770001199,0.402217636
71,29,0.000690235062,0.360551017
72,29,0.000611222867,0.319278226
73,29,0.000534138598,0.279012506
74,29,0.00045968222,0.240119491
75,29,0.000387261991,0.202290078
76,29,0.000318115751,0.166170865
77,29,0.00025210595,0.131690002
78,29,0.000189235063,0.0988487806
79,29,0.00013067653,0.0682601598
0,30,0.000119582971,0.062465331
1,30,0.000177000371,0.0924578701
2,30,0.000238525965,0.124596364
3,30,0.000303163528,0.158360426
4,30,0.000371626746,0.194122855
5,30,0.000442615863,0.231204713
6,30,0.000516337977,0.269714178
7,30,0.000591946815,0.309209192
8,30,0.000670188819,0.350079666
9,30,0.000748958208,0.391225624
10,30,0.000830230363,0.433678927
11,30,0.000911988812,0.476386251
12,30,0.000993465084,0.518946176
13,30,0.00107617514,0.56215058
14,30,0.00115833787,0.605069085
15,30,0.0012390187,0.647213503
16,30,0.00131788064,0.688407807
17,30,0.00139606273,0.729246984
18,30,0.0014711209,0.768454348
19,30,0.00154243753,0.805707289
20,30,0.00160936698,0.840668538
21,30,0.00167170155,0.873229609
22,30,0.00172916157,0.903244412
23,30,0.00178002575,0.929813811
24,30,0.00182358524,0.952567538
25,30,0.00185919504,0.971168661
26,30,0.00188624679,0.985299406
27,30,0.00190427403,0.994716112
28,30,0.0019132885,0.999424909
29,30,0.00191311283,0.999333146
30,30,0.00190356607,0.994346304
31,30,0.00188522972,0.984768133
32,30,0.00185913448,0.97113703
33,30,0.00182685579,0.95427594
34,30,0.00179051499,0.935292969
35,30,0.00175281198,0.915598434
36,30,0.00171685482,0.896815862
37,30,0.00168596114,0.880678245
38,30,0.00166326233,0.868821299
39,30,0.00165122938,0.862535773
40,30,0.00165122943,0.862535796
41,30,0.00166326233,0.868821299
42,30,0.00168596114,0.880678245
43,30,0.00171685482,0.896815862
44,30,0.00175281187,0.915598376
45,30,0.0017905151,0.935293028
46,30,0.00182685579,0.95427594
47,30,0.00185913448,0.97113703
48,30,0.00188522972,0.984768133
49,30,0.00190356654,0.994346547
50,30,0.00191311287,0.999333168
51,30,0.0019132885,0.999424909
52,30,0.00190427403,0.994716112
53,30,0.00188624679,0.985299406
54,30,0.00185919556,0.971168935
55,30,0.0018235853,0.952567566
56,30,0.00178002575,0.929813811
57,30,0.00172916157,0.903244412
58,30,0.00167170155,0.873229609
59,30,0.00160936707,0.840668583
60,30,0.00154243646,0.805706729
61,30,0.0014711209,0.768454348
62,30,0.00139606273,0.729246984
63,30,0.00131788064,0.688407807
64,30,0.00123901897,0.647213644
65,30,0.00115833757,0.605068928
66,30,0.00107617514,0.56215058
67,30,0.000993465084,0.518946176
68,30,0.000911988812,0.476386251
69,30,0.000830230392,0.433678943
70,30,0.000748958139,0.391225589
71,30,0.000670188819,0.350079666
72,30,0.000591946815,0.309209192
73,30,0.000516337977,0.269714178
74,30,0.000442615927,0.231204746
75,30,0.000371626687,0.194122824
76,30,0.000303163528,0.158360426
77,30,0.000238525965,0.124596364
78,30,0.000177000371,0.0924578701
79,30,0.00011958297,0.0624653305
0,31,0.000107404171,0.0561036161
1,31,0.000163370049,0.0853379385
2,31,0.000223407703,0.116699192
3,31,0.000286655007,0.149737039
4,31,0.000354225364,0.185033074
5,31,0.000423615521,0.221279699
6,31,0.000496520507,0.25936233
7,31,0.00057048574,0.29799879
8,31,0.000647874424,0.338423524
9,31,0.000725787829,0.379122351
10,31,0.000805401849,0.420709511
11,31,0.000886322871,0.462979396
12,31,0.000967006707,0.505125385
13,31,0.00104818759,0.547531009
14,31,0.00112968295,0.590100909
15,31,0.00120979824,0.631949912
16,31,0.00128809521,0.672849096
17,31,0.00136540188,0.713230987
18,31,0.00144041787,0.752416322
19,31,0.00151195508,0.789784481
20,31,0.00157941477,0.82502271
21,31,0.00164219979,0.857819075
22,31,0.00170081313,0.888436329
23,31,0.0017535915,0.916005621
24,31,0.00179968635,0.940083717
25,31,0.00183853118,0.960374693
26,31,0.0018696361,0.97662265
27,31,0.00189261244,0.988624566
28,31,0.00190724187,0.996266391
29,31,0.00191394802,0.999769414
30,31,0.00191259822,0.999064335
31,31,0.00190356651,0.994346532
32,31,0.00188779855,0.986109983
33,31,0.00186664945,0.975062545
34,31,0.0018419032,0.962136102
35,31,0.00181571475,0.948456308
36,31,0.00179051483,0.935292884
37,31,0.00176878865,0.923944004
38,31,0.00175281189,0.915598386
39,31,0.00174433774,0.91117183
40,31,0.00174433775,0.911171835
41,31,0.00175281189,0.915598386
42,31,0.00176878865,0.923944004
43,31,0.00179051483,0.935292884
44,31,0.00181571477,0.948456319
45,31,0.00184190329,0.96213615
46,31,0.00186664945,0.975062545
47,31,0.00188779855,0.986109983
48,31,0.00190356651,0.994346532
49,31,0.00191259864,0.999064553
50,31,0.00191394812,0.999769467
51,31,0.00190724187,0.996266391
52,31,0.00189261244,0.988624566
53,31,0.0018696361,0.97662265
54,31,0.00183853116,0.960374683
55,31,0.00179968628,0.94008368
56,31,0.0017535915,0.916005621
57,31,0.00170081313,0.888436329
58,31,0.00164219979,0.857819075
59,31,0.00157941496,0.82502281
60,31,0.00151195475,0.78978431
61,31,0.00144041787,0.752416322
62,31,0.00136540188,0.713230987
63,31,0.00128809521,0.672849096
64,31,0.00120979856,0.631950075
65,31,0.00112968282,0.590100837
66,31,0.00104818759,0.547531009
67,31,0.000967006707,0.505125385
68,31,0.000886322871,0.462979396
69,31,0.000805401903,0.420709539
70,31,0.000725787333,0.379122092
71,31,0.000647874424,0.338423524
72,31,0.00057048574,0.29799879
73,31,0.000496520507,0.25936233
74,31,0.000423615521,0.221279699
75,31,0.000354224514,0.18503263
76,31,0.000286655007,0.149737039
77,31,0.000223407703,0.116699192
78,31,0.000163370049,0.0853379385
79,31,0.000107410769,0.0561070627
0,32,9.40359644E-05,0.0491206031
1,32,0.000148402029,0.0775192474
2,32,0.000206793681,0.108020696
3,32,0.00026927209,0.140656902
4,32,0.000335117746,0.175052023
5,32,0.000403055682,0.210540066
6,32,0.000474754572,0.247992681
7,32,0.000547606402,0.286047545
8,32,0.000623364796,0.325620681
9,32,0.000700326533,0.365822395
10,32,0.000778124092,0.406460709
11,32,0.000858114131,0.448244286
12,32,0.000937907743,0.489925257
13,32,0.00101737744,0.53143703
14,32,0.00109810855,0.573607712
15,32,0.00117756334,0.615111696
16,32,0.00125532823,0.655732944
17,32,0.00133142968,0.695485278
18,32,0.00140629261,0.734590659
19,32,0.00147793273,0.772012574
20,32,0.00154580911,0.807468463
21,32,0.00160936729,0.840668699
22,32,0.00166842667,0.871518945
23,32,0.00172293762,0.899993271
24,32,0.00177134271,0.925278139
25,32,0.00181317023,0.947127152
26,32,0.00184798931,0.965315238
27,32,0.00187550111,0.979686297
28,32,0.00189553975,0.990153678
29,32,0.00190811692,0.996723483
30,32,0.00191394812,0.999769468
31,32,0.00191311256,0.999333005
32,32,0.00190630369,0.995776323
33,32,0.00189466588,0.989697199
34,32,0.00187965859,0.981858
35,32,0.0018629784,0.973144938
36,32,0.001846503,0.964538852
37,32,0.00183208339,0.957006628
38,32,0.00182140244,0.951427331
39,32,0.00181571516,0.948456522
40,32,0.00181571515,0.948456516
41,32,0.00182140244,0.951427331
42,32,0.00183208339,0.957006628
43,32,0.001846503,0.964538852
44,32,0.00186297832,0.973144898
45,32,0.0018796586,0.981858
46,32,0.00189466588,0.989697199
47,32,0.00190630369,0.995776323
48,32,0.00191311256,0.999333005
49,32,0.00191394809,0.999769452
50,32,0.00190811702,0.996723535
51,32,0.00189553975,0.990153678
52,32,0.00187550111,0.979686297
53,32,0.00184798931,0.965315238
54,32,0.00181317024,0.947127158
55,32,0.00177134268,0.925278128
56,32,0.00172293762,0.899993271
57,32,0.00166842667,0.871518945
58,32,0.00160936729,0.840668699
59,32,0.00154580928,0.807468555
60,32,0.00147793244,0.772012426
61,32,0.00140629261,0.734590659
62,32,0.00133142968,0.695485278
63,32,0.00125532823,0.655732944
64,32,0.00117756348,0.61511177
65,32,0.00109810855,0.573607712
66,32,0.00101737744,0.53143703
67,32,0.000937907743,0.489925257
68,32,0.000858114131,0.448244286
69,32,0.000778124092,0.406460709
70,32,0.000700326533,0.365822395
71,32,0.000623364796,0.325620681
72,32,0.000547606402,0.286047545
73,32,0.000474754572,0.247992681
74,32,0.000403055507,0.210539975
75,32,0.000335117742,0.175052021
76,32,0.00026927209,0.140656902
77,32,0.000206793681,0.108020696
78,32,0.000148402029,0.0775192474
79,32,9.40360757E-05,0.0491206613
0,33,7.95123199E-05,0.0415340358
1,33,0.000132143419,0.0690264036
2,33,0.000189234944,0.0988487188
3,33,0.00025040476,0.130801369
4,33,0.000314363127,0.164210645
5,33,0.000381385433,0.199220401
6,33,0.000451128193,0.235651212
7,33,0.00052298727,0.273187501
8,33,0.000596747604,0.311716931
9,33,0.000672685592,0.35138388
10,33,0.000748958451,0.391225752
11,33,0.000827453735,0.432228529
12,33,0.000906261494,0.47339453
13,33,0.000984613647,0.514322541
14,33,0.00106370607,0.555637239
15,33,0.00114239458,0.596740951
16,33,0.00121952146,0.637028929
17,33,0.00129467218,0.676284642
18,33,0.00136880743,0.715009912
19,33,0.00144041818,0.752416484
20,33,0.00150855709,0.788009511
21,33,0.0015727216,0.821526468
22,33,0.00163241089,0.852705752
23,33,0.00168795915,0.881721926
24,33,0.00173841499,0.908078023
25,33,0.0017828866,0.931308202
26,33,0.00182101616,0.951225553
27,33,0.00185255989,0.967702727
28,33,0.00187738899,0.98067245
29,33,0.00189553959,0.990153595
30,33,0.00190724183,0.996266374
31,33,0.00191328843,0.99942487
32,33,0.00191412386,0.999861268
33,33,0.0019104979,0.99796721
34,33,0.00190356613,0.994346334
35,33,0.0018946658,0.989697158
36,33,0.00188522987,0.98476821
37,33,0.00187664704,0.980284886
38,33,0.00187014727,0.976889669
39,33,0.00186664934,0.975062487
40,33,0.00186664934,0.975062491
41,33,0.00187014727,0.976889669
42,33,0.00187664704,0.980284886
43,33,0.00188522987,0.98476821
44,33,0.00189466574,0.98969713
45,33,0.00190356613,0.994346331
46,33,0.0019104979,0.99796721
47,33,0.00191412386,0.999861268
48,33,0.00191328843,0.99942487
49,33,0.00190724212,0.996266522
50,33,0.00189553969,0.990153647
51,33,0.00187738899,0.98067245
52,33,0.00185255989,0.967702727
53,33,0.00182101616,0.951225553
54,33,0.00178288657,0.931308187
55,33,0.00173841498,0.908078018
56,33,0.00168795915,0.881721926
57,33,0.00163241089,0.852705752
58,33,0.0015727216,0.821526468
59,33,0.00150855704,0.788009481
60,33,0.00144041784,0.752416309
61,33,0.00136880743,0.715009912
62,33,0.00129467218,0.676284642
63,33,0.00121952146,0.637028929
64,33,0.00114239466,0.596740993
65,33,0.00106370606,0.555637237
66,33,0.000984613647,0.514322541
67,33,0.000906261494,0.47339453
68,33,0.000827453735,0.432228529
69,33,0.000748958585,0.391225822
70,33,0.000672685203,0.351383677
71,33,0.000596747604,0.311716931
72,33,0.00052298727,0.273187501
73,33,0.000451128193,0.235651212
74,33,0.000381385433,0.199220401
75,33,0.000314362971,0.164210564
76,33,0.00025040476,0.130801369
77,33,0.000189234944,0.0988487188
78,33,0.000132143419,0.0690264036
79,33,7.9512319E-05,0.0415340353
0,34,6.48536295E-05,0.0338769259
1,34,0.00011550733,0.0603363802
2,34,0.0001709248,0.0892842364
3,34,0.000230106824,0.120198544
4,34,0.00029204516,0.152552638
5,34,0.000358078255,0.187045669
6,34,0.00042571742,0.222377647
7,34,0.000496512927,0.25935837
8,34,0.000568111212,0.296758433
9,34,0.000642949741,0.335851068
10,34,0.000718113145,0.375113405
11,34,0.00079445272,0.414990127
12,34,0.000872179411,0.455591422
13,34,0.000949508149,0.495984842
14,34,0.00102658952,0.536249046
15,34,0.0011043969,0.576892493
16,34,0.00118077564,0.616789669
17,34,0.00125532821,0.655732936
18,34,0.00132803757,0.693713379
19,34,0.00139947371,0.731028742
20,34,0.00146770566,0.766670365
21,34,0.00153229328,0.80040834
22,34,0.00159276678,0.83199726
23,34,0.0016487041,0.861216664
24,34,0.0017008132,0.888436365
25,34,0.00174755903,0.912854502
26,34,0.00178855423,0.934268745
27,34,0.00182358519,0.952567512
28,34,0.00185256013,0.967702852
29,34,0.00187550127,0.97968638
30,34,0.00189261264,0.988624674
31,34,0.00190427405,0.994716125
32,34,0.00191114623,0.998305871
33,34,0.00191416783,0.999884233
34,34,0.00191387251,0.999729974
35,34,0.00191129017,0.998381063
36,34,0.00190751022,0.996406566
37,34,0.00190356625,0.994346395
38,34,0.00190036753,0.992675513
39,34,0.00189859474,0.991749477
40,34,0.00189859476,0.991749493
41,34,0.00190036753,0.992675513
42,34,0.00190356625,0.994346395
43,34,0.00190751022,0.996406566
44,34,0.00191129007,0.998381007
45,34,0.00191387261,0.999730022
46,34,0.00191416783,0.999884233
47,34,0.00191114623,0.998305871
48,34,0.00190427405,0.994716125
49,34,0.00189261244,0.988624566
50,34,0.00187550123,0.97968636
51,34,0.00185256013,0.967702852
52,34,0.00182358519,0.952567512
53,34,0.00178855423,0.934268745
54,34,0.00174755914,0.91285456
55,34,0.00170081322,0.888436372
56,34,0.0016487041,0.861216664
57,34,0.00159276678,0.83199726
58,34,0.00153229328,0.80040834
59,34,0.00146770558,0.766670327
60,34,0.0013994734,0.731028579
61,34,0.00132803757,0.693713379
62,34,0.00125532821,0.655732936
63,34,0.00118077564,0.616789669
64,34,0.00110440471,0.57689657
65,34,0.00102658935,0.536248961
66,34,0.000949508149,0.495984842
67,34,0.000872179411,0.455591422
68,34,0.00079445272,0.414990127
69,34,0.000718113131,0.375113398
70,34,0.000642949741,0.335851068
71,34,0.000568111212,0.296758433
72,34,0.000496512927,0.25935837
73,34,0.00042571742,0.222377647
74,34,0.000358078251,0.187045667
75,34,0.000292045159,0.152552637
76,34,0.000230106824,0.120198544
77,34,0.0001709248,0.0892842364
78,34,0.00011550733,0.0603363802
79,34,6.485377E-05,0.0338769993
0,35,4.93805064E-05,0.0257943891
1,35,9.8028704E-05,0.0512062496
2,35,0.000151377777,0.0790736582
3,35,0.000208446319,0.108883968
4,35,0.000269272082,0.140656898
5,35,0.000333215508,0.174058371
6,35,0.000399094261,0.20847078
7,35,0.000468279343,0.244610282
8,35,0.000538616227,0.281351439
9,35,0.000611223303,0.319278454
10,35,0.000685208487,0.357925336
11,35,0.000759338538,0.396647891
12,35,0.000835781194,0.436578458
13,35,0.000911988484,0.476386079
14,35,0.0009875648,0.515864105
15,35,0.00106370603,0.555637222
16,35,0.0011392089,0.595076877
17,35,0.00121303347,0.633639864
18,35,0.00128481336,0.671134791
19,35,0.00135519721,0.707900482
20,35,0.00142335507,0.743503403
21,35,0.00148815455,0.777352043
22,35,0.0015491843,0.809231529
23,35,0.00160605678,0.838939424
24,35,0.00165855883,0.866364379
25,35,0.00170718583,0.891765168
26,35,0.00175057933,0.914432189
27,35,0.00178855413,0.934268694
28,35,0.00182101612,0.951225533
29,35,0.0018479893,0.965315233
30,35,0.00186963616,0.976622686
31,35,0.00188624687,0.985299447
32,35,0.00189827848,0.991584278
33,35,0.00190630903,0.995779117
34,35,0.00191114627,0.998305895
35,35,0.0019136519,0.999614735
36,35,0.00191438904,0.999999784
37,35,0.00191412396,0.999861319
38,35,0.00191353496,0.999553651
39,35,0.00191311284,0.999333149
40,35,0.00191311284,0.999333149
41,35,0.00191353496,0.999553651
42,35,0.00191412396,0.999861319
43,35,0.00191438904,0.999999784
44,35,0.00191365193,0.999614747
45,35,0.00191114636,0.998305939
46,35,0.00190630903,0.995779117
47,35,0.00189827848,0.991584278
48,35,0.00188624687,0.985299447
49,35,0.00186963622,0.976622716
50,35,0.00184798939,0.965315283
51,35,0.00182101612,0.951225533
52,35,0.00178855413,0.934268694
53,35,0.00175057933,0.914432189
54,35,0.00170718578,0.891765144
55,35,0.00165855878,0.866364353
56,35,0.00160605678,0.838939424
57,35,0.0015491843,0.809231529
58,35,0.00148815455,0.777352043
59,35,0.00142335515,0.743503443
60,35,0.00135519717,0.707900462
61,35,0.00128481336,0.671134791
62,35,0.00121303347,0.633639864
63,35,0.0011392089,0.595076877
64,35,0.00106370619,0.555637305
65,35,0.000987564586,0.515863994
66,35,0.000911988484,0.476386079
67,35,0.000835781194,0.436578458
68,35,0.000759338538,0.396647891
69,35,0.000685208503,0.357925345
70,35,0.000611222885,0.319278235
71,35,0.000538616227,0.281351439
72,35,0.000468279343,0.244610282
73,35,0.000399094261,0.20847078
74,35,0.000333215508,0.174058371
75,35,0.00026927165,0.140656673
76,35,0.000208446319,0.108883968
77,35,0.000151377777,0.0790736582
78,35,9.8028704E-05,0.0512062496
79,35,4.93866794E-05,0.0257976137
0,36,3.36659356E-05,0.0175857298
1,36,7.95119301E-05,0.0415338322
2,36,0.000130676508,0.0682601485
3,36,0.000186165639,0.0972454372
4,36,0.000245300937,0.128135337
5,36,0.00030688292,0.160303287
6,36,0.000371626587,0.194122772
7,36,0.000438373922,0.228988894
8,36,0.000507498691,0.265096891
9,36,0.000577614429,0.301722531
10,36,0.000650339568,0.339711216
11,36,0.000723227329,0.377784849
12,36,0.000797182879,0.416416252
13,36,0.000872179348,0.455591389
14,36,0.000946602219,0.494466901
15,36,0.00102044235,0.533038015
16,36,0.00109496273,0.571964464
17,36,0.00116793903,0.610084344
18,36,0.00123901892,0.64721362
19,36,0.00130784728,0.683166782
20,36,0.00137561885,0.718567923
21,36,0.00144041782,0.752416297
22,36,0.00150175773,0.784457795
23,36,0.00155928732,0.814508942
24,36,0.00161267011,0.842393962
25,36,0.00166185469,0.868086004
26,36,0.0017071857,0.891765101
27,36,0.00174755908,0.912854532
28,36,0.00178288664,0.931308224
29,36,0.0018131702,0.947127136
30,36,0.00183853119,0.960374697
31,36,0.00185919519,0.971168742
32,36,0.00187550161,0.979686558
33,36,0.00188790212,0.986164084
34,36,0.00189693026,0.990880022
35,36,0.00190317484,0.99414194
36,36,0.00190724225,0.99626659
37,36,0.00190969586,0.997548258
38,36,0.0019111461,0.998305804
39,36,0.00191178244,0.998638203
40,36,0.00191178239,0.99863818
41,36,0.0019111461,0.998305804
42,36,0.00190969586,0.997548258
43,36,0.00190724225,0.99626659
44,36,0.00190317484,0.99414194
45,36,0.00189693023,0.990880005
46,36,0.00188790212,0.986164084
47,36,0.00187550161,0.979686558
48,36,0.00185919519,0.971168742
49,36,0.00183853107,0.960374634
50,36,0.00181317024,0.947127158
51,36,0.00178288664,0.931308224
52,36,0.00174755908,0.912854532
53,36,0.0017071857,0.891765101
54,36,0.00166185471,0.868086015
55,36,0.00161267026,0.842394038
56,36,0.00155928732,0.814508942
57,36,0.00150175773,0.784457795
58,36,0.00144041782,0.752416297
59,36,0.00137561882,0.718567908
60,36,0.00130784733,0.683166806
61,36,0.00123901892,0.64721362
62,36,0.00116793903,0.610084344
63,36,0.00109496273,0.571964464
64,36,0.00102044232,0.533037997
65,36,0.000946602078,0.494466828
66,36,0.000872179348,0.455591389
67,36,0.000797182879,0.416416252
68,36,0.000723227329,0.377784849
69,36,0.000650339528,0.339711196
70,36,0.000577614429,0.301722531
71,36,0.000507498691,0.265096891
72,36,0.000438373922,0.228988894
73,36,0.000371626587,0.194122772
74,36,0.000306882953,0.160303304
75,36,0.000245300937,0.128135337
76,36,0.000186165639,0.0972454372
77,36,0.000130676508,0.0682601485
78,36,7.95119301E-05,0.0415338322
79,36,3.36659072E-05,0.017585715
0,37,1.88165556E-05,0.00982901134
1,37,6.12643423E-05,0.0320020267
2,37,0.000110103497,0.0575136355
3,37,0.00016336955,0.0853376776
4,37,0.000220065887,0.114953563
5,37,0.000279677063,0.146092042
6,37,0.000342731593,0.17902919
7,37,0.000407024004,0.212612958
8,37,0.000474753974,0.247992369
9,37,0.000543107843,0.283697679
10,37,0.00061364447,0.320543174
11,37,0.000685208057,0.357925111
12,37,0.000756738628,0.395289803
13,37,0.000830230147,0.433678815
14,37,0.000903404206,0.471901998
15,37,0.00097579886,0.509718051
16,37,0.00104818773,0.547531085
17,37,0.00112018133,0.585137643
18,37,0.00119042481,0.621830012
19,37,0.00125859252,0.657438076
20,37,0.00132465201,0.691944896
21,37,0.00138924289,0.725684574
22,37,0.00145065145,0.757761932
23,37,0.00150855697,0.788009448
24,37,0.00156264991,0.816265421
25,37,0.00161267012,0.842393964
26,37,0.00165855876,0.866364347
27,37,0.00170081325,0.888436391
28,37,0.00173841505,0.908078058
29,37,0.00177134269,0.92527813
30,37,0.00179968625,0.940083663
31,37,0.00182358521,0.95256752
32,37,0.00184331041,0.962871173
33,37,0.00185919501,0.971168649
34,37,0.00187162391,0.977661001
35,37,0.00188104714,0.982583319
36,37,0.00188790212,0.986164085
37,37,0.00189261248,0.98862459
38,37,0.00189553972,0.990153658
39,37,0.00189693033,0.99088006
40,37,0.00189693029,0.990880037
41,37,0.00189553972,0.990153658
42,37,0.00189261248,0.98862459
43,37,0.00188790212,0.986164085
44,37,0.00188104711,0.982583305
45,37,0.00187162395,0.977661026
46,37,0.00185919501,0.971168649
47,37,0.00184331041,0.962871173
48,37,0.00182358521,0.95256752
49,37,0.00179968627,0.940083673
50,37,0.00177134269,0.925278132
51,37,0.00173841505,0.908078058
52,37,0.00170081325,0.888436391
53,37,0.00165855876,0.866364347
54,37,0.00161267026,0.842394038
55,37,0.00156264987,0.816265402
56,37,0.00150855697,0.788009448
57,37,0.00145065145,0.757761932
58,37,0.00138924289,0.725684574
59,37,0.001324652,0.691944891
60,37,0.00125859224,0.65743793
61,37,0.00119042481,0.621830012
62,37,0.00112018133,0.585137643
63,37,0.00104818773,0.547531085
64,37,0.000975799178,0.509718218
65,37,0.000903404087,0.471901936
66,37,0.000830230147,0.433678815
67,37,0.000756738628,0.395289803
68,37,0.000685208057,0.357925111
69,37,0.000613644567,0.320543225
70,37,0.000543107578,0.28369754
71,37,0.000474753974,0.247992369
72,37,0.000407024004,0.212612958
73,37,0.000342731593,0.17902919
74,37,0.000279677062,0.146092041
75,37,0.000220065887,0.114953563
76,37,0.00016336955,0.0853376776
77,37,0.000110103497,0.0575136355
78,37,6.12643423E-05,0.0320020267
79,37,1.88165553E-05,0.00982901119
0,38,6.88948515E-06,0.00359878976
1,38,4.23238971E-05,0.0221083004
2,38,8.87293192E-05,0.0463486253
3,38,0.000139507769,0.0728732439
4,38,0.000193858325,0.101263787
5,38,0.00025210572,0.131689882
6,38,0.00031249299,0.163233761
7,38,0.000375522799,0.196157997
8,38,0.000440493976,0.230096325
9,38,0.000507498531,0.265096807
10,38,0.000575236052,0.300480162
11,38,0.000645411035,0.337136749
12,38,0.000715566863,0.37378333
13,38,0.000786272426,0.41071707
14,38,0.000858114263,0.448244355
15,38,0.000929237397,0.485396218
16,38,0.000999379983,0.522035881
17,38,0.00106993417,0.558890547
18,38,0.00113920922,0.595077048
19,38,0.00120656389,0.630260414
20,38,0.00127168304,0.664276038
21,38,0.00133482212,0.697257355
22,38,0.00139606297,0.729247108
23,38,0.00145406325,0.759544119
24,38,0.00150855702,0.788009475
25,38,0.00155928732,0.814508938
26,38,0.00160605682,0.838939441
27,38,0.0016487037,0.86121646
28,38,0.00168795936,0.881722035
29,38,0.00172293779,0.899993358
30,38,0.00175359146,0.916005601
31,38,0.00178002587,0.929813873
32,38,0.00180241859,0.941510929
33,38,0.00182101613,0.951225535
34,38,0.00183609848,0.959103949
35,38,0.0018479894,0.965315286
36,38,0.0018570129,0.970028798
37,38,0.0018634654,0.973399325
38,38,0.00186761291,0.975565817
39,38,0.00186963618,0.976622695
40,38,0.00186963618,0.976622695
41,38,0.00186761291,0.975565817
42,38,0.0018634654,0.973399325
43,38,0.0018570129,0.970028798
44,38,0.00184798937,0.965315272
45,38,0.00183609845,0.959103935
46,38,0.00182101613,0.951225535
47,38,0.00180241859,0.941510929
48,38,0.00178002587,0.929813873
49,38,0.00175359142,0.916005583
50,38,0.00172293767,0.899993294
51,38,0.00168795936,0.881722035
52,38,0.0016487037,0.86121646
53,38,0.00160605682,0.838939441
54,38,0.0015592873,0.814508932
55,38,0.00150855695,0.788009436
56,38,0.00145406325,0.759544119
57,38,0.00139606297,0.729247108
58,38,0.00133482212,0.697257355
59,38,0.00127168351,0.664276282
60,38,0.00120656373,0.630260334
61,38,0.00113920922,0.595077048
62,38,0.00106993417,0.558890547
63,38,0.000999379983,0.522035881
64,38,0.000929237277,0.485396155
65,38,0.00085811399,0.448244212
66,38,0.000786272426,0.41071707
67,38,0.000715566863,0.37378333
68,38,0.000645411035,0.337136749
69,38,0.000575236483,0.300480387
70,38,0.000507498582,0.265096834
71,38,0.000440493976,0.230096325
72,38,0.000375522799,0.196157997
73,38,0.00031249299,0.163233761
74,38,0.00025210572,0.131689882
75,38,0.000193858322,0.101263785
76,38,0.000139507769,0.0728732439
77,38,8.87293192E-05,0.0463486253
78,38,4.23238971E-05,0.0221083004
79,38,6.88948512E-06,0.00359878975
0,39,0,0
1,39,2.43154541E-05,0.0127014146
2,39,6.72585702E-05,0.0351331701
3,39,0.000115507329,0.0603363798
4,39,0.000167898356,0.0877033439
5,39,0.000223401148,0.116695768
6,39,0.000281415643,0.147000206
7,39,0.0003427317,0.179029246
8,39,0.000405043168,0.211578249
9,39,0.000470431483,0.245734473
10,39,0.000536379829,0.280183235
11,39,0.000603969093,0.315489146
12,39,0.000672685255,0.351383704
13,39,0.000741201904,0.387174044
14,39,0.000810895958,0.423579412
15,39,0.000880658491,0.460020552
16,39,0.000949508449,0.495984999
17,39,0.00101737761,0.531437118
18,39,0.00108555508,0.567050283
19,39,0.0011519504,0.601732528
20,39,0.00121627729,0.635334304
21,39,0.00127824455,0.66770351
22,39,0.00133821309,0.699028658
23,39,0.00139606284,0.729247041
24,39,0.00145065145,0.757761932
25,39,0.00150175772,0.784457793
26,39,0.00154918437,0.809231566
27,39,0.00159276738,0.831997577
28,39,0.00163241088,0.852705746
29,39,0.00166842677,0.871518997
30,39,0.00170081325,0.888436391
31,39,0.00172916157,0.903244411
32,39,0.00175359153,0.916005638
33,39,0.0017742578,0.926800869
34,39,0.00179136279,0.935735827
35,39,0.00180513715,0.942930995
36,39,0.00181580499,0.948503446
37,39,0.0018235852,0.952567514
38,39,0.00182866014,0.955218458
39,39,0.00183116703,0.956527957
40,39,0.00183116703,0.956527957
41,39,0.00182866014,0.955218458
42,39,0.0018235852,0.952567514
43,39,0.00181580499,0.948503446
44,39,0.00180513717,0.942931009
45,39,0.0017913628,0.93573583
46,39,0.0017742578,0.926800869
47,39,0.00175359153,0.916005638
48,39,0.00172916157,0.903244411
49,39,0.00170081373,0.888436642
50,39,0.00166842666,0.871518938
51,39,0.00163241088,0.852705746
52,39,0.00159276738,0.831997577
53,39,0.00154918437,0.809231566
54,39,0.00150175781,0.784457838
55,39,0.00145065145,0.757761932
56,39,0.00139606284,0.729247041
57,39,0.00133821309,0.699028658
58,39,0.00127824455,0.66770351
59,39,0.00121627727,0.635334294
60,39,0.00115195045,0.601732552
61,39,0.00108555508,0.567050283
62,39,0.00101737761,0.531437118
63,39,0.000949508449,0.495984999
64,39,0.000880658504,0.460020559
65,39,0.000810895953,0.42357941
66,39,0.000741201904,0.387174044
67,39,0.000672685255,0.351383704
68,39,0.000603969093,0.315489146
69,39,0.00053638004,0.280183345
70,39,0.000470431484,0.245734474
71,39,0.000405043168,0.211578249
72,39,0.0003427317,0.179029246
73,39,0.000281415643,0.147000206
74,39,0.000223407889,0.11669929
75,39,0.000167898356,0.0877033439
76,39,0.000115507329,0.0603363798
77,39,6.72585702E-05,0.0351331701
78,39,2.43154541E-05,0.0127014146
79,39,0,0
0,40,0,0
1,40,9.59098378E-06,0.00500994392
2,40,4.58454916E-05,0.0239478397
3,40,9.13800235E-05,0.0477332465
4,40,0.000140982342,0.0736435014
5,40,0.000193857993,0.101263613
6,40,0.000250404257,0.130801106
7,40,0.000308749275,0.161278195
8,40,0.000369689272,0.193110797
9,40,0.000432030893,0.225675551
10,40,0.000496513335,0.259358583
11,40,0.000561175933,0.293135722
12,40,0.000628243574,0.328169158
13,40,0.000695276903,0.363184671
14,40,0.000761939358,0.398006455
15,40,0.000830230396,0.433678945
16,40,0.000897696021,0.468920272
17,40,0.000964083166,0.503598245
18,40,0.00102966578,0.537855961
19,40,0.0010949623,0.571964236
20,40,0.00115833794,0.605069122
21,40,0.0012195211,0.637028743
22,40,0.00127824455,0.66770351
23,40,0.0013348221,0.697257345
24,40,0.00138924289,0.725684574
25,40,0.00144041782,0.752416297
26,40,0.00148815459,0.777352064
27,40,0.00153229341,0.80040841
28,40,0.00157272161,0.821526473
29,40,0.0016093672,0.840668655
30,40,0.00164219977,0.857819069
31,40,0.00167170139,0.873229523
32,40,0.00169761317,0.886764794
33,40,0.0017198105,0.898359787
34,40,0.00173841507,0.908078068
35,40,0.00175359158,0.916005664
36,40,0.0017654885,0.922220136
37,40,0.0017742579,0.92680092
38,40,0.00178002565,0.929813757
39,40,0.00178288637,0.931308084
40,40,0.00178288638,0.931308088
41,40,0.00178002565,0.929813757
42,40,0.0017742579,0.92680092
43,40,0.0017654885,0.922220136
44,40,0.00175359166,0.916005704
45,40,0.00173841508,0.908078074
46,40,0.0017198105,0.898359787
47,40,0.00169761317,0.886764794
48,40,0.00167170139,0.873229523
49,40,0.00164219969,0.857819026
50,40,0.00160936702,0.840668557
51,40,0.00157272161,0.821526473
52,40,0.00153229341,0.80040841
53,40,0.00148815459,0.777352064
54,40,0.0014404179,0.75241634
55,40,0.00138924279,0.725684519
56,40,0.0013348221,0.697257345
57,40,0.00127824455,0.66770351
58,40,0.0012195211,0.637028743
59,40,0.00115833795,0.605069126
60,40,0.00109496232,0.571964248
61,40,0.00102966578,0.537855961
62,40,0.000964083166,0.503598245
63,40,0.000897696021,0.468920272
64,40,0.000830230263,0.433678875
65,40,0.000761939358,0.398006455
66,40,0.000695276903,0.363184671
67,40,0.000628243574,0.328169158
68,40,0.000561175933,0.293135722
69,40,0.00049652091,0.25936254
70,40,0.000432030458,0.225675323
71,40,0.000369689272,0.193110797
72,40,0.000308749275,0.161278195
73,40,0.000250404257,0.130801106
74,40,0.000193857911,0.101263571
75,40,0.000140982342,0.0736435016
76,40,9.13800235E-05,0.0477332465
77,40,4.58454916E-05,0.0239478397
78,40,9.59098378E-06,0.00500994392
79,40,0,0
0,41,0,0
1,41,3.48135956E-07,0.000181852212
2,41,2.52382461E-05,0.013183444
3,41,6.72584874E-05,0.0351331269
4,41,0.000114153278,0.0596290779
5,41,0.00016487622,0.0861247013
6,41,0.000218397067,0.114081838
7,41,0.000274468558,0.143371328
8,41,0.000333215113,0.174058164
9,41,0.00039316726,0.205374753
10,41,0.000455398579,0.237881889
11,41,0.000518550714,0.270870023
12,41,0.00058237698,0.304210296
13,41,0.000647874241,0.338423428
14,41,0.000713022577,0.372454297
15,41,0.000778124337,0.406460837
16,41,0.000844133485,0.440941359
17,41,0.000909120241,0.474887824
18,41,0.000972862133,0.508184024
19,41,0.00103582469,0.541073127
20,41,0.0010981086,0.573607736
21,41,0.00115833807,0.605069187
22,41,0.00121627727,0.635334294
23,41,0.00127168293,0.664275983
24,41,0.00132465204,0.691944914
25,41,0.00137561882,0.718567907
26,41,0.00142335526,0.743503505
27,41,0.00146770563,0.766670353
28,41,0.00150855702,0.788009472
29,41,0.00154580947,0.807468651
30,41,0.00157941494,0.825022798
31,41,0.00160936714,0.840668621
32,41,0.00163567708,0.854411874
33,41,0.00165855864,0.866364284
34,41,0.0016782291,0.876639338
35,41,0.00169440953,0.885091345
36,41,0.00170718575,0.891765126
37,41,0.00171666963,0.896719122
38,41,0.00172293786,0.899993393
39,41,0.00172605275,0.901620489
40,41,0.00172605276,0.901620493
41,41,0.00172293786,0.899993393
42,41,0.00171666963,0.896719122
43,41,0.00170718575,0.891765126
44,41,0.00169440965,0.885091404
45,41,0.00167822903,0.876639304
46,41,0.00165855864,0.866364284
47,41,0.00163567708,0.854411874
48,41,0.00160936714,0.840668621
49,41,0.00157941494,0.825022797
50,41,0.0015458093,0.807468564
51,41,0.00150855702,0.788009472
52,41,0.00146770563,0.766670353
53,41,0.00142335526,0.743503505
54,41,0.00137561895,0.718567977
55,41,0.001324652,0.691944891
56,41,0.00127168293,0.664275983
57,41,0.00121627727,0.635334294
58,41,0.00115833807,0.605069187
59,41,0.00109810887,0.573607877
60,41,0.00103582468,0.541073127
61,41,0.000972862133,0.508184024
62,41,0.000909120241,0.474887824
63,41,0.000844133485,0.440941359
64,41,0.000778124756,0.406461055
65,41,0.000713022577,0.372454297
66,41,0.000647874241,0.338423428
67,41,0.00058237698,0.304210296
68,41,0.000518550714,0.270870023
69,41,0.000455399157,0.237882191
70,41,0.000393167121,0.20537468
71,41,0.000333215113,0.174058164
72,41,0.000274468558,0.143371328
73,41,0.000218397067,0.114081838
74,41,0.00016487622,0.0861247013
75,41,0.000114153277,0.0596290774
76,41,6.72584874E-05,0.0351331269
77,41,2.52382461E-05,0.013183444
78,41,3.48135956E-07,0.000181852212
79,41,0,0
0,42,0,0
1,42,0,0
2,42,8.91175489E-06,0.00465514208
3,42,4.3497227E-05,0.0227212008
4,42,8.74084897E-05,0.0456586771
5,42,0.000135080693,0.0705607172
6,42,0.000186165555,0.0972453932
7,42,0.000240217821,0.125480121
8,42,0.000295740137,0.154482745
9,42,0.000354225359,0.185033071
10,42,0.00041315066,0.215813277
11,42,0.000474754679,0.247992737
12,42,0.000536380197,0.280183428
13,42,0.00059914972,0.3129717
14,42,0.000662723022,0.346179834
15,42,0.000725787421,0.379122138
16,42,0.000788997085,0.412140323
17,42,0.00085251063,0.445317242
18,42,0.000914851052,0.47788137
19,42,0.000975799117,0.509718186
20,42,0.00103582446,0.54107301
21,42,0.00109496235,0.571964261
22,42,0.00115194983,0.60173223
23,42,0.00120656388,0.630260408
24,42,0.00125859252,0.657438079
25,42,0.00130784716,0.683166719
26,42,0.00135519721,0.707900478
27,42,0.0013994738,0.73102879
28,42,0.00144041781,0.752416294
29,42,0.0014779328,0.772012615
30,42,0.00151195486,0.78978437
31,42,0.00154243747,0.805707256
32,42,0.00156936817,0.819774769
33,42,0.0015927669,0.831997326
34,42,0.00161267043,0.842394128
35,42,0.00162912974,0.85099181
36,42,0.00164219992,0.857819146
37,42,0.00165194571,0.862909952
38,42,0.00165855858,0.866364252
39,42,0.00166185445,0.86808588
40,42,0.00166185445,0.868085882
41,42,0.00165855858,0.866364252
42,42,0.00165194571,0.862909952
43,42,0.00164219992,0.857819146
44,42,0.0016291298,0.850991842
45,42,0.00161267039,0.842394107
46,42,0.0015927669,0.831997326
47,42,0.00156936817,0.819774769
48,42,0.00154243747,0.805707256
49,42,0.00151195509,0.789784488
50,42,0.00147793258,0.772012497
51,42,0.00144041781,0.752416294
52,42,0.0013994738,0.73102879
53,42,0.00135519721,0.707900478
54,42,0.0013078473,0.683166793
55,42,0.00125859254,0.65743809
56,42,0.00120656388,0.630260408
57,42,0.00115194983,0.60173223
58,42,0.00109496235,0.571964261
59,42,0.00103582469,0.541073127
60,42,0.000975798896,0.50971807
61,42,0.000914851052,0.47788137
62,42,0.00085251063,0.445317242
63,42,0.000788997085,0.412140323
64,42,0.000725787369,0.379122111
65,42,0.000662722896,0.346179768
66,42,0.00059914972,0.3129717
67,42,0.000536380197,0.280183428
68,42,0.000474754679,0.247992737
69,42,0.000413150956,0.215813431
70,42,0.000354225359,0.185033071
71,42,0.000295740137,0.154482745
72,42,0.000240217821,0.125480121
73,42,0.000186165555,0.0972453932
74,42,0.000135080805,0.0705607761
75,42,8.74084897E-05,0.0456586771
76,42,4.3497227E-05,0.0227212008
77,42,8.91175489E-06,0.00465514208
78,42,0,0
79,42,0,0
0,43,0,0
1,43,0,0
2,43,0,0
3,43,2.15632099E-05,0.011263753
4,43,6.12647584E-05,0.0320022441
5,43,0.00010606207,0.055402557
6,43,0.000154365758,0.0806344591
7,43,0.000205149759,0.107161977
8,43,0.000258946052,0.135262996
9,43,0.000314363097,0.16421063
10,43,0.000371626265,0.194122604
11,43,0.000429923555,0.224574762
12,43,0.000489956157,0.255933377
13,43,0.000549866592,0.287228177
14,43,0.000611222985,0.319278288
15,43,0.000672685439,0.3513838
16,43,0.000733478823,0.383139817
17,43,0.000794452753,0.414990144
18,43,0.000855311329,0.446780215
19,43,0.000914851184,0.477881439
20,43,0.000972862039,0.508183975
21,43,0.00102966599,0.537856072
22,43,0.0010855554,0.567050453
23,43,0.00113920915,0.59507701
24,43,0.00119042491,0.621830064
25,43,0.00123901894,0.647213626
26,43,0.00128481344,0.671134834
27,43,0.00132803786,0.693713529
28,43,0.00136880742,0.715009906
29,43,0.00140629264,0.734590678
30,43,0.0014404179,0.752416337
31,43,0.00147112119,0.768454504
32,43,0.00149836329,0.78268468
33,43,0.00152212804,0.795098429
34,43,0.00154243742,0.805707231
35,43,0.00155928756,0.814509064
36,43,0.00157272177,0.821526554
37,43,0.00158275963,0.826769932
38,43,0.00158943912,0.830259024
39,43,0.00159276732,0.831997542
40,43,0.00159276732,0.831997542
41,43,0.00158943912,0.830259024
42,43,0.00158275963,0.826769932
43,43,0.00157272177,0.821526554
44,43,0.00155928757,0.814509069
45,43,0.00154243741,0.805707225
46,43,0.00152212804,0.795098429
47,43,0.00149836329,0.78268468
48,43,0.00147112119,0.768454504
49,43,0.0014404182,0.752416498
50,43,0.00140629258,0.734590644
51,43,0.00136880742,0.715009906
52,43,0.00132803786,0.693713529
53,43,0.00128481344,0.671134834
54,43,0.00123901916,0.647213741
55,43,0.00119042493,0.621830072
56,43,0.00113920915,0.59507701
57,43,0.0010855554,0.567050453
58,43,0.00102966599,0.537856072
59,43,0.000972862133,0.508184024
60,43,0.000914851069,0.477881379
61,43,0.000855311329,0.446780215
62,43,0.000794452753,0.414990144
63,43,0.000733478823,0.383139817
64,43,0.000672685405,0.351383782
65,43,0.000611222769,0.319278175
66,43,0.000549866592,0.287228177
67,43,0.000489956157,0.255933377
68,43,0.000429923555,0.224574762
69,43,0.000371626735,0.19412285
70,43,0.000314363019,0.164210589
71,43,0.000258946052,0.135262996
72,43,0.000205149759,0.107161977
73,43,0.000154365758,0.0806344591
74,43,0.000106062542,0.0554028035
75,43,6.12647584E-05,0.0320022441
76,43,2.15632099E-05,0.011263753
77,43,0,0
78,43,0,0
79,43,0,0
