x,y,value
0,0,32
1,0,32
2,0,32
3,0,32
4,0,32
5,0,32
6,0,32
7,0,32
8,0,32
9,0,32
10,0,32
11,0,32
12,0,32
13,0,32
14,0,32
15,0,32
16,0,32
17,0,32
18,0,32
19,0,32
20,0,32
21,0,32
22,0,32
23,0,32
24,0,32
25,0,32
26,0,32
27,0,32
28,0,32
29,0,32
30,0,32
31,0,32
32,0,32
33,0,32
34,0,32
35,0,32
36,0,32
37,0,32
38,0,32
39,0,32
40,0,32
41,0,32
42,0,32
43,0,32
44,0,32
45,0,32
46,0,32
47,0,32
48,0,32
49,0,32
50,0,32
51,0,32
52,0,32
53,0,32
54,0,32
55,0,32
56,0,32
57,0,32
58,0,32
59,0,32
60,0,32
61,0,32
62,0,32
63,0,32
64,0,32
65,0,32
66,0,32
67,0,32
68,0,32
69,0,32
70,0,32
71,0,32
72,0,32
73,0,32
74,0,32
75,0,32
76,0,32
77,0,32
78,0,32
79,0,32
80,0,32
81,0,32
82,0,32
83,0,32
84,0,32
85,0,32
86,0,32
87,0,32
88,0,32
89,0,32
90,0,32
91,0,32
92,0,32
93,0,32
94,0,32
95,0,32
96,0,32
97,0,32
98,0,32
99,0,32
100,0,32
101,0,32
102,0,32
103,0,32
104,0,32
105,0,32
106,0,32
107,0,32
108,0,32
109,0,32
110,0,32
111,0,32
112,0,32
113,0,32
114,0,32
115,0,32
116,0,32
117,0,32
118,0,32
119,0,32
120,0,32
121,0,32
122,0,32
123,0,32
124,0,32
125,0,32
126,0,32
127,0,32
128,0,32
129,0,32
130,0,32
131,0,32
132,0,32
133,0,32
134,0,32
135,0,32
136,0,32
137,0,32
138,0,32
139,0,32
140,0,32
141,0,32
142,0,32
143,0,32
144,0,32
145,0,32
146,0,32
147,0,32
148,0,32
149,0,32
150,0,32
151,0,32
152,0,32
153,0,32
154,0,32
155,0,32
156,0,32
157,0,32
158,0,32
159,0,32
160,0,32
161,0,32
162,0,32
163,0,32
164,0,32
165,0,32
166,0,32
167,0,32
168,0,32
169,0,32
170,0,32
171,0,32
172,0,32
173,0,32
174,0,32
175,0,32
176,0,32
177,0,32
178,0,32
179,0,32
180,0,32
181,0,32
182,0,32
183,0,32
184,0,32
185,0,32
186,0,32
187,0,32
188,0,32
189,0,32
190,0,32
191,0,32
192,0,32
193,0,32
194,0,32
195,0,32
196,0,32
197,0,32
198,0,32
199,0,32
200,0,32
201,0,32
202,0,32
203,0,32
204,0,32
205,0,32
206,0,32
207,0,32
208,0,32
209,0,32
210,0,32
211,0,32
212,0,32
213,0,32
214,0,32
215,0,32
216,0,32
217,0,32
218,0,32
219,0,32
220,0,32
221,0,32
222,0,32
223,0,32
224,0,32
225,0,32
226,0,32
227,0,32
228,0,32
229,0,32
230,0,32
231,0,32
232,0,32
233,0,32
234,0,32
235,0,32
236,0,32
237,0,32
238,0,32
239,0,32
240,0,32
241,0,32
242,0,32
243,0,32
244,0,32
245,0,32
246,0,32
247,0,32
248,0,32
249,0,32
250,0,32
251,0,32
252,0,32
253,0,32
254,0,32
255,0,32
256,0,32
257,0,32
258,0,32
259,0,32
260,0,32
261,0,32
262,0,32
263,0,32
264,0,32
265,0,32
266,0,32
267,0,32
268,0,32
269,0,32
270,0,32
271,0,32
272,0,32
273,0,32
274,0,32
275,0,32
276,0,32
277,0,32
278,0,32
279,0,32
280,0,32
281,0,32
282,0,32
283,0,32
284,0,32
285,0,32
286,0,32
287,0,32
288,0,32
289,0,32
290,0,32
291,0,32
292,0,32
293,0,32
294,0,32
295,0,32
296,0,32
297,0,32
298,0,32
299,0,32
300,0,32
301,0,32
302,0,32
303,0,32
304,0,32
305,0,32
306,0,32
307,0,32
308,0,32
309,0,32
310,0,32
311,0,32
312,0,32
313,0,32
314,0,32
315,0,32
316,0,32
317,0,32
318,0,32
319,0,32
0,1,32
1,1,32
2,1,32
3,1,32
4,1,32
5,1,32
6,1,32
7,1,32
8,1,32
9,1,32
10,1,32
11,1,32
12,1,32
13,1,32
14,1,32
15,1,32
16,1,32
17,1,32
18,1,32
19,1,32
20,1,32
21,1,32
22,1,32
23,1,32
24,1,32
25,1,32
26,1,32
27,1,32
28,1,32
29,1,32
30,1,32
31,1,32
32,1,32
33,1,32
34,1,32
35,1,32
36,1,32
37,1,32
38,1,32
39,1,32
40,1,32
41,1,32
42,1,32
43,1,32
44,1,32
45,1,32
46,1,32
47,1,32
48,1,32
49,1,32
50,1,32
51,1,32
52,1,32
53,1,32
54,1,32
55,1,32
56,1,32
57,1,32
58,1,32
59,1,32
60,1,32
61,1,32
62,1,32
63,1,32
64,1,32
65,1,32
66,1,32
67,1,32
68,1,32
69,1,32
70,1,32
71,1,32
72,1,32
73,1,32
74,1,32
75,1,32
76,1,32
77,1,32
78,1,32
79,1,32
80,1,32
81,1,32
82,1,32
83,1,32
84,1,32
85,1,32
86,1,32
87,1,32
88,1,32
89,1,32
90,1,32
91,1,32
92,1,32
93,1,32
94,1,32
95,1,32
96,1,32
97,1,32
98,1,32
99,1,32
100,1,32
101,1,32
102,1,32
103,1,32
104,1,32
105,1,32
106,1,32
107,1,32
108,1,32
109,1,32
110,1,32
111,1,32
112,1,32
113,1,32
114,1,32
115,1,32
116,1,32
117,1,32
118,1,32
119,1,32
120,1,32
121,1,32
122,1,32
123,1,32
124,1,32
125,1,32
126,1,32
127,1,32
128,1,32
129,1,32
130,1,32
131,1,32
132,1,32
133,1,32
134,1,32
135,1,32
136,1,32
137,1,32
138,1,32
139,1,32
140,1,32
141,1,32
142,1,32
143,1,32
144,1,32
145,1,32
146,1,32
147,1,32
148,1,32
149,1,32
150,1,32
151,1,32
152,1,32
153,1,32
154,1,32
155,1,32
156,1,32
157,1,32
158,1,32
159,1,32
160,1,32
161,1,32
162,1,32
163,1,32
164,1,32
165,1,32
166,1,32
167,1,32
168,1,32
169,1,32
170,1,32
171,1,32
172,1,32
173,1,32
174,1,32
175,1,32
176,1,32
177,1,32
178,1,32
179,1,32
180,1,32
181,1,32
182,1,32
183,1,32
184,1,32
185,1,32
186,1,32
187,1,32
188,1,32
189,1,32
190,1,32
191,1,32
192,1,32
193,1,32
194,1,32
195,1,32
196,1,32
197,1,32
198,1,32
199,1,32
200,1,32
201,1,32
202,1,32
203,1,32
204,1,32
205,1,32
206,1,32
207,1,32
208,1,32
209,1,32
210,1,32
211,1,32
212,1,32
213,1,32
214,1,32
215,1,32
216,1,32
217,1,32
218,1,32
219,1,32
220,1,32
221,1,32
222,1,32
223,1,32
224,1,32
225,1,32
226,1,32
227,1,32
228,1,32
229,1,32
230,1,32
231,1,32
232,1,32
233,1,32
234,1,32
235,1,32
236,1,32
237,1,32
238,1,32
239,1,32
240,1,32
241,1,32
242,1,32
243,1,32
244,1,32
245,1,32
246,1,32
247,1,32
248,1,32
249,1,32
250,1,32
251,1,32
252,1,32
253,1,32
254,1,32
255,1,32
256,1,32
257,1,32
258,1,32
259,1,32
260,1,32
261,1,32
262,1,32
263,1,32
264,1,32
265,1,32
266,1,32
267,1,32
268,1,32
269,1,32
270,1,32
271,1,32
272,1,32
273,1,32
274,1,32
275,1,32
276,1,32
277,1,32
278,1,32
279,1,32
280,1,32
281,1,32
282,1,32
283,1,32
284,1,32
285,1,32
286,1,32
287,1,32
288,1,32
289,1,32
290,1,32
291,1,32
292,1,32
293,1,32
294,1,32
295,1,32
296,1,32
297,1,32
298,1,32
299,1,32
300,1,32
301,1,32
302,1,32
303,1,32
304,1,32
305,1,32
306,1,32
307,1,32
308,1,32
309,1,32
310,1,32
311,1,32
312,1,32
313,1,32
314,1,32
315,1,32
316,1,32
317,1,32
318,1,32
319,1,32
0,2,32
1,2,32
2,2,32
3,2,32
4,2,32
5,2,32
6,2,32
7,2,32
8,2,32
9,2,32
10,2,32
11,2,32
12,2,32
13,2,32
14,2,32
15,2,32
16,2,32
17,2,32
18,2,32
19,2,32
20,2,32
21,2,32
22,2,32
23,2,32
24,2,32
25,2,32
26,2,32
27,2,32
28,2,32
29,2,32
30,2,32
31,2,32
32,2,32
33,2,32
34,2,32
35,2,32
36,2,32
37,2,32
38,2,32
39,2,32
40,2,32
41,2,32
42,2,32
43,2,32
44,2,32
45,2,32
46,2,32
47,2,32
48,2,32
49,2,32
50,2,32
51,2,32
52,2,32
53,2,32
54,2,32
55,2,32
56,2,32
57,2,32
58,2,32
59,2,32
60,2,32
61,2,32
62,2,32
63,2,32
64,2,32
65,2,32
66,2,32
67,2,32
68,2,32
69,2,32
70,2,32
71,2,32
72,2,32
73,2,32
74,2,32
75,2,32
76,2,32
77,2,32
78,2,32
79,2,32
80,2,32
81,2,32
82,2,32
83,2,32
84,2,32
85,2,32
86,2,32
87,2,32
88,2,32
89,2,32
90,2,32
91,2,32
92,2,32
93,2,32
94,2,32
95,2,32
96,2,32
97,2,32
98,2,32
99,2,32
100,2,32
101,2,32
102,2,32
103,2,32
104,2,32
105,2,32
106,2,32
107,2,32
108,2,32
109,2,32
110,2,32
111,2,32
112,2,32
113,2,32
114,2,32
115,2,32
116,2,32
117,2,32
118,2,32
119,2,32
120,2,32
121,2,32
122,2,32
123,2,32
124,2,32
125,2,32
126,2,32
127,2,32
128,2,32
129,2,32
130,2,32
131,2,32
132,2,32
133,2,32
134,2,32
135,2,32
136,2,32
137,2,32
138,2,32
139,2,32
140,2,32
141,2,32
142,2,32
143,2,32
144,2,32
145,2,32
146,2,32
147,2,32
148,2,32
149,2,32
150,2,32
151,2,32
152,2,32
153,2,32
154,2,32
155,2,32
156,2,32
157,2,32
158,2,32
159,2,32
160,2,32
161,2,32
162,2,32
163,2,32
164,2,32
165,2,32
166,2,32
167,2,32
168,2,32
169,2,32
170,2,32
171,2,32
172,2,32
173,2,32
174,2,32
175,2,32
176,2,32
177,2,32
178,2,32
179,2,32
180,2,32
181,2,32
182,2,32
183,2,32
184,2,32
185,2,32
186,2,32
187,2,32
188,2,32
189,2,32
190,2,32
191,2,32
192,2,32
193,2,32
194,2,32
195,2,32
196,2,32
197,2,32
198,2,32
199,2,32
200,2,32
201,2,32
202,2,32
203,2,32
204,2,32
205,2,32
206,2,32
207,2,32
208,2,32
209,2,32
210,2,32
211,2,32
212,2,32
213,2,32
214,2,32
215,2,32
216,2,32
217,2,32
218,2,32
219,2,32
220,2,32
221,2,32
222,2,32
223,2,32
224,2,32
225,2,32
226,2,32
227,2,32
228,2,32
229,2,32
230,2,32
231,2,32
232,2,32
233,2,32
234,2,32
235,2,32
236,2,32
237,2,32
238,2,32
239,2,32
240,2,32
241,2,32
242,2,32
243,2,32
244,2,32
245,2,32
246,2,32
247,2,32
248,2,32
249,2,32
250,2,32
251,2,32
252,2,32
253,2,32
254,2,32
255,2,32
256,2,32
257,2,32
258,2,32
259,2,32
260,2,32
261,2,32
262,2,32
263,2,32
264,2,32
265,2,32
266,2,32
267,2,32
268,2,32
269,2,32
270,2,32
271,2,32
272,2,32
273,2,32
274,2,32
275,2,32
276,2,32
277,2,32
278,2,32
279,2,32
280,2,32
281,2,32
282,2,32
283,2,32
284,2,32
285,2,32
286,2,32
287,2,32
288,2,32
289,2,32
290,2,32
291,2,32
292,2,32
293,2,32
294,2,32
295,2,32
296,2,32
297,2,32
298,2,32
299,2,32
300,2,32
301,2,32
302,2,32
303,2,32
304,2,32
305,2,32
306,2,32
307,2,32
308,2,32
309,2,32
310,2,32
311,2,32
312,2,32
313,2,32
314,2,32
315,2,32
316,2,32
317,2,32
318,2,32
319,2,32
0,3,32
1,3,32
2,3,32
3,3,32
4,3,32
5,3,32
6,3,32
7,3,32
8,3,32
9,3,32
10,3,32
11,3,32
12,3,32
13,3,32
14,3,32
15,3,32
16,3,32
17,3,32
18,3,32
19,3,32
20,3,32
21,3,32
22,3,32
23,3,32
24,3,32
25,3,32
26,3,32
27,3,32
28,3,32
29,3,32
30,3,32
31,3,32
32,3,32
33,3,32
34,3,32
35,3,32
36,3,32
37,3,32
38,3,32
39,3,32
40,3,32
41,3,32
42,3,32
43,3,32
44,3,32
45,3,32
46,3,32
47,3,32
48,3,32
49,3,32
50,3,32
51,3,32
52,3,32
53,3,32
54,3,32
55,3,32
56,3,32
57,3,32
58,3,32
59,3,32
60,3,32
61,3,32
62,3,32
63,3,32
64,3,32
65,3,32
66,3,32
67,3,32
68,3,32
69,3,32
70,3,32
71,3,32
72,3,32
73,3,32
74,3,32
75,3,32
76,3,32
77,3,32
78,3,32
79,3,32
80,3,32
81,3,32
82,3,32
83,3,32
84,3,32
85,3,32
86,3,32
87,3,32
88,3,32
89,3,32
90,3,32
91,3,32
92,3,32
93,3,32
94,3,32
95,3,32
96,3,32
97,3,32
98,3,32
99,3,32
100,3,32
101,3,32
102,3,32
103,3,32
104,3,32
105,3,32
106,3,32
107,3,32
108,3,32
109,3,32
110,3,32
111,3,32
112,3,32
113,3,32
114,3,32
115,3,32
116,3,32
117,3,32
118,3,32
119,3,32
120,3,32
121,3,32
122,3,32
123,3,32
124,3,32
125,3,32
126,3,32
127,3,32
128,3,32
129,3,32
130,3,32
131,3,32
132,3,32
133,3,32
134,3,32
135,3,32
136,3,32
137,3,32
138,3,32
139,3,32
140,3,32
141,3,32
142,3,32
143,3,32
144,3,32
145,3,32
146,3,32
147,3,32
148,3,32
149,3,32
150,3,32
151,3,32
152,3,32
153,3,32
154,3,32
155,3,32
156,3,32
157,3,32
158,3,32
159,3,32
160,3,32
161,3,32
162,3,32
163,3,32
164,3,32
165,3,32
166,3,32
167,3,32
168,3,32
169,3,32
170,3,32
171,3,32
172,3,32
173,3,32
174,3,32
175,3,32
176,3,32
177,3,32
178,3,32
179,3,32
180,3,32
181,3,32
182,3,32
183,3,32
184,3,32
185,3,32
186,3,32
187,3,32
188,3,32
189,3,32
190,3,32
191,3,32
192,3,32
193,3,32
194,3,32
195,3,32
196,3,32
197,3,32
198,3,32
199,3,32
200,3,32
201,3,32
202,3,32
203,3,32
204,3,32
205,3,32
206,3,32
207,3,32
208,3,32
209,3,32
210,3,32
211,3,32
212,3,32
213,3,32
214,3,32
215,3,32
216,3,32
217,3,32
218,3,32
219,3,32
220,3,32
221,3,32
222,3,32
223,3,32
224,3,32
225,3,32
226,3,32
227,3,32
228,3,32
229,3,32
230,3,32
231,3,32
232,3,32
233,3,32
234,3,32
235,3,32
236,3,32
237,3,32
238,3,32
239,3,32
240,3,32
241,3,32
242,3,32
243,3,32
244,3,32
245,3,32
246,3,32
247,3,32
248,3,32
249,3,32
250,3,32
251,3,32
252,3,32
253,3,32
254,3,32
255,3,32
256,3,32
257,3,32
258,3,32
259,3,32
260,3,32
261,3,32
262,3,32
263,3,32
264,3,32
265,3,32
266,3,32
267,3,32
268,3,32
269,3,32
270,3,32
271,3,32
272,3,32
273,3,32
274,3,32
275,3,32
276,3,32
277,3,32
278,3,32
279,3,32
280,3,32
281,3,32
282,3,32
283,3,32
284,3,32
285,3,32
286,3,32
287,3,32
288,3,32
289,3,32
290,3,32
291,3,32
292,3,32
293,3,32
294,3,32
295,3,32
296,3,32
297,3,32
298,3,32
299,3,32
300,3,32
301,3,32
302,3,32
303,3,32
304,3,32
305,3,32
306,3,32
307,3,32
308,3,32
309,3,32
310,3,32
311,3,32
312,3,32
313,3,32
314,3,32
315,3,32
316,3,32
317,3,32
318,3,32
319,3,32
0,4,32
1,4,32
2,4,32
3,4,32
4,4,32
5,4,32
6,4,32
7,4,32
8,4,32
9,4,32
10,4,32
11,4,32
12,4,32
13,4,32
14,4,32
15,4,32
16,4,32
17,4,32
18,4,32
19,4,32
20,4,32
21,4,32
22,4,32
23,4,32
24,4,32
25,4,32
26,4,32
27,4,32
28,4,32
29,4,32
30,4,32
31,4,32
32,4,32
33,4,32
34,4,32
35,4,32
36,4,32
37,4,32
38,4,32
39,4,32
40,4,32
41,4,32
42,4,32
43,4,32
44,4,32
45,4,32
46,4,32
47,4,32
48,4,32
49,4,32
50,4,32
51,4,32
52,4,32
53,4,32
54,4,32
55,4,32
56,4,32
57,4,32
58,4,32
59,4,32
60,4,32
61,4,32
62,4,32
63,4,32
64,4,32
65,4,32
66,4,32
67,4,32
68,4,32
69,4,32
70,4,32
71,4,32
72,4,32
73,4,32
74,4,32
75,4,32
76,4,32
77,4,32
78,4,32
79,4,32
80,4,32
81,4,32
82,4,32
83,4,32
84,4,32
85,4,32
86,4,32
87,4,32
88,4,32
89,4,32
90,4,32
91,4,32
92,4,32
93,4,32
94,4,32
95,4,32
96,4,32
97,4,32
98,4,32
99,4,32
100,4,32
101,4,32
102,4,32
103,4,32
104,4,32
105,4,32
106,4,32
107,4,32
108,4,32
109,4,32
110,4,32
111,4,32
112,4,32
113,4,32
114,4,32
115,4,32
116,4,32
117,4,32
118,4,32
119,4,32
120,4,32
121,4,32
122,4,32
123,4,32
124,4,32
125,4,32
126,4,32
127,4,32
128,4,32
129,4,32
130,4,32
131,4,32
132,4,32
133,4,32
134,4,32
135,4,32
136,4,32
137,4,32
138,4,32
139,4,32
140,4,32
141,4,32
142,4,32
143,4,32
144,4,32
145,4,32
146,4,32
147,4,32
148,4,32
149,4,32
150,4,32
151,4,32
152,4,32
153,4,32
154,4,32
155,4,32
156,4,32
157,4,32
158,4,32
159,4,32
160,4,32
161,4,32
162,4,32
163,4,32
164,4,32
165,4,32
166,4,32
167,4,32
168,4,32
169,4,32
170,4,32
171,4,32
172,4,32
173,4,32
174,4,32
175,4,32
176,4,32
177,4,32
178,4,32
179,4,32
180,4,32
181,4,32
182,4,32
183,4,32
184,4,32
185,4,32
186,4,32
187,4,32
188,4,32
189,4,32
190,4,32
191,4,32
192,4,32
193,4,32
194,4,32
195,4,32
196,4,32
197,4,32
198,4,32
199,4,32
200,4,32
201,4,32
202,4,32
203,4,32
204,4,32
205,4,32
206,4,32
207,4,32
208,4,32
209,4,32
210,4,32
211,4,32
212,4,32
213,4,32
214,4,32
215,4,32
216,4,32
217,4,32
218,4,32
219,4,32
220,4,32
221,4,32
222,4,32
223,4,32
224,4,32
225,4,32
226,4,32
227,4,32
228,4,32
229,4,32
230,4,32
231,4,32
232,4,32
233,4,32
234,4,32
235,4,32
236,4,32
237,4,32
238,4,32
239,4,32
240,4,32
241,4,32
242,4,32
243,4,32
244,4,32
245,4,32
246,4,32
247,4,32
248,4,32
249,4,32
250,4,32
251,4,32
252,4,32
253,4,32
254,4,32
255,4,32
256,4,32
257,4,32
258,4,32
259,4,32
260,4,32
261,4,32
262,4,32
263,4,32
264,4,32
265,4,32
266,4,32
267,4,32
268,4,32
269,4,32
270,4,32
271,4,32
272,4,32
273,4,32
274,4,32
275,4,32
276,4,32
277,4,32
278,4,32
279,4,32
280,4,32
281,4,32
282,4,32
283,4,32
284,4,32
285,4,32
286,4,32
287,4,32
288,4,32
289,4,32
290,4,32
291,4,32
292,4,32
293,4,32
294,4,32
295,4,32
296,4,32
297,4,32
298,4,32
299,4,32
300,4,32
301,4,32
302,4,32
303,4,32
304,4,32
305,4,32
306,4,32
307,4,32
308,4,32
309,4,32
310,4,32
311,4,32
312,4,32
313,4,32
314,4,32
315,4,32
316,4,32
317,4,32
318,4,32
319,4,32
0,5,32
1,5,32
2,5,32
3,5,32
4,5,32
5,5,32
6,5,32
7,5,32
8,5,32
9,5,32
10,5,32
11,5,32
12,5,32
13,5,32
14,5,32
15,5,32
16,5,32
17,5,32
18,5,32
19,5,32
20,5,32
21,5,32
22,5,32
23,5,32
24,5,32
25,5,32
26,5,32
27,5,32
28,5,32
29,5,32
30,5,32
31,5,32
32,5,32
33,5,32
34,5,32
35,5,32
36,5,32
37,5,32
38,5,32
39,5,32
40,5,32
41,5,32
42,5,32
43,5,32
44,5,32
45,5,32
46,5,32
47,5,32
48,5,32
49,5,32
50,5,32
51,5,32
52,5,32
53,5,32
54,5,32
55,5,32
56,5,32
57,5,32
58,5,32
59,5,32
60,5,32
61,5,32
62,5,32
63,5,32
64,5,32
65,5,32
66,5,32
67,5,32
68,5,32
69,5,32
70,5,32
71,5,32
72,5,32
73,5,32
74,5,32
75,5,32
76,5,32
77,5,32
78,5,32
79,5,32
80,5,32
81,5,32
82,5,32
83,5,32
84,5,32
85,5,32
86,5,32
87,5,32
88,5,32
89,5,32
90,5,32
91,5,32
92,5,32
93,5,32
94,5,32
95,5,32
96,5,32
97,5,32
98,5,32
99,5,32
100,5,32
101,5,32
102,5,32
103,5,32
104,5,32
105,5,32
106,5,32
107,5,32
108,5,32
109,5,32
110,5,32
111,5,32
112,5,32
113,5,32
114,5,32
115,5,32
116,5,32
117,5,32
118,5,32
119,5,32
120,5,32
121,5,32
122,5,32
123,5,32
124,5,32
125,5,32
126,5,32
127,5,32
128,5,32
129,5,32
130,5,32
131,5,32
132,5,32
133,5,32
134,5,32
135,5,32
136,5,32
137,5,32
138,5,32
139,5,32
140,5,32
141,5,32
142,5,32
143,5,32
144,5,32
145,5,32
146,5,32
147,5,32
148,5,32
149,5,32
150,5,32
151,5,32
152,5,32
153,5,32
154,5,32
155,5,32
156,5,32
157,5,32
158,5,32
159,5,32
160,5,32
161,5,32
162,5,32
163,5,32
164,5,32
165,5,32
166,5,32
167,5,32
168,5,32
169,5,32
170,5,32
171,5,32
172,5,32
173,5,32
174,5,32
175,5,32
176,5,32
177,5,32
178,5,32
179,5,32
180,5,32
181,5,32
182,5,32
183,5,32
184,5,32
185,5,32
186,5,32
187,5,32
188,5,32
189,5,32
190,5,32
191,5,32
192,5,32
193,5,32
194,5,32
195,5,32
196,5,32
197,5,32
198,5,32
199,5,32
200,5,32
201,5,32
202,5,32
203,5,32
204,5,32
205,5,32
206,5,32
207,5,32
208,5,32
209,5,32
210,5,32
211,5,32
212,5,32
213,5,32
214,5,32
215,5,32
216,5,32
217,5,32
218,5,32
219,5,32
220,5,32
221,5,32
222,5,32
223,5,32
224,5,32
225,5,32
226,5,32
227,5,32
228,5,32
229,5,32
230,5,32
231,5,32
232,5,32
233,5,32
234,5,32
235,5,32
236,5,32
237,5,32
238,5,32
239,5,32
240,5,32
241,5,32
242,5,32
243,5,32
244,5,32
245,5,32
246,5,32
247,5,32
248,5,32
249,5,32
250,5,32
251,5,32
252,5,32
253,5,32
254,5,32
255,5,32
256,5,32
257,5,32
258,5,32
259,5,32
260,5,32
261,5,32
262,5,32
263,5,32
264,5,32
265,5,32
266,5,32
267,5,32
268,5,32
269,5,32
270,5,32
271,5,32
272,5,32
273,5,32
274,5,32
275,5,32
276,5,32
277,5,32
278,5,32
279,5,32
280,5,32
281,5,32
282,5,32
283,5,32
284,5,32
285,5,32
286,5,32
287,5,32
288,5,32
289,5,32
290,5,32
291,5,32
292,5,32
293,5,32
294,5,32
295,5,32
296,5,32
297,5,32
298,5,32
299,5,32
300,5,32
301,5,32
302,5,32
303,5,32
304,5,32
305,5,32
306,5,32
307,5,32
308,5,32
309,5,32
310,5,32
311,5,32
312,5,32
313,5,32
314,5,32
315,5,32
316,5,32
317,5,32
318,5,32
319,5,32
0,6,32
1,6,32
2,6,32
3,6,32
4,6,32
5,6,32
6,6,32
7,6,32
8,6,32
9,6,32
10,6,32
11,6,32
12,6,32
13,6,32
14,6,32
15,6,32
16,6,32
17,6,32
18,6,32
19,6,32
20,6,32
21,6,32
22,6,32
23,6,32
24,6,32
25,6,32
26,6,32
27,6,32
28,6,32
29,6,32
30,6,32
31,6,32
32,6,32
33,6,32
34,6,32
35,6,32
36,6,32
37,6,32
38,6,32
39,6,32
40,6,32
41,6,32
42,6,32
43,6,32
44,6,32
45,6,32
46,6,32
47,6,32
48,6,32
49,6,32
50,6,32
51,6,32
52,6,32
53,6,32
54,6,32
55,6,32
56,6,32
57,6,32
58,6,32
59,6,32
60,6,32
61,6,32
62,6,32
63,6,32
64,6,32
65,6,32
66,6,32
67,6,32
68,6,32
69,6,32
70,6,32
71,6,32
72,6,32
73,6,32
74,6,32
75,6,32
76,6,32
77,6,32
78,6,32
79,6,32
80,6,32
81,6,32
82,6,32
83,6,32
84,6,32
85,6,32
86,6,32
87,6,32
88,6,32
89,6,32
90,6,32
91,6,32
92,6,32
93,6,32
94,6,32
95,6,32
96,6,32
97,6,32
98,6,32
99,6,32
100,6,32
101,6,32
102,6,32
103,6,32
104,6,32
105,6,32
106,6,32
107,6,32
108,6,32
109,6,32
110,6,32
111,6,32
112,6,32
113,6,32
114,6,32
115,6,32
116,6,32
117,6,32
118,6,32
119,6,32
120,6,32
121,6,32
122,6,32
123,6,32
124,6,32
125,6,32
126,6,32
127,6,32
128,6,32
129,6,32
130,6,32
131,6,32
132,6,32
133,6,32
134,6,32
135,6,32
136,6,32
137,6,32
138,6,32
139,6,32
140,6,32
141,6,32
142,6,32
143,6,32
144,6,32
145,6,32
146,6,32
147,6,32
148,6,32
149,6,32
150,6,32
151,6,32
152,6,32
153,6,32
154,6,32
155,6,32
156,6,32
157,6,32
158,6,32
159,6,32
160,6,32
161,6,32
162,6,32
163,6,32
164,6,32
165,6,32
166,6,32
167,6,32
168,6,32
169,6,32
170,6,32
171,6,32
172,6,32
173,6,32
174,6,32
175,6,32
176,6,32
177,6,32
178,6,32
179,6,32
180,6,32
181,6,32
182,6,32
183,6,32
184,6,32
185,6,32
186,6,32
187,6,32
188,6,32
189,6,32
190,6,32
191,6,32
192,6,32
193,6,32
194,6,32
195,6,32
196,6,32
197,6,32
198,6,32
199,6,32
200,6,32
201,6,32
202,6,32
203,6,32
204,6,32
205,6,32
206,6,32
207,6,32
208,6,32
209,6,32
210,6,32
211,6,32
212,6,32
213,6,32
214,6,32
215,6,32
216,6,32
217,6,32
218,6,32
219,6,32
220,6,32
221,6,32
222,6,32
223,6,32
224,6,32
225,6,32
226,6,32
227,6,32
228,6,32
229,6,32
230,6,32
231,6,32
232,6,32
233,6,32
234,6,32
235,6,32
236,6,32
237,6,32
238,6,32
239,6,32
240,6,32
241,6,32
242,6,32
243,6,32
244,6,32
245,6,32
246,6,32
247,6,32
248,6,32
249,6,32
250,6,32
251,6,32
252,6,32
253,6,32
254,6,32
255,6,32
256,6,32
257,6,32
258,6,32
259,6,32
260,6,32
261,6,32
262,6,32
263,6,32
264,6,32
265,6,32
266,6,32
267,6,32
268,6,32
269,6,32
270,6,32
271,6,32
272,6,32
273,6,32
274,6,32
275,6,32
276,6,32
277,6,32
278,6,32
279,6,32
280,6,32
281,6,32
282,6,32
283,6,32
284,6,32
285,6,32
286,6,32
287,6,32
288,6,32
289,6,32
290,6,32
291,6,32
292,6,32
293,6,32
294,6,32
295,6,32
296,6,32
297,6,32
298,6,32
299,6,32
300,6,32
301,6,32
302,6,32
303,6,32
304,6,32
305,6,32
306,6,32
307,6,32
308,6,32
309,6,32
310,6,32
311,6,32
312,6,32
313,6,32
314,6,32
315,6,32
316,6,32
317,6,32
318,6,32
319,6,32
0,7,32
1,7,32
2,7,32
3,7,32
4,7,32
5,7,32
6,7,32
7,7,32
8,7,32
9,7,32
10,7,32
11,7,32
12,7,32
13,7,32
14,7,32
15,7,32
16,7,32
17,7,32
18,7,32
19,7,32
20,7,32
21,7,32
22,7,32
23,7,32
24,7,32
25,7,32
26,7,32
27,7,32
28,7,32
29,7,32
30,7,32
31,7,32
32,7,32
33,7,32
34,7,32
35,7,32
36,7,32
37,7,32
38,7,32
39,7,32
40,7,32
41,7,32
42,7,32
43,7,32
44,7,32
45,7,32
46,7,32
47,7,32
48,7,32
49,7,32
50,7,32
51,7,32
52,7,32
53,7,32
54,7,32
55,7,32
56,7,32
57,7,32
58,7,32
59,7,32
60,7,32
61,7,32
62,7,32
63,7,32
64,7,32
65,7,32
66,7,32
67,7,32
68,7,32
69,7,32
70,7,32
71,7,32
72,7,32
73,7,32
74,7,32
75,7,32
76,7,32
77,7,32
78,7,32
79,7,32
80,7,32
81,7,32
82,7,32
83,7,32
84,7,32
85,7,32
86,7,32
87,7,32
88,7,32
89,7,32
90,7,32
91,7,32
92,7,32
93,7,32
94,7,32
95,7,32
96,7,32
97,7,32
98,7,32
99,7,32
100,7,32
101,7,32
102,7,32
103,7,32
104,7,32
105,7,32
106,7,32
107,7,32
108,7,32
109,7,32
110,7,32
111,7,32
112,7,32
113,7,32
114,7,32
115,7,32
116,7,32
117,7,32
118,7,32
119,7,32
120,7,32
121,7,32
122,7,32
123,7,32
124,7,32
125,7,32
126,7,32
127,7,32
128,7,32
129,7,32
130,7,32
131,7,32
132,7,32
133,7,32
134,7,32
135,7,32
136,7,32
137,7,32
138,7,32
139,7,32
140,7,32
141,7,32
142,7,32
143,7,32
144,7,32
145,7,32
146,7,32
147,7,32
148,7,32
149,7,32
150,7,32
151,7,32
152,7,32
153,7,32
154,7,32
155,7,32
156,7,32
157,7,32
158,7,32
159,7,32
160,7,32
161,7,32
162,7,32
163,7,32
164,7,32
165,7,32
166,7,32
167,7,32
168,7,32
169,7,32
170,7,32
171,7,32
172,7,32
173,7,32
174,7,32
175,7,32
176,7,32
177,7,32
178,7,32
179,7,32
180,7,32
181,7,32
182,7,32
183,7,32
184,7,32
185,7,32
186,7,32
187,7,32
188,7,32
189,7,32
190,7,32
191,7,32
192,7,32
193,7,32
194,7,32
195,7,32
196,7,32
197,7,32
198,7,32
199,7,32
200,7,32
201,7,32
202,7,32
203,7,32
204,7,32
205,7,32
206,7,32
207,7,32
208,7,32
209,7,32
210,7,32
211,7,32
212,7,32
213,7,32
214,7,32
215,7,32
216,7,32
217,7,32
218,7,32
219,7,32
220,7,32
221,7,32
222,7,32
223,7,32
224,7,32
225,7,32
226,7,32
227,7,32
228,7,32
229,7,32
230,7,32
231,7,32
232,7,32
233,7,32
234,7,32
235,7,32
236,7,32
237,7,32
238,7,32
239,7,32
240,7,32
241,7,32
242,7,32
243,7,32
244,7,32
245,7,32
246,7,32
247,7,32
248,7,32
249,7,32
250,7,32
251,7,32
252,7,32
253,7,32
254,7,32
255,7,32
256,7,32
257,7,32
258,7,32
259,7,32
260,7,32
261,7,32
262,7,32
263,7,32
264,7,32
265,7,32
266,7,32
267,7,32
268,7,32
269,7,32
270,7,32
271,7,32
272,7,32
273,7,32
274,7,32
275,7,32
276,7,32
277,7,32
278,7,32
279,7,32
280,7,32
281,7,32
282,7,32
283,7,32
284,7,32
285,7,32
286,7,32
287,7,32
288,7,32
289,7,32
290,7,32
291,7,32
292,7,32
293,7,32
294,7,32
295,7,32
296,7,32
297,7,32
298,7,32
299,7,32
300,7,32
301,7,32
302,7,32
303,7,32
304,7,32
305,7,32
306,7,32
307,7,32
308,7,32
309,7,32
310,7,32
311,7,32
312,7,32
313,7,32
314,7,32
315,7,32
316,7,32
317,7,32
318,7,32
319,7,32
0,8,32
1,8,32
2,8,32
3,8,32
4,8,32
5,8,32
6,8,32
7,8,32
8,8,32
9,8,32
10,8,32
11,8,32
12,8,32
13,8,32
14,8,32
15,8,32
16,8,32
17,8,32
18,8,32
19,8,32
20,8,32
21,8,32
22,8,32
23,8,32
24,8,32
25,8,32
26,8,32
27,8,32
28,8,32
29,8,32
30,8,32
31,8,32
32,8,32
33,8,32
34,8,32
35,8,32
36,8,32
37,8,32
38,8,32
39,8,32
40,8,32
41,8,32
42,8,32
43,8,32
44,8,32
45,8,32
46,8,32
47,8,32
48,8,32
49,8,32
50,8,32
51,8,32
52,8,32
53,8,32
54,8,32
55,8,32
56,8,32
57,8,32
58,8,32
59,8,32
60,8,32
61,8,32
62,8,32
63,8,32
64,8,32
65,8,32
66,8,32
67,8,32
68,8,32
69,8,32
70,8,32
71,8,32
72,8,32
73,8,32
74,8,32
75,8,32
76,8,32
77,8,32
78,8,32
79,8,32
80,8,32
81,8,32
82,8,32
83,8,32
84,8,32
85,8,32
86,8,32
87,8,32
88,8,32
89,8,32
90,8,32
91,8,32
92,8,32
93,8,32
94,8,32
95,8,32
96,8,32
97,8,32
98,8,32
99,8,32
100,8,32
101,8,32
102,8,32
103,8,32
104,8,32
105,8,32
106,8,32
107,8,32
108,8,32
109,8,32
110,8,32
111,8,32
112,8,32
113,8,32
114,8,32
115,8,32
116,8,32
117,8,32
118,8,32
119,8,32
120,8,32
121,8,32
122,8,32
123,8,32
124,8,32
125,8,32
126,8,32
127,8,32
128,8,32
129,8,32
130,8,32
131,8,32
132,8,32
133,8,32
134,8,32
135,8,32
136,8,32
137,8,32
138,8,32
139,8,32
140,8,32
141,8,32
142,8,32
143,8,32
144,8,32
145,8,32
146,8,32
147,8,32
148,8,32
149,8,32
150,8,32
151,8,32
152,8,32
153,8,32
154,8,32
155,8,32
156,8,32
157,8,32
158,8,32
159,8,32
160,8,32
161,8,32
162,8,32
163,8,32
164,8,32
165,8,32
166,8,32
167,8,32
168,8,32
169,8,32
170,8,32
171,8,32
172,8,32
173,8,32
174,8,32
175,8,32
176,8,32
177,8,32
178,8,32
179,8,32
180,8,32
181,8,32
182,8,32
183,8,32
184,8,32
185,8,32
186,8,32
187,8,32
188,8,32
189,8,32
190,8,32
191,8,32
192,8,32
193,8,32
194,8,32
195,8,32
196,8,32
197,8,32
198,8,32
199,8,32
200,8,32
201,8,32
202,8,32
203,8,32
204,8,32
205,8,32
206,8,32
207,8,32
208,8,32
209,8,32
210,8,32
211,8,32
212,8,32
213,8,32
214,8,32
215,8,32
216,8,32
217,8,32
218,8,32
219,8,32
220,8,32
221,8,32
222,8,32
223,8,32
224,8,32
225,8,32
226,8,32
227,8,32
228,8,32
229,8,32
230,8,32
231,8,32
232,8,32
233,8,32
234,8,32
235,8,32
236,8,32
237,8,32
238,8,32
239,8,32
240,8,32
241,8,32
242,8,32
243,8,32
244,8,32
245,8,32
246,8,32
247,8,32
248,8,32
249,8,32
250,8,32
251,8,32
252,8,32
253,8,32
254,8,32
255,8,32
256,8,32
257,8,32
258,8,32
259,8,32
260,8,32
261,8,32
262,8,32
263,8,32
264,8,32
265,8,32
266,8,32
267,8,32
268,8,32
269,8,32
270,8,32
271,8,32
272,8,32
273,8,32
274,8,32
275,8,32
276,8,32
277,8,32
278,8,32
279,8,32
280,8,32
281,8,32
282,8,32
283,8,32
284,8,32
285,8,32
286,8,32
287,8,32
288,8,32
289,8,32
290,8,32
291,8,32
292,8,32
293,8,32
294,8,32
295,8,32
296,8,32
297,8,32
298,8,32
299,8,32
300,8,32
301,8,32
302,8,32
303,8,32
304,8,32
305,8,32
306,8,32
307,8,32
308,8,32
309,8,32
310,8,32
311,8,32
312,8,32
313,8,32
314,8,32
315,8,32
316,8,32
317,8,32
318,8,32
319,8,32
0,9,32
1,9,32
2,9,32
3,9,32
4,9,32
5,9,32
6,9,32
7,9,32
8,9,32
9,9,32
10,9,32
11,9,32
12,9,32
13,9,32
14,9,32
15,9,32
16,9,32
17,9,32
18,9,32
19,9,32
20,9,32
21,9,32
22,9,32
23,9,32
24,9,32
25,9,32
26,9,32
27,9,32
28,9,32
29,9,32
30,9,32
31,9,32
32,9,32
33,9,32
34,9,32
35,9,32
36,9,32
37,9,32
38,9,32
39,9,32
40,9,32
41,9,32
42,9,32
43,9,32
44,9,32
45,9,32
46,9,32
47,9,32
48,9,32
49,9,32
50,9,32
51,9,32
52,9,32
53,9,32
54,9,32
55,9,32
56,9,32
57,9,32
58,9,32
59,9,32
60,9,32
61,9,32
62,9,32
63,9,32
64,9,32
65,9,32
66,9,32
67,9,32
68,9,32
69,9,32
70,9,32
71,9,32
72,9,32
73,9,32
74,9,32
75,9,32
76,9,32
77,9,32
78,9,32
79,9,32
80,9,32
81,9,32
82,9,32
83,9,32
84,9,32
85,9,32
86,9,32
87,9,32
88,9,32
89,9,32
90,9,32
91,9,32
92,9,32
93,9,32
94,9,32
95,9,32
96,9,32
97,9,32
98,9,32
99,9,32
100,9,32
101,9,32
102,9,32
103,9,32
104,9,32
105,9,32
106,9,32
107,9,32
108,9,32
109,9,32
110,9,32
111,9,32
112,9,32
113,9,32
114,9,32
115,9,32
116,9,32
117,9,32
118,9,32
119,9,32
120,9,32
121,9,32
122,9,32
123,9,32
124,9,32
125,9,32
126,9,32
127,9,32
128,9,32
129,9,32
130,9,32
131,9,32
132,9,32
133,9,32
134,9,32
135,9,32
136,9,32
137,9,32
138,9,32
139,9,32
140,9,32
141,9,32
142,9,32
143,9,32
144,9,32
145,9,32
146,9,32
147,9,32
148,9,32
149,9,32
150,9,32
151,9,32
152,9,32
153,9,32
154,9,32
155,9,32
156,9,32
157,9,32
158,9,32
159,9,32
160,9,32
161,9,32
162,9,32
163,9,32
164,9,32
165,9,32
166,9,32
167,9,32
168,9,32
169,9,32
170,9,32
171,9,32
172,9,32
173,9,32
174,9,32
175,9,32
176,9,32
177,9,32
178,9,32
179,9,32
180,9,32
181,9,32
182,9,32
183,9,32
184,9,32
185,9,32
186,9,32
187,9,32
188,9,32
189,9,32
190,9,32
191,9,32
192,9,32
193,9,32
194,9,32
195,9,32
196,9,32
197,9,32
198,9,32
199,9,32
200,9,32
201,9,32
202,9,32
203,9,32
204,9,32
205,9,32
206,9,32
207,9,32
208,9,32
209,9,32
210,9,32
211,9,32
212,9,32
213,9,32
214,9,32
215,9,32
216,9,32
217,9,32
218,9,32
219,9,32
220,9,32
221,9,32
222,9,32
223,9,32
224,9,32
225,9,32
226,9,32
227,9,32
228,9,32
229,9,32
230,9,32
231,9,32
232,9,32
233,9,32
234,9,32
235,9,32
236,9,32
237,9,32
238,9,32
239,9,32
240,9,32
241,9,32
242,9,32
243,9,32
244,9,32
245,9,32
246,9,32
247,9,32
248,9,32
249,9,32
250,9,32
251,9,32
252,9,32
253,9,32
254,9,32
255,9,32
256,9,32
257,9,32
258,9,32
259,9,32
260,9,32
261,9,32
262,9,32
263,9,32
264,9,32
265,9,32
266,9,32
267,9,32
268,9,32
269,9,32
270,9,32
271,9,32
272,9,32
273,9,32
274,9,32
275,9,32
276,9,32
277,9,32
278,9,32
279,9,32
280,9,32
281,9,32
282,9,32
283,9,32
284,9,32
285,9,32
286,9,32
287,9,32
288,9,32
289,9,32
290,9,32
291,9,32
292,9,32
293,9,32
294,9,32
295,9,32
296,9,32
297,9,32
298,9,32
299,9,32
300,9,32
301,9,32
302,9,32
303,9,32
304,9,32
305,9,32
306,9,32
307,9,32
308,9,32
309,9,32
310,9,32
311,9,32
312,9,32
313,9,32
314,9,32
315,9,32
316,9,32
317,9,32
318,9,32
319,9,32
0,10,32
1,10,32
2,10,32
3,10,32
4,10,32
5,10,32
6,10,32
7,10,32
8,10,32
9,10,32
10,10,32
11,10,32
12,10,32
13,10,32
14,10,32
15,10,32
16,10,32
17,10,32
18,10,32
19,10,32
20,10,32
21,10,32
22,10,32
23,10,32
24,10,32
25,10,32
26,10,32
27,10,32
28,10,32
29,10,32
30,10,32
31,10,32
32,10,32
33,10,32
34,10,32
35,10,32
36,10,32
37,10,32
38,10,32
39,10,32
40,10,32
41,10,32
42,10,32
43,10,32
44,10,32
45,10,32
46,10,32
47,10,32
48,10,32
49,10,32
50,10,32
51,10,32
52,10,32
53,10,32
54,10,32
55,10,32
56,10,32
57,10,32
58,10,32
59,10,32
60,10,32
61,10,32
62,10,32
63,10,32
64,10,32
65,10,32
66,10,32
67,10,32
68,10,32
69,10,32
70,10,32
71,10,32
72,10,32
73,10,32
74,10,32
75,10,32
76,10,32
77,10,32
78,10,32
79,10,32
80,10,32
81,10,32
82,10,32
83,10,32
84,10,32
85,10,32
86,10,32
87,10,32
88,10,32
89,10,32
90,10,32
91,10,32
92,10,32
93,10,32
94,10,32
95,10,32
96,10,32
97,10,32
98,10,32
99,10,32
100,10,32
101,10,32
102,10,32
103,10,32
104,10,32
105,10,32
106,10,32
107,10,32
108,10,32
109,10,32
110,10,32
111,10,32
112,10,32
113,10,32
114,10,32
115,10,32
116,10,32
117,10,32
118,10,32
119,10,32
120,10,32
121,10,32
122,10,32
123,10,32
124,10,32
125,10,32
126,10,32
127,10,32
128,10,32
129,10,32
130,10,32
131,10,32
132,10,32
133,10,32
134,10,32
135,10,32
136,10,32
137,10,32
138,10,32
139,10,32
140,10,32
141,10,32
142,10,32
143,10,32
144,10,32
145,10,32
146,10,32
147,10,32
148,10,32
149,10,32
150,10,32
151,10,32
152,10,32
153,10,32
154,10,32
155,10,32
156,10,32
157,10,32
158,10,32
159,10,32
160,10,32
161,10,32
162,10,32
163,10,32
164,10,32
165,10,32
166,10,32
167,10,32
168,10,32
169,10,32
170,10,32
171,10,32
172,10,32
173,10,32
174,10,32
175,10,32
176,10,32
177,10,32
178,10,32
179,10,32
180,10,32
181,10,32
182,10,32
183,10,32
184,10,32
185,10,32
186,10,32
187,10,32
188,10,32
189,10,32
190,10,32
191,10,32
192,10,32
193,10,32
194,10,32
195,10,32
196,10,32
197,10,32
198,10,32
199,10,32
200,10,32
201,10,32
202,10,32
203,10,32
204,10,32
205,10,32
206,10,32
207,10,32
208,10,32
209,10,32
210,10,32
211,10,32
212,10,32
213,10,32
214,10,32
215,10,32
216,10,32
217,10,32
218,10,32
219,10,32
220,10,32
221,10,32
222,10,32
223,10,32
224,10,32
225,10,32
226,10,32
227,10,32
228,10,32
229,10,32
230,10,32
231,10,32
232,10,32
233,10,32
234,10,32
235,10,32
236,10,32
237,10,32
238,10,32
239,10,32
240,10,32
241,10,32
242,10,32
243,10,32
244,10,32
245,10,32
246,10,32
247,10,32
248,10,32
249,10,32
250,10,32
251,10,32
252,10,32
253,10,32
254,10,32
255,10,32
256,10,32
257,10,32
258,10,32
259,10,32
260,10,32
261,10,32
262,10,32
263,10,32
264,10,32
265,10,32
266,10,32
267,10,32
268,10,32
269,10,32
270,10,32
271,10,32
272,10,32
273,10,32
274,10,32
275,10,32
276,10,32
277,10,32
278,10,32
279,10,32
280,10,32
281,10,32
282,10,32
283,10,32
284,10,32
285,10,32
286,10,32
287,10,32
288,10,32
289,10,32
290,10,32
291,10,32
292,10,32
293,10,32
294,10,32
295,10,32
296,10,32
297,10,32
298,10,32
299,10,32
300,10,32
301,10,32
302,10,32
303,10,32
304,10,32
305,10,32
306,10,32
307,10,32
308,10,32
309,10,32
310,10,32
311,10,32
312,10,32
313,10,32
314,10,32
315,10,32
316,10,32
317,10,32
318,10,32
319,10,32
0,11,32
1,11,32
2,11,32
3,11,32
4,11,32
5,11,32
6,11,32
7,11,32
8,11,32
9,11,32
10,11,32
11,11,32
12,11,32
13,11,32
14,11,32
15,11,32
16,11,32
17,11,32
18,11,32
19,11,32
20,11,32
21,11,32
22,11,32
23,11,32
24,11,32
25,11,32
26,11,32
27,11,32
28,11,32
29,11,32
30,11,32
31,11,32
32,11,32
33,11,32
34,11,32
35,11,32
36,11,32
37,11,32
38,11,32
39,11,32
40,11,32
41,11,32
42,11,32
43,11,32
44,11,32
45,11,32
46,11,32
47,11,32
48,11,32
49,11,32
50,11,32
51,11,32
52,11,32
53,11,32
54,11,32
55,11,32
56,11,32
57,11,32
58,11,32
59,11,32
60,11,32
61,11,32
62,11,32
63,11,32
64,11,32
65,11,32
66,11,32
67,11,32
68,11,32
69,11,32
70,11,32
71,11,32
72,11,32
73,11,32
74,11,32
75,11,32
76,11,32
77,11,32
78,11,32
79,11,32
80,11,32
81,11,32
82,11,32
83,11,32
84,11,32
85,11,32
86,11,32
87,11,32
88,11,32
89,11,32
90,11,32
91,11,32
92,11,32
93,11,32
94,11,32
95,11,32
96,11,32
97,11,32
98,11,32
99,11,32
100,11,32
101,11,32
102,11,32
103,11,32
104,11,32
105,11,32
106,11,32
107,11,32
108,11,32
109,11,32
110,11,32
111,11,32
112,11,32
113,11,32
114,11,32
115,11,32
116,11,32
117,11,32
118,11,32
119,11,32
120,11,32
121,11,32
122,11,32
123,11,32
124,11,32
125,11,32
126,11,32
127,11,32
128,11,32
129,11,32
130,11,32
131,11,32
132,11,32
133,11,32
134,11,32
135,11,32
136,11,32
137,11,32
138,11,32
139,11,32
140,11,32
141,11,32
142,11,32
143,11,32
144,11,32
145,11,32
146,11,32
147,11,32
148,11,32
149,11,32
150,11,32
151,11,32
152,11,32
153,11,32
154,11,32
155,11,32
156,11,32
157,11,32
158,11,32
159,11,32
160,11,32
161,11,32
162,11,32
163,11,32
164,11,32
165,11,32
166,11,32
167,11,32
168,11,32
169,11,32
170,11,32
171,11,32
172,11,32
173,11,32
174,11,32
175,11,32
176,11,32
177,11,32
178,11,32
179,11,32
180,11,32
181,11,32
182,11,32
183,11,32
184,11,32
185,11,32
186,11,32
187,11,32
188,11,32
189,11,32
190,11,32
191,11,32
192,11,32
193,11,32
194,11,32
195,11,32
196,11,32
197,11,32
198,11,32
199,11,32
200,11,32
201,11,32
202,11,32
203,11,32
204,11,32
205,11,32
206,11,32
207,11,32
208,11,32
209,11,32
210,11,32
211,11,32
212,11,32
213,11,32
214,11,32
215,11,32
216,11,32
217,11,32
218,11,32
219,11,32
220,11,32
221,11,32
222,11,32
223,11,32
224,11,32
225,11,32
226,11,32
227,11,32
228,11,32
229,11,32
230,11,32
231,11,32
232,11,32
233,11,32
234,11,32
235,11,32
236,11,32
237,11,32
238,11,32
239,11,32
240,11,32
241,11,32
242,11,32
243,11,32
244,11,32
245,11,32
246,11,32
247,11,32
248,11,32
249,11,32
250,11,32
251,11,32
252,11,32
253,11,32
254,11,32
255,11,32
256,11,32
257,11,32
258,11,32
259,11,32
260,11,32
261,11,32
262,11,32
263,11,32
264,11,32
265,11,32
266,11,32
267,11,32
268,11,32
269,11,32
270,11,32
271,11,32
272,11,32
273,11,32
274,11,32
275,11,32
276,11,32
277,11,32
278,11,32
279,11,32
280,11,32
281,11,32
282,11,32
283,11,32
284,11,32
285,11,32
286,11,32
287,11,32
288,11,32
289,11,32
290,11,32
291,11,32
292,11,32
293,11,32
294,11,32
295,11,32
296,11,32
297,11,32
298,11,32
299,11,32
300,11,32
301,11,32
302,11,32
303,11,32
304,11,32
305,11,32
306,11,32
307,11,32
308,11,32
309,11,32
310,11,32
311,11,32
312,11,32
313,11,32
314,11,32
315,11,32
316,11,32
317,11,32
318,11,32
319,11,32
0,12,32
1,12,32
2,12,32
3,12,32
4,12,32
5,12,32
6,12,32
7,12,32
8,12,32
9,12,32
10,12,32
11,12,32
12,12,32
13,12,32
14,12,32
15,12,32
16,12,32
17,12,32
18,12,32
19,12,32
20,12,32
21,12,32
22,12,32
23,12,32
24,12,32
25,12,32
26,12,32
27,12,32
28,12,32
29,12,32
30,12,32
31,12,32
32,12,32
33,12,32
34,12,32
35,12,32
36,12,32
37,12,32
38,12,32
39,12,32
40,12,32
41,12,32
42,12,32
43,12,32
44,12,32
45,12,32
46,12,32
47,12,32
48,12,32
49,12,32
50,12,32
51,12,32
52,12,32
53,12,32
54,12,32
55,12,32
56,12,32
57,12,32
58,12,32
59,12,32
60,12,32
61,12,32
62,12,32
63,12,32
64,12,32
65,12,32
66,12,32
67,12,32
68,12,32
69,12,32
70,12,32
71,12,32
72,12,32
73,12,32
74,12,32
75,12,32
76,12,32
77,12,32
78,12,32
79,12,32
80,12,32
81,12,32
82,12,32
83,12,32
84,12,32
85,12,32
86,12,32
87,12,32
88,12,32
89,12,32
90,12,32
91,12,32
92,12,32
93,12,32
94,12,32
95,12,32
96,12,32
97,12,32
98,12,32
99,12,32
100,12,32
101,12,32
102,12,32
103,12,32
104,12,32
105,12,32
106,12,32
107,12,32
108,12,32
109,12,32
110,12,32
111,12,32
112,12,32
113,12,32
114,12,32
115,12,32
116,12,32
117,12,32
118,12,32
119,12,32
120,12,32
121,12,32
122,12,32
123,12,32
124,12,32
125,12,32
126,12,32
127,12,32
128,12,32
129,12,32
130,12,32
131,12,32
132,12,32
133,12,32
134,12,32
135,12,32
136,12,32
137,12,32
138,12,32
139,12,32
140,12,32
141,12,32
142,12,32
143,12,32
144,12,32
145,12,32
146,12,32
147,12,32
148,12,32
149,12,32
150,12,32
151,12,32
152,12,32
153,12,32
154,12,32
155,12,32
156,12,32
157,12,32
158,12,32
159,12,32
160,12,32
161,12,32
162,12,32
163,12,32
164,12,32
165,12,32
166,12,32
167,12,32
168,12,32
169,12,32
170,12,32
171,12,32
172,12,32
173,12,32
174,12,32
175,12,32
176,12,32
177,12,32
178,12,32
179,12,32
180,12,32
181,12,32
182,12,32
183,12,32
184,12,32
185,12,32
186,12,32
187,12,32
188,12,32
189,12,32
190,12,32
191,12,32
192,12,32
193,12,32
194,12,32
195,12,32
196,12,32
197,12,32
198,12,32
199,12,32
200,12,32
201,12,32
202,12,32
203,12,32
204,12,32
205,12,32
206,12,32
207,12,32
208,12,32
209,12,32
210,12,32
211,12,32
212,12,32
213,12,32
214,12,32
215,12,32
216,12,32
217,12,32
218,12,32
219,12,32
220,12,32
221,12,32
222,12,32
223,12,32
224,12,32
225,12,32
226,12,32
227,12,32
228,12,32
229,12,32
230,12,32
231,12,32
232,12,32
233,12,32
234,12,32
235,12,32
236,12,32
237,12,32
238,12,32
239,12,32
240,12,32
241,12,32
242,12,32
243,12,32
244,12,32
245,12,32
246,12,32
247,12,32
248,12,32
249,12,32
250,12,32
251,12,32
252,12,32
253,12,32
254,12,32
255,12,32
256,12,32
257,12,32
258,12,32
259,12,32
260,12,32
261,12,32
262,12,32
263,12,32
264,12,32
265,12,32
266,12,32
267,12,32
268,12,32
269,12,32
270,12,32
271,12,32
272,12,32
273,12,32
274,12,32
275,12,32
276,12,32
277,12,32
278,12,32
279,12,32
280,12,32
281,12,32
282,12,32
283,12,32
284,12,32
285,12,32
286,12,32
287,12,32
288,12,32
289,12,32
290,12,32
291,12,32
292,12,32
293,12,32
294,12,32
295,12,32
296,12,32
297,12,32
298,12,32
299,12,32
300,12,32
301,12,32
302,12,32
303,12,32
304,12,32
305,12,32
306,12,32
307,12,32
308,12,32
309,12,32
310,12,32
311,12,32
312,12,32
313,12,32
314,12,32
315,12,32
316,12,32
317,12,32
318,12,32
319,12,32
0,13,32
1,13,32
2,13,32
3,13,32
4,13,32
5,13,32
6,13,32
7,13,32
8,13,32
9,13,32
10,13,32
11,13,32
12,13,32
13,13,32
14,13,32
15,13,32
16,13,32
17,13,32
18,13,32
19,13,32
20,13,32
21,13,32
22,13,32
23,13,32
24,13,32
25,13,32
26,13,32
27,13,32
28,13,32
29,13,32
30,13,32
31,13,32
32,13,32
33,13,32
34,13,32
35,13,32
36,13,32
37,13,32
38,13,32
39,13,32
40,13,32
41,13,32
42,13,32
43,13,32
44,13,32
45,13,32
46,13,32
47,13,32
48,13,32
49,13,32
50,13,32
51,13,32
52,13,32
53,13,32
54,13,32
55,13,32
56,13,32
57,13,32
58,13,32
59,13,32
60,13,32
61,13,32
62,13,32
63,13,32
64,13,32
65,13,32
66,13,32
67,13,32
68,13,32
69,13,32
70,13,32
71,13,32
72,13,32
73,13,32
74,13,32
75,13,32
76,13,32
77,13,32
78,13,32
79,13,32
80,13,32
81,13,32
82,13,32
83,13,32
84,13,32
85,13,32
86,13,32
87,13,32
88,13,32
89,13,32
90,13,32
91,13,32
92,13,32
93,13,32
94,13,32
95,13,32
96,13,32
97,13,32
98,13,32
99,13,32
100,13,32
101,13,32
102,13,32
103,13,32
104,13,32
105,13,32
106,13,32
107,13,32
108,13,32
109,13,32
110,13,32
111,13,32
112,13,32
113,13,32
114,13,32
115,13,32
116,13,32
117,13,32
118,13,32
119,13,32
120,13,32
121,13,32
122,13,32
123,13,32
124,13,32
125,13,32
126,13,32
127,13,32
128,13,32
129,13,32
130,13,32
131,13,32
132,13,32
133,13,32
134,13,32
135,13,32
136,13,32
137,13,32
138,13,32
139,13,32
140,13,32
141,13,32
142,13,32
143,13,32
144,13,32
145,13,32
146,13,32
147,13,32
148,13,32
149,13,32
150,13,32
151,13,32
152,13,32
153,13,32
154,13,32
155,13,32
156,13,32
157,13,32
158,13,32
159,13,32
160,13,32
161,13,32
162,13,32
163,13,32
164,13,32
165,13,32
166,13,32
167,13,32
168,13,32
169,13,32
170,13,32
171,13,32
172,13,32
173,13,32
174,13,32
175,13,32
176,13,32
177,13,32
178,13,32
179,13,32
180,13,32
181,13,32
182,13,32
183,13,32
184,13,32
185,13,32
186,13,32
187,13,32
188,13,32
189,13,32
190,13,32
191,13,32
192,13,32
193,13,32
194,13,32
195,13,32
196,13,32
197,13,32
198,13,32
199,13,32
200,13,32
201,13,32
202,13,32
203,13,32
204,13,32
205,13,32
206,13,32
207,13,32
208,13,32
209,13,32
210,13,32
211,13,32
212,13,32
213,13,32
214,13,32
215,13,32
216,13,32
217,13,32
218,13,32
219,13,32
220,13,32
221,13,32
222,13,32
223,13,32
224,13,32
225,13,32
226,13,32
227,13,32
228,13,32
229,13,32
230,13,32
231,13,32
232,13,32
233,13,32
234,13,32
235,13,32
236,13,32
237,13,32
238,13,32
239,13,32
240,13,32
241,13,32
242,13,32
243,13,32
244,13,32
245,13,32
246,13,32
247,13,32
248,13,32
249,13,32
250,13,32
251,13,32
252,13,32
253,13,32
254,13,32
255,13,32
256,13,32
257,13,32
258,13,32
259,13,32
260,13,32
261,13,32
262,13,32
263,13,32
264,13,32
265,13,32
266,13,32
267,13,32
268,13,32
269,13,32
270,13,32
271,13,32
272,13,32
273,13,32
274,13,32
275,13,32
276,13,32
277,13,32
278,13,32
279,13,32
280,13,32
281,13,32
282,13,32
283,13,32
284,13,32
285,13,32
286,13,32
287,13,32
288,13,32
289,13,32
290,13,32
291,13,32
292,13,32
293,13,32
294,13,32
295,13,32
296,13,32
297,13,32
298,13,32
299,13,32
300,13,32
301,13,32
302,13,32
303,13,32
304,13,32
305,13,32
306,13,32
307,13,32
308,13,32
309,13,32
310,13,32
311,13,32
312,13,32
313,13,32
314,13,32
315,13,32
316,13,32
317,13,32
318,13,32
319,13,32
0,14,32
1,14,32
2,14,32
3,14,32
4,14,32
5,14,32
6,14,32
7,14,32
8,14,32
9,14,32
10,14,32
11,14,32
12,14,32
13,14,32
14,14,32
15,14,32
16,14,32
17,14,32
18,14,32
19,14,32
20,14,32
21,14,32
22,14,32
23,14,32
24,14,32
25,14,32
26,14,32
27,14,32
28,14,32
29,14,32
30,14,32
31,14,32
32,14,32
33,14,32
34,14,32
35,14,32
36,14,32
37,14,32
38,14,32
39,14,32
40,14,32
41,14,32
42,14,32
43,14,32
44,14,32
45,14,32
46,14,32
47,14,32
48,14,32
49,14,32
50,14,32
51,14,32
52,14,32
53,14,32
54,14,32
55,14,32
56,14,32
57,14,32
58,14,32
59,14,32
60,14,32
61,14,32
62,14,32
63,14,32
64,14,32
65,14,32
66,14,32
67,14,32
68,14,32
69,14,32
70,14,32
71,14,32
72,14,32
73,14,32
74,14,32
75,14,32
76,14,32
77,14,32
78,14,32
79,14,32
80,14,32
81,14,32
82,14,32
83,14,32
84,14,32
85,14,32
86,14,32
87,14,32
88,14,32
89,14,32
90,14,32
91,14,32
92,14,32
93,14,32
94,14,32
95,14,32
96,14,32
97,14,32
98,14,32
99,14,32
100,14,32
101,14,32
102,14,32
103,14,32
104,14,32
105,14,32
106,14,32
107,14,32
108,14,32
109,14,32
110,14,32
111,14,32
112,14,32
113,14,32
114,14,32
115,14,32
116,14,32
117,14,32
118,14,32
119,14,32
120,14,32
121,14,32
122,14,32
123,14,32
124,14,32
125,14,32
126,14,32
127,14,32
128,14,32
129,14,32
130,14,32
131,14,32
132,14,32
133,14,32
134,14,32
135,14,32
136,14,32
137,14,32
138,14,32
139,14,32
140,14,32
141,14,32
142,14,32
143,14,32
144,14,32
145,14,32
146,14,32
147,14,32
148,14,32
149,14,32
150,14,32
151,14,32
152,14,32
153,14,32
154,14,32
155,14,32
156,14,32
157,14,32
158,14,32
159,14,32
160,14,32
161,14,32
162,14,32
163,14,32
164,14,32
165,14,32
166,14,32
167,14,32
168,14,32
169,14,32
170,14,32
171,14,32
172,14,32
173,14,32
174,14,32
175,14,32
176,14,32
177,14,32
178,14,32
179,14,32
180,14,32
181,14,32
182,14,32
183,14,32
184,14,32
185,14,32
186,14,32
187,14,32
188,14,32
189,14,32
190,14,32
191,14,32
192,14,32
193,14,32
194,14,32
195,14,32
196,14,32
197,14,32
198,14,32
199,14,32
200,14,32
201,14,32
202,14,32
203,14,32
204,14,32
205,14,32
206,14,32
207,14,32
208,14,32
209,14,32
210,14,32
211,14,32
212,14,32
213,14,32
214,14,32
215,14,32
216,14,32
217,14,32
218,14,32
219,14,32
220,14,32
221,14,32
222,14,32
223,14,32
224,14,32
225,14,32
226,14,32
227,14,32
228,14,32
229,14,32
230,14,32
231,14,32
232,14,32
233,14,32
234,14,32
235,14,32
236,14,32
237,14,32
238,14,32
239,14,32
240,14,32
241,14,32
242,14,32
243,14,32
244,14,32
245,14,32
246,14,32
247,14,32
248,14,32
249,14,32
250,14,32
251,14,32
252,14,32
253,14,32
254,14,32
255,14,32
256,14,32
257,14,32
258,14,32
259,14,32
260,14,32
261,14,32
262,14,32
263,14,32
264,14,32
265,14,32
266,14,32
267,14,32
268,14,32
269,14,32
270,14,32
271,14,32
272,14,32
273,14,32
274,14,32
275,14,32
276,14,32
277,14,32
278,14,32
279,14,32
280,14,32
281,14,32
282,14,32
283,14,32
284,14,32
285,14,32
286,14,32
287,14,32
288,14,32
289,14,32
290,14,32
291,14,32
292,14,32
293,14,32
294,14,32
295,14,32
296,14,32
297,14,32
298,14,32
299,14,32
300,14,32
301,14,32
302,14,32
303,14,32
304,14,32
305,14,32
306,14,32
307,14,32
308,14,32
309,14,32
310,14,32
311,14,32
312,14,32
313,14,32
314,14,32
315,14,32
316,14,32
317,14,32
318,14,32
319,14,32
0,15,32
1,15,32
2,15,32
3,15,32
4,15,32
5,15,32
6,15,32
7,15,32
8,15,32
9,15,32
10,15,32
11,15,32
12,15,32
13,15,32
14,15,32
15,15,32
16,15,32
17,15,32
18,15,32
19,15,32
20,15,32
21,15,32
22,15,32
23,15,32
24,15,32
25,15,32
26,15,32
27,15,32
28,15,32
29,15,32
30,15,32
31,15,32
32,15,32
33,15,32
34,15,32
35,15,32
36,15,32
37,15,32
38,15,32
39,15,32
40,15,32
41,15,32
42,15,32
43,15,32
44,15,32
45,15,32
46,15,32
47,15,32
48,15,32
49,15,32
50,15,32
51,15,32
52,15,32
53,15,32
54,15,32
55,15,32
56,15,32
57,15,32
58,15,32
59,15,32
60,15,32
61,15,32
62,15,32
63,15,32
64,15,32
65,15,32
66,15,32
67,15,32
68,15,32
69,15,32
70,15,32
71,15,32
72,15,32
73,15,32
74,15,32
75,15,32
76,15,32
77,15,32
78,15,32
79,15,32
80,15,32
81,15,32
82,15,32
83,15,32
84,15,32
85,15,32
86,15,32
87,15,32
88,15,32
89,15,32
90,15,32
91,15,32
92,15,32
93,15,32
94,15,32
95,15,32
96,15,32
97,15,32
98,15,32
99,15,32
100,15,32
101,15,32
102,15,32
103,15,32
104,15,32
105,15,32
106,15,32
107,15,32
108,15,32
109,15,32
110,15,32
111,15,32
112,15,32
113,15,32
114,15,32
115,15,32
116,15,32
117,15,32
118,15,32
119,15,32
120,15,32
121,15,32
122,15,32
123,15,32
124,15,32
125,15,32
126,15,32
127,15,32
128,15,32
129,15,32
130,15,32
131,15,32
132,15,32
133,15,32
134,15,32
135,15,32
136,15,32
137,15,32
138,15,32
139,15,32
140,15,32
141,15,32
142,15,32
143,15,32
144,15,32
145,15,32
146,15,32
147,15,32
148,15,32
149,15,32
150,15,32
151,15,32
152,15,32
153,15,32
154,15,32
155,15,32
156,15,32
157,15,32
158,15,32
159,15,32
160,15,32
161,15,32
162,15,32
163,15,32
164,15,32
165,15,32
166,15,32
167,15,32
168,15,32
169,15,32
170,15,32
171,15,32
172,15,32
173,15,32
174,15,32
175,15,32
176,15,32
177,15,32
178,15,32
179,15,32
180,15,32
181,15,32
182,15,32
183,15,32
184,15,32
185,15,32
186,15,32
187,15,32
188,15,32
189,15,32
190,15,32
191,15,32
192,15,32
193,15,32
194,15,32
195,15,32
196,15,32
197,15,32
198,15,32
199,15,32
200,15,32
201,15,32
202,15,32
203,15,32
204,15,32
205,15,32
206,15,32
207,15,32
208,15,32
209,15,32
210,15,32
211,15,32
212,15,32
213,15,32
214,15,32
215,15,32
216,15,32
217,15,32
218,15,32
219,15,32
220,15,32
221,15,32
222,15,32
223,15,32
224,15,32
225,15,32
226,15,32
227,15,32
228,15,32
229,15,32
230,15,32
231,15,32
232,15,32
233,15,32
234,15,32
235,15,32
236,15,32
237,15,32
238,15,32
239,15,32
240,15,32
241,15,32
242,15,32
243,15,32
244,15,32
245,15,32
246,15,32
247,15,32
248,15,32
249,15,32
250,15,32
251,15,32
252,15,32
253,15,32
254,15,32
255,15,32
256,15,32
257,15,32
258,15,32
259,15,32
260,15,32
261,15,32
262,15,32
263,15,32
264,15,32
265,15,32
266,15,32
267,15,32
268,15,32
269,15,32
270,15,32
271,15,32
272,15,32
273,15,32
274,15,32
275,15,32
276,15,32
277,15,32
278,15,32
279,15,32
280,15,32
281,15,32
282,15,32
283,15,32
284,15,32
285,15,32
286,15,32
287,15,32
288,15,32
289,15,32
290,15,32
291,15,32
292,15,32
293,15,32
294,15,32
295,15,32
296,15,32
297,15,32
298,15,32
299,15,32
300,15,32
301,15,32
302,15,32
303,15,32
304,15,32
305,15,32
306,15,32
307,15,32
308,15,32
309,15,32
310,15,32
311,15,32
312,15,32
313,15,32
314,15,32
315,15,32
316,15,32
317,15,32
318,15,32
319,15,32
0,16,32
1,16,32
2,16,32
3,16,32
4,16,32
5,16,32
6,16,32
7,16,32
8,16,32
9,16,32
10,16,32
11,16,32
12,16,32
13,16,32
14,16,32
15,16,32
16,16,32
17,16,32
18,16,32
19,16,32
20,16,32
21,16,32
22,16,32
23,16,32
24,16,32
25,16,32
26,16,32
27,16,32
28,16,32
29,16,32
30,16,32
31,16,32
32,16,32
33,16,32
34,16,32
35,16,32
36,16,32
37,16,32
38,16,32
39,16,32
40,16,32
41,16,32
42,16,32
43,16,32
44,16,32
45,16,32
46,16,32
47,16,32
48,16,32
49,16,32
50,16,32
51,16,32
52,16,32
53,16,32
54,16,32
55,16,32
56,16,32
57,16,32
58,16,32
59,16,32
60,16,32
61,16,32
62,16,32
63,16,32
64,16,32
65,16,32
66,16,32
67,16,32
68,16,32
69,16,32
70,16,32
71,16,32
72,16,32
73,16,32
74,16,32
75,16,32
76,16,32
77,16,32
78,16,32
79,16,32
80,16,32
81,16,32
82,16,32
83,16,32
84,16,32
85,16,32
86,16,32
87,16,32
88,16,32
89,16,32
90,16,32
91,16,32
92,16,32
93,16,32
94,16,32
95,16,32
96,16,32
97,16,32
98,16,32
99,16,32
100,16,32
101,16,32
102,16,32
103,16,32
104,16,32
105,16,32
106,16,32
107,16,32
108,16,32
109,16,32
110,16,32
111,16,32
112,16,32
113,16,32
114,16,32
115,16,32
116,16,32
117,16,32
118,16,32
119,16,32
120,16,32
121,16,32
122,16,32
123,16,32
124,16,32
125,16,32
126,16,32
127,16,32
128,16,32
129,16,32
130,16,32
131,16,32
132,16,32
133,16,32
134,16,32
135,16,32
136,16,32
137,16,32
138,16,32
139,16,32
140,16,32
141,16,32
142,16,32
143,16,32
144,16,32
145,16,32
146,16,32
147,16,32
148,16,32
149,16,32
150,16,32
151,16,32
152,16,32
153,16,32
154,16,32
155,16,32
156,16,32
157,16,32
158,16,32
159,16,32
160,16,32
161,16,32
162,16,32
163,16,32
164,16,32
165,16,32
166,16,32
167,16,32
168,16,32
169,16,32
170,16,32
171,16,32
172,16,32
173,16,32
174,16,32
175,16,32
176,16,32
177,16,32
178,16,32
179,16,32
180,16,32
181,16,32
182,16,32
183,16,32
184,16,32
185,16,32
186,16,32
187,16,32
188,16,32
189,16,32
190,16,32
191,16,32
192,16,32
193,16,32
194,16,32
195,16,32
196,16,32
197,16,32
198,16,32
199,16,32
200,16,32
201,16,32
202,16,32
203,16,32
204,16,32
205,16,32
206,16,32
207,16,32
208,16,32
209,16,32
210,16,32
211,16,32
212,16,32
213,16,32
214,16,32
215,16,32
216,16,32
217,16,32
218,16,32
219,16,32
220,16,32
221,16,32
222,16,32
223,16,32
224,16,32
225,16,32
226,16,32
227,16,32
228,16,32
229,16,32
230,16,32
231,16,32
232,16,32
233,16,32
234,16,32
235,16,32
236,16,32
237,16,32
238,16,32
239,16,32
240,16,32
241,16,32
242,16,32
243,16,32
244,16,32
245,16,32
246,16,32
247,16,32
248,16,32
249,16,32
250,16,32
251,16,32
252,16,32
253,16,32
254,16,32
255,16,32
256,16,32
257,16,32
258,16,32
259,16,32
260,16,32
261,16,32
262,16,32
263,16,32
264,16,32
265,16,32
266,16,32
267,16,32
268,16,32
269,16,32
270,16,32
271,16,32
272,16,32
273,16,32
274,16,32
275,16,32
276,16,32
277,16,32
278,16,32
279,16,32
280,16,32
281,16,32
282,16,32
283,16,32
284,16,32
285,16,32
286,16,32
287,16,32
288,16,32
289,16,32
290,16,32
291,16,32
292,16,32
293,16,32
294,16,32
295,16,32
296,16,32
297,16,32
298,16,32
299,16,32
300,16,32
301,16,32
302,16,32
303,16,32
304,16,32
305,16,32
306,16,32
307,16,32
308,16,32
309,16,32
310,16,32
311,16,32
312,16,32
313,16,32
314,16,32
315,16,32
316,16,32
317,16,32
318,16,32
319,16,32
0,17,32
1,17,32
2,17,32
3,17,32
4,17,32
5,17,32
6,17,32
7,17,32
8,17,32
9,17,32
10,17,32
11,17,32
12,17,32
13,17,32
14,17,32
15,17,32
16,17,32
17,17,32
18,17,32
19,17,32
20,17,32
21,17,32
22,17,32
23,17,32
24,17,32
25,17,32
26,17,32
27,17,32
28,17,32
29,17,32
30,17,32
31,17,32
32,17,32
33,17,32
34,17,32
35,17,32
36,17,32
37,17,32
38,17,32
39,17,32
40,17,32
41,17,32
42,17,32
43,17,32
44,17,32
45,17,32
46,17,32
47,17,32
48,17,32
49,17,32
50,17,32
51,17,32
52,17,32
53,17,32
54,17,32
55,17,32
56,17,32
57,17,32
58,17,32
59,17,32
60,17,32
61,17,32
62,17,32
63,17,32
64,17,32
65,17,32
66,17,32
67,17,32
68,17,32
69,17,32
70,17,32
71,17,32
72,17,32
73,17,32
74,17,32
75,17,32
76,17,32
77,17,32
78,17,32
79,17,32
80,17,32
81,17,32
82,17,32
83,17,32
84,17,32
85,17,32
86,17,32
87,17,32
88,17,32
89,17,32
90,17,32
91,17,32
92,17,32
93,17,32
94,17,32
95,17,32
96,17,32
97,17,32
98,17,32
99,17,32
100,17,32
101,17,32
102,17,32
103,17,32
104,17,32
105,17,32
106,17,32
107,17,32
108,17,32
109,17,32
110,17,32
111,17,32
112,17,32
113,17,32
114,17,32
115,17,32
116,17,32
117,17,32
118,17,32
119,17,32
120,17,32
121,17,32
122,17,32
123,17,32
124,17,32
125,17,32
126,17,32
127,17,32
128,17,32
129,17,32
130,17,32
131,17,32
132,17,32
133,17,32
134,17,32
135,17,32
136,17,32
137,17,32
138,17,32
139,17,32
140,17,32
141,17,32
142,17,32
143,17,32
144,17,32
145,17,32
146,17,32
147,17,32
148,17,32
149,17,32
150,17,32
151,17,32
152,17,32
153,17,32
154,17,32
155,17,32
156,17,32
157,17,32
158,17,32
159,17,32
160,17,32
161,17,32
162,17,32
163,17,32
164,17,32
165,17,32
166,17,32
167,17,32
168,17,32
169,17,32
170,17,32
171,17,32
172,17,32
173,17,32
174,17,32
175,17,32
176,17,32
177,17,32
178,17,32
179,17,32
180,17,32
181,17,32
182,17,32
183,17,32
184,17,32
185,17,32
186,17,32
187,17,32
188,17,32
189,17,32
190,17,32
191,17,32
192,17,32
193,17,32
194,17,32
195,17,32
196,17,32
197,17,32
198,17,32
199,17,32
200,17,32
201,17,32
202,17,32
203,17,32
204,17,32
205,17,32
206,17,32
207,17,32
208,17,32
209,17,32
210,17,32
211,17,32
212,17,32
213,17,32
214,17,32
215,17,32
216,17,32
217,17,32
218,17,32
219,17,32
220,17,32
221,17,32
222,17,32
223,17,32
224,17,32
225,17,32
226,17,32
227,17,32
228,17,32
229,17,32
230,17,32
231,17,32
232,17,32
233,17,32
234,17,32
235,17,32
236,17,32
237,17,32
238,17,32
239,17,32
240,17,32
241,17,32
242,17,32
243,17,32
244,17,32
245,17,32
246,17,32
247,17,32
248,17,32
249,17,32
250,17,32
251,17,32
252,17,32
253,17,32
254,17,32
255,17,32
256,17,32
257,17,32
258,17,32
259,17,32
260,17,32
261,17,32
262,17,32
263,17,32
264,17,32
265,17,32
266,17,32
267,17,32
268,17,32
269,17,32
270,17,32
271,17,32
272,17,32
273,17,32
274,17,32
275,17,32
276,17,32
277,17,32
278,17,32
279,17,32
280,17,32
281,17,32
282,17,32
283,17,32
284,17,32
285,17,32
286,17,32
287,17,32
288,17,32
289,17,32
290,17,32
291,17,32
292,17,32
293,17,32
294,17,32
295,17,32
296,17,32
297,17,32
298,17,32
299,17,32
300,17,32
301,17,32
302,17,32
303,17,32
304,17,32
305,17,32
306,17,32
307,17,32
308,17,32
309,17,32
310,17,32
311,17,32
312,17,32
313,17,32
314,17,32
315,17,32
316,17,32
317,17,32
318,17,32
319,17,32
0,18,32
1,18,32
2,18,32
3,18,32
4,18,32
5,18,32
6,18,32
7,18,32
8,18,32
9,18,32
10,18,32
11,18,32
12,18,32
13,18,32
14,18,32
15,18,32
16,18,32
17,18,32
18,18,32
19,18,32
20,18,32
21,18,32
22,18,32
23,18,32
24,18,32
25,18,32
26,18,32
27,18,32
28,18,32
29,18,32
30,18,32
31,18,32
32,18,32
33,18,32
34,18,32
35,18,32
36,18,32
37,18,32
38,18,32
39,18,32
40,18,32
41,18,32
42,18,32
43,18,32
44,18,32
45,18,32
46,18,32
47,18,32
48,18,32
49,18,32
50,18,32
51,18,32
52,18,32
53,18,32
54,18,32
55,18,32
56,18,32
57,18,32
58,18,32
59,18,32
60,18,32
61,18,32
62,18,32
63,18,32
64,18,32
65,18,32
66,18,32
67,18,32
68,18,32
69,18,32
70,18,32
71,18,32
72,18,32
73,18,32
74,18,32
75,18,32
76,18,32
77,18,32
78,18,32
79,18,32
80,18,32
81,18,32
82,18,32
83,18,32
84,18,32
85,18,32
86,18,32
87,18,32
88,18,32
89,18,32
90,18,32
91,18,32
92,18,32
93,18,32
94,18,32
95,18,32
96,18,32
97,18,32
98,18,32
99,18,32
100,18,32
101,18,32
102,18,32
103,18,32
104,18,32
105,18,32
106,18,32
107,18,32
108,18,32
109,18,32
110,18,32
111,18,32
112,18,32
113,18,32
114,18,32
115,18,32
116,18,32
117,18,32
118,18,32
119,18,32
120,18,32
121,18,32
122,18,32
123,18,32
124,18,32
125,18,32
126,18,32
127,18,32
128,18,32
129,18,32
130,18,32
131,18,32
132,18,32
133,18,32
134,18,32
135,18,32
136,18,32
137,18,32
138,18,32
139,18,32
140,18,32
141,18,32
142,18,32
143,18,32
144,18,32
145,18,32
146,18,32
147,18,32
148,18,32
149,18,32
150,18,32
151,18,32
152,18,32
153,18,32
154,18,32
155,18,32
156,18,32
157,18,32
158,18,32
159,18,32
160,18,32
161,18,32
162,18,32
163,18,32
164,18,32
165,18,32
166,18,32
167,18,32
168,18,32
169,18,32
170,18,32
171,18,32
172,18,32
173,18,32
174,18,32
175,18,32
176,18,32
177,18,32
178,18,32
179,18,32
180,18,32
181,18,32
182,18,32
183,18,32
184,18,32
185,18,32
186,18,32
187,18,32
188,18,32
189,18,32
190,18,32
191,18,32
192,18,32
193,18,32
194,18,32
195,18,32
196,18,32
197,18,32
198,18,32
199,18,32
200,18,32
201,18,32
202,18,32
203,18,32
204,18,32
205,18,32
206,18,32
207,18,32
208,18,32
209,18,32
210,18,32
211,18,32
212,18,32
213,18,32
214,18,32
215,18,32
216,18,32
217,18,32
218,18,32
219,18,32
220,18,32
221,18,32
222,18,32
223,18,32
224,18,32
225,18,32
226,18,32
227,18,32
228,18,32
229,18,32
230,18,32
231,18,32
232,18,32
233,18,32
234,18,32
235,18,32
236,18,32
237,18,32
238,18,32
239,18,32
240,18,32
241,18,32
242,18,32
243,18,32
244,18,32
245,18,32
246,18,32
247,18,32
248,18,32
249,18,32
250,18,32
251,18,32
252,18,32
253,18,32
254,18,32
255,18,32
256,18,32
257,18,32
258,18,32
259,18,32
260,18,32
261,18,32
262,18,32
263,18,32
264,18,32
265,18,32
266,18,32
267,18,32
268,18,32
269,18,32
270,18,32
271,18,32
272,18,32
273,18,32
274,18,32
275,18,32
276,18,32
277,18,32
278,18,32
279,18,32
280,18,32
281,18,32
282,18,32
283,18,32
284,18,32
285,18,32
286,18,32
287,18,32
288,18,32
289,18,32
290,18,32
291,18,32
292,18,32
293,18,32
294,18,32
295,18,32
296,18,32
297,18,32
298,18,32
299,18,32
300,18,32
301,18,32
302,18,32
303,18,32
304,18,32
305,18,32
306,18,32
307,18,32
308,18,32
309,18,32
310,18,32
311,18,32
312,18,32
313,18,32
314,18,32
315,18,32
316,18,32
317,18,32
318,18,32
319,18,32
0,19,32
1,19,32
2,19,32
3,19,32
4,19,32
5,19,32
6,19,32
7,19,32
8,19,32
9,19,32
10,19,32
11,19,32
12,19,32
13,19,32
14,19,32
15,19,32
16,19,32
17,19,32
18,19,32
19,19,32
20,19,32
21,19,32
22,19,32
23,19,32
24,19,32
25,19,32
26,19,32
27,19,32
28,19,32
29,19,32
30,19,32
31,19,32
32,19,32
33,19,32
34,19,32
35,19,32
36,19,32
37,19,32
38,19,32
39,19,32
40,19,32
41,19,32
42,19,32
43,19,32
44,19,32
45,19,32
46,19,32
47,19,32
48,19,32
49,19,32
50,19,32
51,19,32
52,19,32
53,19,32
54,19,32
55,19,32
56,19,32
57,19,32
58,19,32
59,19,32
60,19,32
61,19,32
62,19,32
63,19,32
64,19,32
65,19,32
66,19,32
67,19,32
68,19,32
69,19,32
70,19,32
71,19,32
72,19,32
73,19,32
74,19,32
75,19,32
76,19,32
77,19,32
78,19,32
79,19,32
80,19,32
81,19,32
82,19,32
83,19,32
84,19,32
85,19,32
86,19,32
87,19,32
88,19,32
89,19,32
90,19,32
91,19,32
92,19,32
93,19,32
94,19,32
95,19,32
96,19,32
97,19,32
98,19,32
99,19,32
100,19,32
101,19,32
102,19,32
103,19,32
104,19,32
105,19,32
106,19,32
107,19,32
108,19,32
109,19,32
110,19,32
111,19,32
112,19,32
113,19,32
114,19,32
115,19,32
116,19,32
117,19,32
118,19,32
119,19,32
120,19,32
121,19,32
122,19,32
123,19,32
124,19,32
125,19,32
126,19,32
127,19,32
128,19,32
129,19,32
130,19,32
131,19,32
132,19,32
133,19,32
134,19,32
135,19,32
136,19,32
137,19,32
138,19,32
139,19,32
140,19,32
141,19,32
142,19,32
143,19,32
144,19,32
145,19,32
146,19,32
147,19,32
148,19,32
149,19,32
150,19,32
151,19,32
152,19,32
153,19,32
154,19,32
155,19,32
156,19,32
157,19,32
158,19,32
159,19,32
160,19,32
161,19,32
162,19,32
163,19,32
164,19,32
165,19,32
166,19,32
167,19,32
168,19,32
169,19,32
170,19,32
171,19,32
172,19,32
173,19,32
174,19,32
175,19,32
176,19,32
177,19,32
178,19,32
179,19,32
180,19,32
181,19,32
182,19,32
183,19,32
184,19,32
185,19,32
186,19,32
187,19,32
188,19,32
189,19,32
190,19,32
191,19,32
192,19,32
193,19,32
194,19,32
195,19,32
196,19,32
197,19,32
198,19,32
199,19,32
200,19,32
201,19,32
202,19,32
203,19,32
204,19,32
205,19,32
206,19,32
207,19,32
208,19,32
209,19,32
210,19,32
211,19,32
212,19,32
213,19,32
214,19,32
215,19,32
216,19,32
217,19,32
218,19,32
219,19,32
220,19,32
221,19,32
222,19,32
223,19,32
224,19,32
225,19,32
226,19,32
227,19,32
228,19,32
229,19,32
230,19,32
231,19,32
232,19,32
233,19,32
234,19,32
235,19,32
236,19,32
237,19,32
238,19,32
239,19,32
240,19,32
241,19,32
242,19,32
243,19,32
244,19,32
245,19,32
246,19,32
247,19,32
248,19,32
249,19,32
250,19,32
251,19,32
252,19,32
253,19,32
254,19,32
255,19,32
256,19,32
257,19,32
258,19,32
259,19,32
260,19,32
261,19,32
262,19,32
263,19,32
264,19,32
265,19,32
266,19,32
267,19,32
268,19,32
269,19,32
270,19,32
271,19,32
272,19,32
273,19,32
274,19,32
275,19,32
276,19,32
277,19,32
278,19,32
279,19,32
280,19,32
281,19,32
282,19,32
283,19,32
284,19,32
285,19,32
286,19,32
287,19,32
288,19,32
289,19,32
290,19,32
291,19,32
292,19,32
293,19,32
294,19,32
295,19,32
296,19,32
297,19,32
298,19,32
299,19,32
300,19,32
301,19,32
302,19,32
303,19,32
304,19,32
305,19,32
306,19,32
307,19,32
308,19,32
309,19,32
310,19,32
311,19,32
312,19,32
313,19,32
314,19,32
315,19,32
316,19,32
317,19,32
318,19,32
319,19,32
0,20,32
1,20,32
2,20,32
3,20,32
4,20,32
5,20,32
6,20,32
7,20,32
8,20,32
9,20,32
10,20,32
11,20,32
12,20,32
13,20,32
14,20,32
15,20,32
16,20,32
17,20,32
18,20,32
19,20,32
20,20,32
21,20,32
22,20,32
23,20,32
24,20,32
25,20,32
26,20,32
27,20,32
28,20,32
29,20,32
30,20,32
31,20,32
32,20,32
33,20,32
34,20,32
35,20,32
36,20,32
37,20,32
38,20,32
39,20,32
40,20,32
41,20,32
42,20,32
43,20,32
44,20,32
45,20,32
46,20,32
47,20,32
48,20,32
49,20,32
50,20,32
51,20,32
52,20,32
53,20,32
54,20,32
55,20,32
56,20,32
57,20,32
58,20,32
59,20,32
60,20,32
61,20,32
62,20,32
63,20,32
64,20,32
65,20,32
66,20,32
67,20,32
68,20,32
69,20,32
70,20,32
71,20,32
72,20,32
73,20,32
74,20,32
75,20,32
76,20,32
77,20,32
78,20,32
79,20,32
80,20,32
81,20,32
82,20,32
83,20,32
84,20,32
85,20,32
86,20,32
87,20,32
88,20,32
89,20,32
90,20,32
91,20,32
92,20,32
93,20,32
94,20,32
95,20,32
96,20,32
97,20,32
98,20,32
99,20,32
100,20,32
101,20,32
102,20,32
103,20,32
104,20,32
105,20,32
106,20,32
107,20,32
108,20,32
109,20,32
110,20,32
111,20,32
112,20,32
113,20,32
114,20,32
115,20,32
116,20,32
117,20,32
118,20,32
119,20,32
120,20,32
121,20,32
122,20,32
123,20,32
124,20,32
125,20,32
126,20,32
127,20,32
128,20,32
129,20,32
130,20,32
131,20,32
132,20,32
133,20,32
134,20,32
135,20,32
136,20,32
137,20,32
138,20,32
139,20,32
140,20,32
141,20,32
142,20,32
143,20,32
144,20,32
145,20,32
146,20,32
147,20,32
148,20,32
149,20,32
150,20,32
151,20,32
152,20,32
153,20,32
154,20,32
155,20,32
156,20,32
157,20,32
158,20,32
159,20,32
160,20,32
161,20,32
162,20,32
163,20,32
164,20,32
165,20,32
166,20,32
167,20,32
168,20,32
169,20,32
170,20,32
171,20,32
172,20,32
173,20,32
174,20,32
175,20,32
176,20,32
177,20,32
178,20,32
179,20,32
180,20,32
181,20,32
182,20,32
183,20,32
184,20,32
185,20,32
186,20,32
187,20,32
188,20,32
189,20,32
190,20,32
191,20,32
192,20,32
193,20,32
194,20,32
195,20,32
196,20,32
197,20,32
198,20,32
199,20,32
200,20,32
201,20,32
202,20,32
203,20,32
204,20,32
205,20,32
206,20,32
207,20,32
208,20,32
209,20,32
210,20,32
211,20,32
212,20,32
213,20,32
214,20,32
215,20,32
216,20,32
217,20,32
218,20,32
219,20,32
220,20,32
221,20,32
222,20,32
223,20,32
224,20,32
225,20,32
226,20,32
227,20,32
228,20,32
229,20,32
230,20,32
231,20,32
232,20,32
233,20,32
234,20,32
235,20,32
236,20,32
237,20,32
238,20,32
239,20,32
240,20,32
241,20,32
242,20,32
243,20,32
244,20,32
245,20,32
246,20,32
247,20,32
248,20,32
249,20,32
250,20,32
251,20,32
252,20,32
253,20,32
254,20,32
255,20,32
256,20,32
257,20,32
258,20,32
259,20,32
260,20,32
261,20,32
262,20,32
263,20,32
264,20,32
265,20,32
266,20,32
267,20,32
268,20,32
269,20,32
270,20,32
271,20,32
272,20,32
273,20,32
274,20,32
275,20,32
276,20,32
277,20,32
278,20,32
279,20,32
280,20,32
281,20,32
282,20,32
283,20,32
284,20,32
285,20,32
286,20,32
287,20,32
288,20,32
289,20,32
290,20,32
291,20,32
292,20,32
293,20,32
294,20,32
295,20,32
296,20,32
297,20,32
298,20,32
299,20,32
300,20,32
301,20,32
302,20,32
303,20,32
304,20,32
305,20,32
306,20,32
307,20,32
308,20,32
309,20,32
310,20,32
311,20,32
312,20,32
313,20,32
314,20,32
315,20,32
316,20,32
317,20,32
318,20,32
319,20,32
0,21,32
1,21,32
2,21,32
3,21,32
4,21,32
5,21,32
6,21,32
7,21,32
8,21,32
9,21,32
10,21,32
11,21,32
12,21,32
13,21,32
14,21,32
15,21,32
16,21,32
17,21,32
18,21,32
19,21,32
20,21,32
21,21,32
22,21,32
23,21,32
24,21,32
25,21,32
26,21,32
27,21,32
28,21,32
29,21,32
30,21,32
31,21,32
32,21,32
33,21,32
34,21,32
35,21,32
36,21,32
37,21,32
38,21,32
39,21,32
40,21,32
41,21,32
42,21,32
43,21,32
44,21,32
45,21,32
46,21,32
47,21,32
48,21,32
49,21,32
50,21,32
51,21,32
52,21,32
53,21,32
54,21,32
55,21,32
56,21,32
57,21,32
58,21,32
59,21,32
60,21,32
61,21,32
62,21,32
63,21,32
64,21,32
65,21,32
66,21,32
67,21,32
68,21,32
69,21,32
70,21,32
71,21,32
72,21,32
73,21,32
74,21,32
75,21,32
76,21,32
77,21,32
78,21,32
79,21,32
80,21,32
81,21,32
82,21,32
83,21,32
84,21,32
85,21,32
86,21,32
87,21,32
88,21,32
89,21,32
90,21,32
91,21,32
92,21,32
93,21,32
94,21,32
95,21,32
96,21,32
97,21,32
98,21,32
99,21,32
100,21,32
101,21,32
102,21,32
103,21,32
104,21,32
105,21,32
106,21,32
107,21,32
108,21,32
109,21,32
110,21,32
111,21,32
112,21,32
113,21,32
114,21,32
115,21,32
116,21,32
117,21,32
118,21,32
119,21,32
120,21,32
121,21,32
122,21,32
123,21,32
124,21,32
125,21,32
126,21,32
127,21,32
128,21,32
129,21,32
130,21,32
131,21,32
132,21,32
133,21,32
134,21,32
135,21,32
136,21,32
137,21,32
138,21,32
139,21,32
140,21,32
141,21,32
142,21,32
143,21,32
144,21,32
145,21,32
146,21,32
147,21,32
148,21,32
149,21,32
150,21,32
151,21,32
152,21,32
153,21,32
154,21,32
155,21,32
156,21,32
157,21,32
158,21,32
159,21,32
160,21,32
161,21,32
162,21,32
163,21,32
164,21,32
165,21,32
166,21,32
167,21,32
168,21,32
169,21,32
170,21,32
171,21,32
172,21,32
173,21,32
174,21,32
175,21,32
176,21,32
177,21,32
178,21,32
179,21,32
180,21,32
181,21,32
182,21,32
183,21,32
184,21,32
185,21,32
186,21,32
187,21,32
188,21,32
189,21,32
190,21,32
191,21,32
192,21,32
193,21,32
194,21,32
195,21,32
196,21,32
197,21,32
198,21,32
199,21,32
200,21,32
201,21,32
202,21,32
203,21,32
204,21,32
205,21,32
206,21,32
207,21,32
208,21,32
209,21,32
210,21,32
211,21,32
212,21,32
213,21,32
214,21,32
215,21,32
216,21,32
217,21,32
218,21,32
219,21,32
220,21,32
221,21,32
222,21,32
223,21,32
224,21,32
225,21,32
226,21,32
227,21,32
228,21,32
229,21,32
230,21,32
231,21,32
232,21,32
233,21,32
234,21,32
235,21,32
236,21,32
237,21,32
238,21,32
239,21,32
240,21,32
241,21,32
242,21,32
243,21,32
244,21,32
245,21,32
246,21,32
247,21,32
248,21,32
249,21,32
250,21,32
251,21,32
252,21,32
253,21,32
254,21,32
255,21,32
256,21,32
257,21,32
258,21,32
259,21,32
260,21,32
261,21,32
262,21,32
263,21,32
264,21,32
265,21,32
266,21,32
267,21,32
268,21,32
269,21,32
270,21,32
271,21,32
272,21,32
273,21,32
274,21,32
275,21,32
276,21,32
277,21,32
278,21,32
279,21,32
280,21,32
281,21,32
282,21,32
283,21,32
284,21,32
285,21,32
286,21,32
287,21,32
288,21,32
289,21,32
290,21,32
291,21,32
292,21,32
293,21,32
294,21,32
295,21,32
296,21,32
297,21,32
298,21,32
299,21,32
300,21,32
301,21,32
302,21,32
303,21,32
304,21,32
305,21,32
306,21,32
307,21,32
308,21,32
309,21,32
310,21,32
311,21,32
312,21,32
313,21,32
314,21,32
315,21,32
316,21,32
317,21,32
318,21,32
319,21,32
0,22,32
1,22,32
2,22,32
3,22,32
4,22,32
5,22,32
6,22,32
7,22,32
8,22,32
9,22,32
10,22,32
11,22,32
12,22,32
13,22,32
14,22,32
15,22,32
16,22,32
17,22,32
18,22,32
19,22,32
20,22,32
21,22,32
22,22,32
23,22,32
24,22,32
25,22,32
26,22,32
27,22,32
28,22,32
29,22,32
30,22,32
31,22,32
32,22,32
33,22,32
34,22,32
35,22,32
36,22,32
37,22,32
38,22,32
39,22,32
40,22,32
41,22,32
42,22,32
43,22,32
44,22,32
45,22,32
46,22,32
47,22,32
48,22,32
49,22,32
50,22,32
51,22,32
52,22,32
53,22,32
54,22,32
55,22,32
56,22,32
57,22,32
58,22,32
59,22,32
60,22,32
61,22,32
62,22,32
63,22,32
64,22,32
65,22,32
66,22,32
67,22,32
68,22,32
69,22,32
70,22,32
71,22,32
72,22,32
73,22,32
74,22,32
75,22,32
76,22,32
77,22,32
78,22,32
79,22,32
80,22,32
81,22,32
82,22,32
83,22,32
84,22,32
85,22,32
86,22,32
87,22,32
88,22,32
89,22,32
90,22,32
91,22,32
92,22,32
93,22,32
94,22,32
95,22,32
96,22,32
97,22,32
98,22,32
99,22,32
100,22,32
101,22,32
102,22,32
103,22,32
104,22,32
105,22,32
106,22,32
107,22,32
108,22,32
109,22,32
110,22,32
111,22,32
112,22,32
113,22,32
114,22,32
115,22,32
116,22,32
117,22,32
118,22,32
119,22,32
120,22,32
121,22,32
122,22,32
123,22,32
124,22,32
125,22,32
126,22,32
127,22,32
128,22,32
129,22,32
130,22,32
131,22,32
132,22,32
133,22,32
134,22,32
135,22,32
136,22,32
137,22,32
138,22,32
139,22,32
140,22,32
141,22,32
142,22,32
143,22,32
144,22,32
145,22,32
146,22,32
147,22,32
148,22,32
149,22,32
150,22,32
151,22,32
152,22,32
153,22,32
154,22,32
155,22,32
156,22,32
157,22,32
158,22,32
159,22,32
160,22,32
161,22,32
162,22,32
163,22,32
164,22,32
165,22,32
166,22,32
167,22,32
168,22,32
169,22,32
170,22,32
171,22,32
172,22,32
173,22,32
174,22,32
175,22,32
176,22,32
177,22,32
178,22,32
179,22,32
180,22,32
181,22,32
182,22,32
183,22,32
184,22,32
185,22,32
186,22,32
187,22,32
188,22,32
189,22,32
190,22,32
191,22,32
192,22,32
193,22,32
194,22,32
195,22,32
196,22,32
197,22,32
198,22,32
199,22,32
200,22,32
201,22,32
202,22,32
203,22,32
204,22,32
205,22,32
206,22,32
207,22,32
208,22,32
209,22,32
210,22,32
211,22,32
212,22,32
213,22,32
214,22,32
215,22,32
216,22,32
217,22,32
218,22,32
219,22,32
220,22,32
221,22,32
222,22,32
223,22,32
224,22,32
225,22,32
226,22,32
227,22,32
228,22,32
229,22,32
230,22,32
231,22,32
232,22,32
233,22,32
234,22,32
235,22,32
236,22,32
237,22,32
238,22,32
239,22,32
240,22,32
241,22,32
242,22,32
243,22,32
244,22,32
245,22,32
246,22,32
247,22,32
248,22,32
249,22,32
250,22,32
251,22,32
252,22,32
253,22,32
254,22,32
255,22,32
256,22,32
257,22,32
258,22,32
259,22,32
260,22,32
261,22,32
262,22,32
263,22,32
264,22,32
265,22,32
266,22,32
267,22,32
268,22,32
269,22,32
270,22,32
271,22,32
272,22,32
273,22,32
274,22,32
275,22,32
276,22,32
277,22,32
278,22,32
279,22,32
280,22,32
281,22,32
282,22,32
283,22,32
284,22,32
285,22,32
286,22,32
287,22,32
288,22,32
289,22,32
290,22,32
291,22,32
292,22,32
293,22,32
294,22,32
295,22,32
296,22,32
297,22,32
298,22,32
299,22,32
300,22,32
301,22,32
302,22,32
303,22,32
304,22,32
305,22,32
306,22,32
307,22,32
308,22,32
309,22,32
310,22,32
311,22,32
312,22,32
313,22,32
314,22,32
315,22,32
316,22,32
317,22,32
318,22,32
319,22,32
0,23,32
1,23,32
2,23,32
3,23,32
4,23,32
5,23,32
6,23,32
7,23,32
8,23,32
9,23,32
10,23,32
11,23,32
12,23,32
13,23,32
14,23,32
15,23,32
16,23,32
17,23,32
18,23,32
19,23,32
20,23,32
21,23,32
22,23,32
23,23,32
24,23,32
25,23,32
26,23,32
27,23,32
28,23,32
29,23,32
30,23,32
31,23,32
32,23,32
33,23,32
34,23,32
35,23,32
36,23,32
37,23,32
38,23,32
39,23,32
40,23,32
41,23,32
42,23,32
43,23,32
44,23,32
45,23,32
46,23,32
47,23,32
48,23,32
49,23,32
50,23,32
51,23,32
52,23,32
53,23,32
54,23,32
55,23,32
56,23,32
57,23,32
58,23,32
59,23,32
60,23,32
61,23,32
62,23,32
63,23,32
64,23,32
65,23,32
66,23,32
67,23,32
68,23,32
69,23,32
70,23,32
71,23,32
72,23,32
73,23,32
74,23,32
75,23,32
76,23,32
77,23,32
78,23,32
79,23,32
80,23,32
81,23,32
82,23,32
83,23,32
84,23,32
85,23,32
86,23,32
87,23,32
88,23,32
89,23,32
90,23,32
91,23,32
92,23,32
93,23,32
94,23,32
95,23,32
96,23,32
97,23,32
98,23,32
99,23,32
100,23,32
101,23,32
102,23,32
103,23,32
104,23,32
105,23,32
106,23,32
107,23,32
108,23,32
109,23,32
110,23,32
111,23,32
112,23,32
113,23,32
114,23,32
115,23,32
116,23,32
117,23,32
118,23,32
119,23,32
120,23,32
121,23,32
122,23,32
123,23,32
124,23,32
125,23,32
126,23,32
127,23,32
128,23,32
129,23,32
130,23,32
131,23,32
132,23,32
133,23,32
134,23,32
135,23,32
136,23,32
137,23,32
138,23,32
139,23,32
140,23,32
141,23,32
142,23,32
143,23,32
144,23,32
145,23,32
146,23,32
147,23,32
148,23,32
149,23,32
150,23,32
151,23,32
152,23,32
153,23,32
154,23,32
155,23,32
156,23,32
157,23,32
158,23,32
159,23,32
160,23,32
161,23,32
162,23,32
163,23,32
164,23,32
165,23,32
166,23,32
167,23,32
168,23,32
169,23,32
170,23,32
171,23,32
172,23,32
173,23,32
174,23,32
175,23,32
176,23,32
177,23,32
178,23,32
179,23,32
180,23,32
181,23,32
182,23,32
183,23,32
184,23,32
185,23,32
186,23,32
187,23,32
188,23,32
189,23,32
190,23,32
191,23,32
192,23,32
193,23,32
194,23,32
195,23,32
196,23,32
197,23,32
198,23,32
199,23,32
200,23,32
201,23,32
202,23,32
203,23,32
204,23,32
205,23,32
206,23,32
207,23,32
208,23,32
209,23,32
210,23,32
211,23,32
212,23,32
213,23,32
214,23,32
215,23,32
216,23,32
217,23,32
218,23,32
219,23,32
220,23,32
221,23,32
222,23,32
223,23,32
224,23,32
225,23,32
226,23,32
227,23,32
228,23,32
229,23,32
230,23,32
231,23,32
232,23,32
233,23,32
234,23,32
235,23,32
236,23,32
237,23,32
238,23,32
239,23,32
240,23,32
241,23,32
242,23,32
243,23,32
244,23,32
245,23,32
246,23,32
247,23,32
248,23,32
249,23,32
250,23,32
251,23,32
252,23,32
253,23,32
254,23,32
255,23,32
256,23,32
257,23,32
258,23,32
259,23,32
260,23,32
261,23,32
262,23,32
263,23,32
264,23,32
265,23,32
266,23,32
267,23,32
268,23,32
269,23,32
270,23,32
271,23,32
272,23,32
273,23,32
274,23,32
275,23,32
276,23,32
277,23,32
278,23,32
279,23,32
280,23,32
281,23,32
282,23,32
283,23,32
284,23,32
285,23,32
286,23,32
287,23,32
288,23,32
289,23,32
290,23,32
291,23,32
292,23,32
293,23,32
294,23,32
295,23,32
296,23,32
297,23,32
298,23,32
299,23,32
300,23,32
301,23,32
302,23,32
303,23,32
304,23,32
305,23,32
306,23,32
307,23,32
308,23,32
309,23,32
310,23,32
311,23,32
312,23,32
313,23,32
314,23,32
315,23,32
316,23,32
317,23,32
318,23,32
319,23,32
0,24,32
1,24,32
2,24,32
3,24,32
4,24,32
5,24,32
6,24,32
7,24,32
8,24,32
9,24,32
10,24,32
11,24,32
12,24,32
13,24,32
14,24,32
15,24,32
16,24,32
17,24,32
18,24,32
19,24,32
20,24,32
21,24,32
22,24,32
23,24,32
24,24,32
25,24,32
26,24,32
27,24,32
28,24,32
29,24,32
30,24,32
31,24,32
32,24,32
33,24,32
34,24,32
35,24,32
36,24,32
37,24,32
38,24,32
39,24,32
40,24,32
41,24,32
42,24,32
43,24,32
44,24,32
45,24,32
46,24,32
47,24,32
48,24,32
49,24,32
50,24,32
51,24,32
52,24,32
53,24,32
54,24,32
55,24,32
56,24,32
57,24,32
58,24,32
59,24,32
60,24,32
61,24,32
62,24,32
63,24,32
64,24,32
65,24,32
66,24,32
67,24,32
68,24,32
69,24,32
70,24,32
71,24,32
72,24,32
73,24,32
74,24,32
75,24,32
76,24,32
77,24,32
78,24,32
79,24,32
80,24,32
81,24,32
82,24,32
83,24,32
84,24,32
85,24,32
86,24,32
87,24,32
88,24,32
89,24,32
90,24,32
91,24,32
92,24,32
93,24,32
94,24,32
95,24,32
96,24,32
97,24,32
98,24,32
99,24,32
100,24,32
101,24,32
102,24,32
103,24,32
104,24,32
105,24,32
106,24,32
107,24,32
108,24,32
109,24,32
110,24,32
111,24,32
112,24,32
113,24,32
114,24,32
115,24,32
116,24,32
117,24,32
118,24,32
119,24,32
120,24,32
121,24,32
122,24,32
123,24,32
124,24,32
125,24,32
126,24,32
127,24,32
128,24,32
129,24,32
130,24,32
131,24,32
132,24,32
133,24,32
134,24,32
135,24,32
136,24,32
137,24,32
138,24,32
139,24,32
140,24,32
141,24,32
142,24,32
143,24,32
144,24,32
145,24,32
146,24,32
147,24,32
148,24,32
149,24,32
150,24,32
151,24,32
152,24,32
153,24,32
154,24,32
155,24,32
156,24,32
157,24,32
158,24,32
159,24,32
160,24,32
161,24,32
162,24,32
163,24,32
164,24,32
165,24,32
166,24,32
167,24,32
168,24,32
169,24,32
170,24,32
171,24,32
172,24,32
173,24,32
174,24,32
175,24,32
176,24,32
177,24,32
178,24,32
179,24,32
180,24,32
181,24,32
182,24,32
183,24,32
184,24,32
185,24,32
186,24,32
187,24,32
188,24,32
189,24,32
190,24,32
191,24,32
192,24,32
193,24,32
194,24,32
195,24,32
196,24,32
197,24,32
198,24,32
199,24,32
200,24,32
201,24,32
202,24,32
203,24,32
204,24,32
205,24,32
206,24,32
207,24,32
208,24,32
209,24,32
210,24,32
211,24,32
212,24,32
213,24,32
214,24,32
215,24,32
216,24,32
217,24,32
218,24,32
219,24,32
220,24,32
221,24,32
222,24,32
223,24,32
224,24,32
225,24,32
226,24,32
227,24,32
228,24,32
229,24,32
230,24,32
231,24,32
232,24,32
233,24,32
234,24,32
235,24,32
236,24,32
237,24,32
238,24,32
239,24,32
240,24,32
241,24,32
242,24,32
243,24,32
244,24,32
245,24,32
246,24,32
247,24,32
248,24,32
249,24,32
250,24,32
251,24,32
252,24,32
253,24,32
254,24,32
255,24,32
256,24,32
257,24,32
258,24,32
259,24,32
260,24,32
261,24,32
262,24,32
263,24,32
264,24,32
265,24,32
266,24,32
267,24,32
268,24,32
269,24,32
270,24,32
271,24,32
272,24,32
273,24,32
274,24,32
275,24,32
276,24,32
277,24,32
278,24,32
279,24,32
280,24,32
281,24,32
282,24,32
283,24,32
284,24,32
285,24,32
286,24,32
287,24,32
288,24,32
289,24,32
290,24,32
291,24,32
292,24,32
293,24,32
294,24,32
295,24,32
296,24,32
297,24,32
298,24,32
299,24,32
300,24,32
301,24,32
302,24,32
303,24,32
304,24,32
305,24,32
306,24,32
307,24,32
308,24,32
309,24,32
310,24,32
311,24,32
312,24,32
313,24,32
314,24,32
315,24,32
316,24,32
317,24,32
318,24,32
319,24,32
0,25,32
1,25,32
2,25,32
3,25,32
4,25,32
5,25,32
6,25,32
7,25,32
8,25,32
9,25,32
10,25,32
11,25,32
12,25,32
13,25,32
14,25,32
15,25,32
16,25,32
17,25,32
18,25,32
19,25,32
20,25,32
21,25,32
22,25,32
23,25,32
24,25,32
25,25,32
26,25,32
27,25,32
28,25,32
29,25,32
30,25,32
31,25,32
32,25,32
33,25,32
34,25,32
35,25,32
36,25,32
37,25,32
38,25,32
39,25,32
40,25,32
41,25,32
42,25,32
43,25,32
44,25,32
45,25,32
46,25,32
47,25,32
48,25,32
49,25,32
50,25,32
51,25,32
52,25,32
53,25,32
54,25,32
55,25,32
56,25,32
57,25,32
58,25,32
59,25,32
60,25,32
61,25,32
62,25,32
63,25,32
64,25,32
65,25,32
66,25,32
67,25,32
68,25,32
69,25,32
70,25,32
71,25,32
72,25,32
73,25,32
74,25,32
75,25,32
76,25,32
77,25,32
78,25,32
79,25,32
80,25,32
81,25,32
82,25,32
83,25,32
84,25,32
85,25,32
86,25,32
87,25,32
88,25,32
89,25,32
90,25,32
91,25,32
92,25,32
93,25,32
94,25,32
95,25,32
96,25,32
97,25,32
98,25,32
99,25,32
100,25,32
101,25,32
102,25,32
103,25,32
104,25,32
105,25,32
106,25,32
107,25,32
108,25,32
109,25,32
110,25,32
111,25,32
112,25,32
113,25,32
114,25,32
115,25,32
116,25,32
117,25,32
118,25,32
119,25,32
120,25,32
121,25,32
122,25,32
123,25,32
124,25,32
125,25,32
126,25,32
127,25,32
128,25,32
129,25,32
130,25,32
131,25,32
132,25,32
133,25,32
134,25,32
135,25,32
136,25,32
137,25,32
138,25,32
139,25,32
140,25,32
141,25,32
142,25,32
143,25,32
144,25,32
145,25,32
146,25,32
147,25,32
148,25,32
149,25,32
150,25,32
151,25,32
152,25,32
153,25,32
154,25,32
155,25,32
156,25,32
157,25,32
158,25,32
159,25,32
160,25,32
161,25,32
162,25,32
163,25,32
164,25,32
165,25,32
166,25,32
167,25,32
168,25,32
169,25,32
170,25,32
171,25,32
172,25,32
173,25,32
174,25,32
175,25,32
176,25,32
177,25,32
178,25,32
179,25,32
180,25,32
181,25,32
182,25,32
183,25,32
184,25,32
185,25,32
186,25,32
187,25,32
188,25,32
189,25,32
190,25,32
191,25,32
192,25,32
193,25,32
194,25,32
195,25,32
196,25,32
197,25,32
198,25,32
199,25,32
200,25,32
201,25,32
202,25,32
203,25,32
204,25,32
205,25,32
206,25,32
207,25,32
208,25,32
209,25,32
210,25,32
211,25,32
212,25,32
213,25,32
214,25,32
215,25,32
216,25,32
217,25,32
218,25,32
219,25,32
220,25,32
221,25,32
222,25,32
223,25,32
224,25,32
225,25,32
226,25,32
227,25,32
228,25,32
229,25,32
230,25,32
231,25,32
232,25,32
233,25,32
234,25,32
235,25,32
236,25,32
237,25,32
238,25,32
239,25,32
240,25,32
241,25,32
242,25,32
243,25,32
244,25,32
245,25,32
246,25,32
247,25,32
248,25,32
249,25,32
250,25,32
251,25,32
252,25,32
253,25,32
254,25,32
255,25,32
256,25,32
257,25,32
258,25,32
259,25,32
260,25,32
261,25,32
262,25,32
263,25,32
264,25,32
265,25,32
266,25,32
267,25,32
268,25,32
269,25,32
270,25,32
271,25,32
272,25,32
273,25,32
274,25,32
275,25,32
276,25,32
277,25,32
278,25,32
279,25,32
280,25,32
281,25,32
282,25,32
283,25,32
284,25,32
285,25,32
286,25,32
287,25,32
288,25,32
289,25,32
290,25,32
291,25,32
292,25,32
293,25,32
294,25,32
295,25,32
296,25,32
297,25,32
298,25,32
299,25,32
300,25,32
301,25,32
302,25,32
303,25,32
304,25,32
305,25,32
306,25,32
307,25,32
308,25,32
309,25,32
310,25,32
311,25,32
312,25,32
313,25,32
314,25,32
315,25,32
316,25,32
317,25,32
318,25,32
319,25,32
0,26,32
1,26,32
2,26,32
3,26,32
4,26,32
5,26,32
6,26,32
7,26,32
8,26,32
9,26,32
10,26,32
11,26,32
12,26,32
13,26,32
14,26,32
15,26,32
16,26,32
17,26,32
18,26,32
19,26,32
20,26,32
21,26,32
22,26,32
23,26,32
24,26,32
25,26,32
26,26,32
27,26,32
28,26,32
29,26,32
30,26,32
31,26,32
32,26,32
33,26,32
34,26,32
35,26,32
36,26,32
37,26,32
38,26,32
39,26,32
40,26,32
41,26,32
42,26,32
43,26,32
44,26,32
45,26,32
46,26,32
47,26,32
48,26,32
49,26,32
50,26,32
51,26,32
52,26,32
53,26,32
54,26,32
55,26,32
56,26,32
57,26,32
58,26,32
59,26,32
60,26,32
61,26,32
62,26,32
63,26,32
64,26,32
65,26,32
66,26,32
67,26,32
68,26,32
69,26,32
70,26,32
71,26,32
72,26,32
73,26,32
74,26,32
75,26,32
76,26,32
77,26,32
78,26,32
79,26,32
80,26,32
81,26,32
82,26,32
83,26,32
84,26,32
85,26,32
86,26,32
87,26,32
88,26,32
89,26,32
90,26,32
91,26,32
92,26,32
93,26,32
94,26,32
95,26,32
96,26,32
97,26,32
98,26,32
99,26,32
100,26,32
101,26,32
102,26,32
103,26,32
104,26,32
105,26,32
106,26,32
107,26,32
108,26,32
109,26,32
110,26,32
111,26,32
112,26,32
113,26,32
114,26,32
115,26,32
116,26,32
117,26,32
118,26,32
119,26,32
120,26,32
121,26,32
122,26,32
123,26,32
124,26,32
125,26,32
126,26,32
127,26,32
128,26,32
129,26,32
130,26,32
131,26,32
132,26,32
133,26,32
134,26,32
135,26,32
136,26,32
137,26,32
138,26,32
139,26,32
140,26,32
141,26,32
142,26,32
143,26,32
144,26,32
145,26,32
146,26,32
147,26,32
148,26,32
149,26,32
150,26,32
151,26,32
152,26,32
153,26,32
154,26,32
155,26,32
156,26,32
157,26,32
158,26,32
159,26,32
160,26,32
161,26,32
162,26,32
163,26,32
164,26,32
165,26,32
166,26,32
167,26,32
168,26,32
169,26,32
170,26,32
171,26,32
172,26,32
173,26,32
174,26,32
175,26,32
176,26,32
177,26,32
178,26,32
179,26,32
180,26,32
181,26,32
182,26,32
183,26,32
184,26,32
185,26,32
186,26,32
187,26,32
188,26,32
189,26,32
190,26,32
191,26,32
192,26,32
193,26,32
194,26,32
195,26,32
196,26,32
197,26,32
198,26,32
199,26,32
200,26,32
201,26,32
202,26,32
203,26,32
204,26,32
205,26,32
206,26,32
207,26,32
208,26,32
209,26,32
210,26,32
211,26,32
212,26,32
213,26,32
214,26,32
215,26,32
216,26,32
217,26,32
218,26,32
219,26,32
220,26,32
221,26,32
222,26,32
223,26,32
224,26,32
225,26,32
226,26,32
227,26,32
228,26,32
229,26,32
230,26,32
231,26,32
232,26,32
233,26,32
234,26,32
235,26,32
236,26,32
237,26,32
238,26,32
239,26,32
240,26,32
241,26,32
242,26,32
243,26,32
244,26,32
245,26,32
246,26,32
247,26,32
248,26,32
249,26,32
250,26,32
251,26,32
252,26,32
253,26,32
254,26,32
255,26,32
256,26,32
257,26,32
258,26,32
259,26,32
260,26,32
261,26,32
262,26,32
263,26,32
264,26,32
265,26,32
266,26,32
267,26,32
268,26,32
269,26,32
270,26,32
271,26,32
272,26,32
273,26,32
274,26,32
275,26,32
276,26,32
277,26,32
278,26,32
279,26,32
280,26,32
281,26,32
282,26,32
283,26,32
284,26,32
285,26,32
286,26,32
287,26,32
288,26,32
289,26,32
290,26,32
291,26,32
292,26,32
293,26,32
294,26,32
295,26,32
296,26,32
297,26,32
298,26,32
299,26,32
300,26,32
301,26,32
302,26,32
303,26,32
304,26,32
305,26,32
306,26,32
307,26,32
308,26,32
309,26,32
310,26,32
311,26,32
312,26,32
313,26,32
314,26,32
315,26,32
316,26,32
317,26,32
318,26,32
319,26,32
0,27,32
1,27,32
2,27,32
3,27,32
4,27,32
5,27,32
6,27,32
7,27,32
8,27,32
9,27,32
10,27,32
11,27,32
12,27,32
13,27,32
14,27,32
15,27,32
16,27,32
17,27,32
18,27,32
19,27,32
20,27,32
21,27,32
22,27,32
23,27,32
24,27,32
25,27,32
26,27,32
27,27,32
28,27,32
29,27,32
30,27,32
31,27,32
32,27,32
33,27,32
34,27,32
35,27,32
36,27,32
37,27,32
38,27,32
39,27,32
40,27,32
41,27,32
42,27,32
43,27,32
44,27,32
45,27,32
46,27,32
47,27,32
48,27,32
49,27,32
50,27,32
51,27,32
52,27,32
53,27,32
54,27,32
55,27,32
56,27,32
57,27,32
58,27,32
59,27,32
60,27,32
61,27,32
62,27,32
63,27,32
64,27,32
65,27,32
66,27,32
67,27,32
68,27,32
69,27,32
70,27,32
71,27,32
72,27,32
73,27,32
74,27,32
75,27,32
76,27,32
77,27,32
78,27,32
79,27,32
80,27,32
81,27,32
82,27,32
83,27,32
84,27,32
85,27,32
86,27,32
87,27,32
88,27,32
89,27,32
90,27,32
91,27,32
92,27,32
93,27,32
94,27,32
95,27,32
96,27,32
97,27,32
98,27,32
99,27,32
100,27,32
101,27,32
102,27,32
103,27,32
104,27,32
105,27,32
106,27,32
107,27,32
108,27,32
109,27,32
110,27,32
111,27,32
112,27,32
113,27,32
114,27,32
115,27,32
116,27,32
117,27,32
118,27,32
119,27,32
120,27,32
121,27,32
122,27,32
123,27,32
124,27,32
125,27,32
126,27,32
127,27,32
128,27,32
129,27,32
130,27,32
131,27,32
132,27,32
133,27,32
134,27,32
135,27,32
136,27,32
137,27,32
138,27,32
139,27,32
140,27,32
141,27,32
142,27,32
143,27,32
144,27,32
145,27,32
146,27,32
147,27,32
148,27,32
149,27,32
150,27,32
151,27,32
152,27,32
153,27,32
154,27,32
155,27,32
156,27,32
157,27,32
158,27,32
159,27,32
160,27,32
161,27,32
162,27,32
163,27,32
164,27,32
165,27,32
166,27,32
167,27,32
168,27,32
169,27,32
170,27,32
171,27,32
172,27,32
173,27,32
174,27,32
175,27,32
176,27,32
177,27,32
178,27,32
179,27,32
180,27,32
181,27,32
182,27,32
183,27,32
184,27,32
185,27,32
186,27,32
187,27,32
188,27,32
189,27,32
190,27,32
191,27,32
192,27,32
193,27,32
194,27,32
195,27,32
196,27,32
197,27,32
198,27,32
199,27,32
200,27,32
201,27,32
202,27,32
203,27,32
204,27,32
205,27,32
206,27,32
207,27,32
208,27,32
209,27,32
210,27,32
211,27,32
212,27,32
213,27,32
214,27,32
215,27,32
216,27,32
217,27,32
218,27,32
219,27,32
220,27,32
221,27,32
222,27,32
223,27,32
224,27,32
225,27,32
226,27,32
227,27,32
228,27,32
229,27,32
230,27,32
231,27,32
232,27,32
233,27,32
234,27,32
235,27,32
236,27,32
237,27,32
238,27,32
239,27,32
240,27,32
241,27,32
242,27,32
243,27,32
244,27,32
245,27,32
246,27,32
247,27,32
248,27,32
249,27,32
250,27,32
251,27,32
252,27,32
253,27,32
254,27,32
255,27,32
256,27,32
257,27,32
258,27,32
259,27,32
260,27,32
261,27,32
262,27,32
263,27,32
264,27,32
265,27,32
266,27,32
267,27,32
268,27,32
269,27,32
270,27,32
271,27,32
272,27,32
273,27,32
274,27,32
275,27,32
276,27,32
277,27,32
278,27,32
279,27,32
280,27,32
281,27,32
282,27,32
283,27,32
284,27,32
285,27,32
286,27,32
287,27,32
288,27,32
289,27,32
290,27,32
291,27,32
292,27,32
293,27,32
294,27,32
295,27,32
296,27,32
297,27,32
298,27,32
299,27,32
300,27,32
301,27,32
302,27,32
303,27,32
304,27,32
305,27,32
306,27,32
307,27,32
308,27,32
309,27,32
310,27,32
311,27,32
312,27,32
313,27,32
314,27,32
315,27,32
316,27,32
317,27,32
318,27,32
319,27,32
0,28,32
1,28,32
2,28,32
3,28,32
4,28,32
5,28,32
6,28,32
7,28,32
8,28,32
9,28,32
10,28,32
11,28,32
12,28,32
13,28,32
14,28,32
15,28,32
16,28,32
17,28,32
18,28,32
19,28,32
20,28,32
21,28,32
22,28,32
23,28,32
24,28,32
25,28,32
26,28,32
27,28,32
28,28,32
29,28,32
30,28,32
31,28,32
32,28,32
33,28,32
34,28,32
35,28,32
36,28,32
37,28,32
38,28,32
39,28,32
40,28,32
41,28,32
42,28,32
43,28,32
44,28,32
45,28,32
46,28,32
47,28,32
48,28,32
49,28,32
50,28,32
51,28,32
52,28,32
53,28,32
54,28,32
55,28,32
56,28,32
57,28,32
58,28,32
59,28,32
60,28,32
61,28,32
62,28,32
63,28,32
64,28,32
65,28,32
66,28,32
67,28,32
68,28,32
69,28,32
70,28,32
71,28,32
72,28,32
73,28,32
74,28,32
75,28,32
76,28,32
77,28,32
78,28,32
79,28,32
80,28,32
81,28,32
82,28,32
83,28,32
84,28,32
85,28,32
86,28,32
87,28,32
88,28,32
89,28,32
90,28,32
91,28,32
92,28,32
93,28,32
94,28,32
95,28,32
96,28,32
97,28,32
98,28,32
99,28,32
100,28,32
101,28,32
102,28,32
103,28,32
104,28,32
105,28,32
106,28,32
107,28,32
108,28,32
109,28,32
110,28,32
111,28,32
112,28,32
113,28,32
114,28,32
115,28,32
116,28,32
117,28,32
118,28,32
119,28,32
120,28,32
121,28,32
122,28,32
123,28,32
124,28,32
125,28,32
126,28,32
127,28,32
128,28,32
129,28,32
130,28,32
131,28,32
132,28,32
133,28,32
134,28,32
135,28,32
136,28,32
137,28,32
138,28,32
139,28,32
140,28,32
141,28,32
142,28,32
143,28,32
144,28,32
145,28,32
146,28,32
147,28,32
148,28,32
149,28,32
150,28,32
151,28,32
152,28,32
153,28,32
154,28,32
155,28,32
156,28,32
157,28,32
158,28,32
159,28,32
160,28,32
161,28,32
162,28,32
163,28,32
164,28,32
165,28,32
166,28,32
167,28,32
168,28,32
169,28,32
170,28,32
171,28,32
172,28,32
173,28,32
174,28,32
175,28,32
176,28,32
177,28,32
178,28,32
179,28,32
180,28,32
181,28,32
182,28,32
183,28,32
184,28,32
185,28,32
186,28,32
187,28,32
188,28,32
189,28,32
190,28,32
191,28,32
192,28,32
193,28,32
194,28,32
195,28,32
196,28,32
197,28,32
198,28,32
199,28,32
200,28,32
201,28,32
202,28,32
203,28,32
204,28,32
205,28,32
206,28,32
207,28,32
208,28,32
209,28,32
210,28,32
211,28,32
212,28,32
213,28,32
214,28,32
215,28,32
216,28,32
217,28,32
218,28,32
219,28,32
220,28,32
221,28,32
222,28,32
223,28,32
224,28,32
225,28,32
226,28,32
227,28,32
228,28,32
229,28,32
230,28,32
231,28,32
232,28,32
233,28,32
234,28,32
235,28,32
236,28,32
237,28,32
238,28,32
239,28,32
240,28,32
241,28,32
242,28,32
243,28,32
244,28,32
245,28,32
246,28,32
247,28,32
248,28,32
249,28,32
250,28,32
251,28,32
252,28,32
253,28,32
254,28,32
255,28,32
256,28,32
257,28,32
258,28,32
259,28,32
260,28,32
261,28,32
262,28,32
263,28,32
264,28,32
265,28,32
266,28,32
267,28,32
268,28,32
269,28,32
270,28,32
271,28,32
272,28,32
273,28,32
274,28,32
275,28,32
276,28,32
277,28,32
278,28,32
279,28,32
280,28,32
281,28,32
282,28,32
283,28,32
284,28,32
285,28,32
286,28,32
287,28,32
288,28,32
289,28,32
290,28,32
291,28,32
292,28,32
293,28,32
294,28,32
295,28,32
296,28,32
297,28,32
298,28,32
299,28,32
300,28,32
301,28,32
302,28,32
303,28,32
304,28,32
305,28,32
306,28,32
307,28,32
308,28,32
309,28,32
310,28,32
311,28,32
312,28,32
313,28,32
314,28,32
315,28,32
316,28,32
317,28,32
318,28,32
319,28,32
0,29,32
1,29,32
2,29,32
3,29,32
4,29,32
5,29,32
6,29,32
7,29,32
8,29,32
9,29,32
10,29,32
11,29,32
12,29,32
13,29,32
14,29,32
15,29,32
16,29,32
17,29,32
18,29,32
19,29,32
20,29,32
21,29,32
22,29,32
23,29,32
24,29,32
25,29,32
26,29,32
27,29,32
28,29,32
29,29,32
30,29,32
31,29,32
32,29,32
33,29,32
34,29,32
35,29,32
36,29,32
37,29,32
38,29,32
39,29,32
40,29,32
41,29,32
42,29,32
43,29,32
44,29,32
45,29,32
46,29,32
47,29,32
48,29,32
49,29,32
50,29,32
51,29,32
52,29,32
53,29,32
54,29,32
55,29,32
56,29,32
57,29,32
58,29,32
59,29,32
60,29,32
61,29,32
62,29,32
63,29,32
64,29,32
65,29,32
66,29,32
67,29,32
68,29,32
69,29,32
70,29,32
71,29,32
72,29,32
73,29,32
74,29,32
75,29,32
76,29,32
77,29,32
78,29,32
79,29,32
80,29,32
81,29,32
82,29,32
83,29,32
84,29,32
85,29,32
86,29,32
87,29,32
88,29,32
89,29,32
90,29,32
91,29,32
92,29,32
93,29,32
94,29,32
95,29,32
96,29,32
97,29,32
98,29,32
99,29,32
100,29,32
101,29,32
102,29,32
103,29,32
104,29,32
105,29,32
106,29,32
107,29,32
108,29,32
109,29,32
110,29,32
111,29,32
112,29,32
113,29,32
114,29,32
115,29,32
116,29,32
117,29,32
118,29,32
119,29,32
120,29,32
121,29,32
122,29,32
123,29,32
124,29,32
125,29,32
126,29,32
127,29,32
128,29,32
129,29,32
130,29,32
131,29,32
132,29,32
133,29,32
134,29,32
135,29,32
136,29,32
137,29,32
138,29,32
139,29,32
140,29,32
141,29,32
142,29,32
143,29,32
144,29,32
145,29,32
146,29,32
147,29,32
148,29,32
149,29,32
150,29,32
151,29,32
152,29,32
153,29,32
154,29,32
155,29,32
156,29,32
157,29,32
158,29,32
159,29,32
160,29,32
161,29,32
162,29,32
163,29,32
164,29,32
165,29,32
166,29,32
167,29,32
168,29,32
169,29,32
170,29,32
171,29,32
172,29,32
173,29,32
174,29,32
175,29,32
176,29,32
177,29,32
178,29,32
179,29,32
180,29,32
181,29,32
182,29,32
183,29,32
184,29,32
185,29,32
186,29,32
187,29,32
188,29,32
189,29,32
190,29,32
191,29,32
192,29,32
193,29,32
194,29,32
195,29,32
196,29,32
197,29,32
198,29,32
199,29,32
200,29,32
201,29,32
202,29,32
203,29,32
204,29,32
205,29,32
206,29,32
207,29,32
208,29,32
209,29,32
210,29,32
211,29,32
212,29,32
213,29,32
214,29,32
215,29,32
216,29,32
217,29,32
218,29,32
219,29,32
220,29,32
221,29,32
222,29,32
223,29,32
224,29,32
225,29,32
226,29,32
227,29,32
228,29,32
229,29,32
230,29,32
231,29,32
232,29,32
233,29,32
234,29,32
235,29,32
236,29,32
237,29,32
238,29,32
239,29,32
240,29,32
241,29,32
242,29,32
243,29,32
244,29,32
245,29,32
246,29,32
247,29,32
248,29,32
249,29,32
250,29,32
251,29,32
252,29,32
253,29,32
254,29,32
255,29,32
256,29,32
257,29,32
258,29,32
259,29,32
260,29,32
261,29,32
262,29,32
263,29,32
264,29,32
265,29,32
266,29,32
267,29,32
268,29,32
269,29,32
270,29,32
271,29,32
272,29,32
273,29,32
274,29,32
275,29,32
276,29,32
277,29,32
278,29,32
279,29,32
280,29,32
281,29,32
282,29,32
283,29,32
284,29,32
285,29,32
286,29,32
287,29,32
288,29,32
289,29,32
290,29,32
291,29,32
292,29,32
293,29,32
294,29,32
295,29,32
296,29,32
297,29,32
298,29,32
299,29,32
300,29,32
301,29,32
302,29,32
303,29,32
304,29,32
305,29,32
306,29,32
307,29,32
308,29,32
309,29,32
310,29,32
311,29,32
312,29,32
313,29,32
314,29,32
315,29,32
316,29,32
317,29,32
318,29,32
319,29,32
0,30,32
1,30,32
2,30,32
3,30,32
4,30,32
5,30,32
6,30,32
7,30,32
8,30,32
9,30,32
10,30,32
11,30,32
12,30,32
13,30,32
14,30,32
15,30,32
16,30,32
17,30,32
18,30,32
19,30,32
20,30,32
21,30,32
22,30,32
23,30,32
24,30,32
25,30,32
26,30,32
27,30,32
28,30,32
29,30,32
30,30,32
31,30,32
32,30,32
33,30,32
34,30,32
35,30,32
36,30,32
37,30,32
38,30,32
39,30,32
40,30,32
41,30,32
42,30,32
43,30,32
44,30,32
45,30,32
46,30,32
47,30,32
48,30,32
49,30,32
50,30,32
51,30,32
52,30,32
53,30,32
54,30,32
55,30,32
56,30,32
57,30,32
58,30,32
59,30,32
60,30,32
61,30,32
62,30,32
63,30,32
64,30,32
65,30,32
66,30,32
67,30,32
68,30,32
69,30,32
70,30,32
71,30,32
72,30,32
73,30,32
74,30,32
75,30,32
76,30,32
77,30,32
78,30,32
79,30,32
80,30,32
81,30,32
82,30,32
83,30,32
84,30,32
85,30,32
86,30,32
87,30,32
88,30,32
89,30,32
90,30,32
91,30,32
92,30,32
93,30,32
94,30,32
95,30,32
96,30,32
97,30,32
98,30,32
99,30,32
100,30,32
101,30,32
102,30,32
103,30,32
104,30,32
105,30,32
106,30,32
107,30,32
108,30,32
109,30,32
110,30,32
111,30,32
112,30,32
113,30,32
114,30,32
115,30,32
116,30,32
117,30,32
118,30,32
119,30,32
120,30,32
121,30,32
122,30,32
123,30,32
124,30,32
125,30,32
126,30,32
127,30,32
128,30,32
129,30,32
130,30,32
131,30,32
132,30,32
133,30,32
134,30,32
135,30,32
136,30,32
137,30,32
138,30,32
139,30,32
140,30,32
141,30,32
142,30,32
143,30,32
144,30,32
145,30,32
146,30,32
147,30,32
148,30,32
149,30,32
150,30,32
151,30,32
152,30,32
153,30,32
154,30,32
155,30,32
156,30,32
157,30,32
158,30,32
159,30,32
160,30,32
161,30,32
162,30,32
163,30,32
164,30,32
165,30,32
166,30,32
167,30,32
168,30,32
169,30,32
170,30,32
171,30,32
172,30,32
173,30,32
174,30,32
175,30,32
176,30,32
177,30,32
178,30,32
179,30,32
180,30,32
181,30,32
182,30,32
183,30,32
184,30,32
185,30,32
186,30,32
187,30,32
188,30,32
189,30,32
190,30,32
191,30,32
192,30,32
193,30,32
194,30,32
195,30,32
196,30,32
197,30,32
198,30,32
199,30,32
200,30,32
201,30,32
202,30,32
203,30,32
204,30,32
205,30,32
206,30,32
207,30,32
208,30,32
209,30,32
210,30,32
211,30,32
212,30,32
213,30,32
214,30,32
215,30,32
216,30,32
217,30,32
218,30,32
219,30,32
220,30,32
221,30,32
222,30,32
223,30,32
224,30,32
225,30,32
226,30,32
227,30,32
228,30,32
229,30,32
230,30,32
231,30,32
232,30,32
233,30,32
234,30,32
235,30,32
236,30,32
237,30,32
238,30,32
239,30,32
240,30,32
241,30,32
242,30,32
243,30,32
244,30,32
245,30,32
246,30,32
247,30,32
248,30,32
249,30,32
250,30,32
251,30,32
252,30,32
253,30,32
254,30,32
255,30,32
256,30,32
257,30,32
258,30,32
259,30,32
260,30,32
261,30,32
262,30,32
263,30,32
264,30,32
265,30,32
266,30,32
267,30,32
268,30,32
269,30,32
270,30,32
271,30,32
272,30,32
273,30,32
274,30,32
275,30,32
276,30,32
277,30,32
278,30,32
279,30,32
280,30,32
281,30,32
282,30,32
283,30,32
284,30,32
285,30,32
286,30,32
287,30,32
288,30,32
289,30,32
290,30,32
291,30,32
292,30,32
293,30,32
294,30,32
295,30,32
296,30,32
297,30,32
298,30,32
299,30,32
300,30,32
301,30,32
302,30,32
303,30,32
304,30,32
305,30,32
306,30,32
307,30,32
308,30,32
309,30,32
310,30,32
311,30,32
312,30,32
313,30,32
314,30,32
315,30,32
316,30,32
317,30,32
318,30,32
319,30,32
0,31,32
1,31,32
2,31,32
3,31,32
4,31,32
5,31,32
6,31,32
7,31,32
8,31,32
9,31,32
10,31,32
11,31,32
12,31,32
13,31,32
14,31,32
15,31,32
16,31,32
17,31,32
18,31,32
19,31,32
20,31,32
21,31,32
22,31,32
23,31,32
24,31,32
25,31,32
26,31,32
27,31,32
28,31,32
29,31,32
30,31,32
31,31,32
32,31,32
33,31,32
34,31,32
35,31,32
36,31,32
37,31,32
38,31,32
39,31,32
40,31,32
41,31,32
42,31,32
43,31,32
44,31,32
45,31,32
46,31,32
47,31,32
48,31,32
49,31,32
50,31,32
51,31,32
52,31,32
53,31,32
54,31,32
55,31,32
56,31,32
57,31,32
58,31,32
59,31,32
60,31,32
61,31,32
62,31,32
63,31,32
64,31,32
65,31,32
66,31,32
67,31,32
68,31,32
69,31,32
70,31,32
71,31,32
72,31,32
73,31,32
74,31,32
75,31,32
76,31,32
77,31,32
78,31,32
79,31,32
80,31,32
81,31,32
82,31,32
83,31,32
84,31,32
85,31,32
86,31,32
87,31,32
88,31,32
89,31,32
90,31,32
91,31,32
92,31,32
93,31,32
94,31,32
95,31,32
96,31,32
97,31,32
98,31,32
99,31,32
100,31,32
101,31,32
102,31,32
103,31,32
104,31,32
105,31,32
106,31,32
107,31,32
108,31,32
109,31,32
110,31,32
111,31,32
112,31,32
113,31,32
114,31,32
115,31,32
116,31,32
117,31,32
118,31,32
119,31,32
120,31,32
121,31,32
122,31,32
123,31,32
124,31,32
125,31,32
126,31,32
127,31,32
128,31,32
129,31,32
130,31,32
131,31,32
132,31,32
133,31,32
134,31,32
135,31,32
136,31,32
137,31,32
138,31,32
139,31,32
140,31,32
141,31,32
142,31,32
143,31,32
144,31,32
145,31,32
146,31,32
147,31,32
148,31,32
149,31,32
150,31,32
151,31,32
152,31,32
153,31,32
154,31,32
155,31,32
156,31,32
157,31,32
158,31,32
159,31,32
160,31,32
161,31,32
162,31,32
163,31,32
164,31,32
165,31,32
166,31,32
167,31,32
168,31,32
169,31,32
170,31,32
171,31,32
172,31,32
173,31,32
174,31,32
175,31,32
176,31,32
177,31,32
178,31,32
179,31,32
180,31,32
181,31,32
182,31,32
183,31,32
184,31,32
185,31,32
186,31,32
187,31,32
188,31,32
189,31,32
190,31,32
191,31,32
192,31,32
193,31,32
194,31,32
195,31,32
196,31,32
197,31,32
198,31,32
199,31,32
200,31,32
201,31,32
202,31,32
203,31,32
204,31,32
205,31,32
206,31,32
207,31,32
208,31,32
209,31,32
210,31,32
211,31,32
212,31,32
213,31,32
214,31,32
215,31,32
216,31,32
217,31,32
218,31,32
219,31,32
220,31,32
221,31,32
222,31,32
223,31,32
224,31,32
225,31,32
226,31,32
227,31,32
228,31,32
229,31,32
230,31,32
231,31,32
232,31,32
233,31,32
234,31,32
235,31,32
236,31,32
237,31,32
238,31,32
239,31,32
240,31,32
241,31,32
242,31,32
243,31,32
244,31,32
245,31,32
246,31,32
247,31,32
248,31,32
249,31,32
250,31,32
251,31,32
252,31,32
253,31,32
254,31,32
255,31,32
256,31,32
257,31,32
258,31,32
259,31,32
260,31,32
261,31,32
262,31,32
263,31,32
264,31,32
265,31,32
266,31,32
267,31,32
268,31,32
269,31,32
270,31,32
271,31,32
272,31,32
273,31,32
274,31,32
275,31,32
276,31,32
277,31,32
278,31,32
279,31,32
280,31,32
281,31,32
282,31,32
283,31,32
284,31,32
285,31,32
286,31,32
287,31,32
288,31,32
289,31,32
290,31,32
291,31,32
292,31,32
293,31,32
294,31,32
295,31,32
296,31,32
297,31,32
298,31,32
299,31,32
300,31,32
301,31,32
302,31,32
303,31,32
304,31,32
305,31,32
306,31,32
307,31,32
308,31,32
309,31,32
310,31,32
311,31,32
312,31,32
313,31,32
314,31,32
315,31,32
316,31,32
317,31,32
318,31,32
319,31,32
0,32,32
1,32,32
2,32,32
3,32,32
4,32,32
5,32,32
6,32,32
7,32,32
8,32,32
9,32,32
10,32,32
11,32,32
12,32,32
13,32,32
14,32,32
15,32,32
16,32,32
17,32,32
18,32,32
19,32,32
20,32,32
21,32,32
22,32,32
23,32,32
24,32,32
25,32,32
26,32,32
27,32,32
28,32,32
29,32,32
30,32,32
31,32,32
32,32,32
33,32,32
34,32,32
35,32,32
36,32,32
37,32,32
38,32,32
39,32,32
40,32,32
41,32,32
42,32,32
43,32,32
44,32,32
45,32,32
46,32,32
47,32,32
48,32,32
49,32,32
50,32,32
51,32,32
52,32,32
53,32,32
54,32,32
55,32,32
56,32,32
57,32,32
58,32,32
59,32,32
60,32,32
61,32,32
62,32,32
63,32,32
64,32,32
65,32,32
66,32,32
67,32,32
68,32,32
69,32,32
70,32,32
71,32,32
72,32,32
73,32,32
74,32,32
75,32,32
76,32,32
77,32,32
78,32,32
79,32,32
80,32,32
81,32,32
82,32,32
83,32,32
84,32,32
85,32,32
86,32,32
87,32,32
88,32,32
89,32,32
90,32,32
91,32,32
92,32,32
93,32,32
94,32,32
95,32,32
96,32,32
97,32,32
98,32,32
99,32,32
100,32,32
101,32,32
102,32,32
103,32,32
104,32,32
105,32,32
106,32,32
107,32,32
108,32,32
109,32,32
110,32,32
111,32,32
112,32,32
113,32,32
114,32,32
115,32,32
116,32,32
117,32,32
118,32,32
119,32,32
120,32,32
121,32,32
122,32,32
123,32,32
124,32,32
125,32,32
126,32,32
127,32,32
128,32,32
129,32,32
130,32,32
131,32,32
132,32,32
133,32,32
134,32,32
135,32,32
136,32,32
137,32,32
138,32,32
139,32,32
140,32,32
141,32,32
142,32,32
143,32,32
144,32,32
145,32,32
146,32,32
147,32,32
148,32,32
149,32,32
150,32,32
151,32,32
152,32,32
153,32,32
154,32,32
155,32,32
156,32,32
157,32,32
158,32,32
159,32,32
160,32,32
161,32,32
162,32,32
163,32,32
164,32,32
165,32,32
166,32,32
167,32,32
168,32,32
169,32,32
170,32,32
171,32,32
172,32,32
173,32,32
174,32,32
175,32,32
176,32,32
177,32,32
178,32,32
179,32,32
180,32,32
181,32,32
182,32,32
183,32,32
184,32,32
185,32,32
186,32,32
187,32,32
188,32,32
189,32,32
190,32,32
191,32,32
192,32,32
193,32,32
194,32,32
195,32,32
196,32,32
197,32,32
198,32,32
199,32,32
200,32,32
201,32,32
202,32,32
203,32,32
204,32,32
205,32,32
206,32,32
207,32,32
208,32,32
209,32,32
210,32,32
211,32,32
212,32,32
213,32,32
214,32,32
215,32,32
216,32,32
217,32,32
218,32,32
219,32,32
220,32,32
221,32,32
222,32,32
223,32,32
224,32,32
225,32,32
226,32,32
227,32,32
228,32,32
229,32,32
230,32,32
231,32,32
232,32,32
233,32,32
234,32,32
235,32,32
236,32,32
237,32,32
238,32,32
239,32,32
240,32,32
241,32,32
242,32,32
243,32,32
244,32,32
245,32,32
246,32,32
247,32,32
248,32,32
249,32,32
250,32,32
251,32,32
252,32,32
253,32,32
254,32,32
255,32,32
256,32,32
257,32,32
258,32,32
259,32,32
260,32,32
261,32,32
262,32,32
263,32,32
264,32,32
265,32,32
266,32,32
267,32,32
268,32,32
269,32,32
270,32,32
271,32,32
272,32,32
273,32,32
274,32,32
275,32,32
276,32,32
277,32,32
278,32,32
279,32,32
280,32,32
281,32,32
282,32,32
283,32,32
284,32,32
285,32,32
286,32,32
287,32,32
288,32,32
289,32,32
290,32,32
291,32,32
292,32,32
293,32,32
294,32,32
295,32,32
296,32,32
297,32,32
298,32,32
299,32,32
300,32,32
301,32,32
302,32,32
303,32,32
304,32,32
305,32,32
306,32,32
307,32,32
308,32,32
309,32,32
310,32,32
311,32,32
312,32,32
313,32,32
314,32,32
315,32,32
316,32,32
317,32,32
318,32,32
319,32,32
0,33,32
1,33,32
2,33,32
3,33,32
4,33,32
5,33,32
6,33,32
7,33,32
8,33,32
9,33,32
10,33,32
11,33,32
12,33,32
13,33,32
14,33,32
15,33,32
16,33,32
17,33,32
18,33,32
19,33,32
20,33,32
21,33,32
22,33,32
23,33,32
24,33,32
25,33,32
26,33,32
27,33,32
28,33,32
29,33,32
30,33,32
31,33,32
32,33,32
33,33,32
34,33,32
35,33,32
36,33,32
37,33,32
38,33,32
39,33,32
40,33,32
41,33,32
42,33,32
43,33,32
44,33,32
45,33,32
46,33,32
47,33,32
48,33,32
49,33,32
50,33,32
51,33,32
52,33,32
53,33,32
54,33,32
55,33,32
56,33,32
57,33,32
58,33,32
59,33,32
60,33,32
61,33,32
62,33,32
63,33,32
64,33,32
65,33,32
66,33,32
67,33,32
68,33,32
69,33,32
70,33,32
71,33,32
72,33,32
73,33,32
74,33,32
75,33,32
76,33,32
77,33,32
78,33,32
79,33,32
80,33,32
81,33,32
82,33,32
83,33,32
84,33,32
85,33,32
86,33,32
87,33,32
88,33,32
89,33,32
90,33,32
91,33,32
92,33,32
93,33,32
94,33,32
95,33,32
96,33,32
97,33,32
98,33,32
99,33,32
100,33,32
101,33,32
102,33,32
103,33,32
104,33,32
105,33,32
106,33,32
107,33,32
108,33,32
109,33,32
110,33,32
111,33,32
112,33,32
113,33,32
114,33,32
115,33,32
116,33,32
117,33,32
118,33,32
119,33,32
120,33,32
121,33,32
122,33,32
123,33,32
124,33,32
125,33,32
126,33,32
127,33,32
128,33,32
129,33,32
130,33,32
131,33,32
132,33,32
133,33,32
134,33,32
135,33,32
136,33,32
137,33,32
138,33,32
139,33,32
140,33,32
141,33,32
142,33,32
143,33,32
144,33,32
145,33,32
146,33,32
147,33,32
148,33,32
149,33,32
150,33,32
151,33,32
152,33,32
153,33,32
154,33,32
155,33,32
156,33,32
157,33,32
158,33,32
159,33,32
160,33,32
161,33,32
162,33,32
163,33,32
164,33,32
165,33,32
166,33,32
167,33,32
168,33,32
169,33,32
170,33,32
171,33,32
172,33,32
173,33,32
174,33,32
175,33,32
176,33,32
177,33,32
178,33,32
179,33,32
180,33,32
181,33,32
182,33,32
183,33,32
184,33,32
185,33,32
186,33,32
187,33,32
188,33,32
189,33,32
190,33,32
191,33,32
192,33,32
193,33,32
194,33,32
195,33,32
196,33,32
197,33,32
198,33,32
199,33,32
200,33,32
201,33,32
202,33,32
203,33,32
204,33,32
205,33,32
206,33,32
207,33,32
208,33,32
209,33,32
210,33,32
211,33,32
212,33,32
213,33,32
214,33,32
215,33,32
216,33,32
217,33,32
218,33,32
219,33,32
220,33,32
221,33,32
222,33,32
223,33,32
224,33,32
225,33,32
226,33,32
227,33,32
228,33,32
229,33,32
230,33,32
231,33,32
232,33,32
233,33,32
234,33,32
235,33,32
236,33,32
237,33,32
238,33,32
239,33,32
240,33,32
241,33,32
242,33,32
243,33,32
244,33,32
245,33,32
246,33,32
247,33,32
248,33,32
249,33,32
250,33,32
251,33,32
252,33,32
253,33,32
254,33,32
255,33,32
256,33,32
257,33,32
258,33,32
259,33,32
260,33,32
261,33,32
262,33,32
263,33,32
264,33,32
265,33,32
266,33,32
267,33,32
268,33,32
269,33,32
270,33,32
271,33,32
272,33,32
273,33,32
274,33,32
275,33,32
276,33,32
277,33,32
278,33,32
279,33,32
280,33,32
281,33,32
282,33,32
283,33,32
284,33,32
285,33,32
286,33,32
287,33,32
288,33,32
289,33,32
290,33,32
291,33,32
292,33,32
293,33,32
294,33,32
295,33,32
296,33,32
297,33,32
298,33,32
299,33,32
300,33,32
301,33,32
302,33,32
303,33,32
304,33,32
305,33,32
306,33,32
307,33,32
308,33,32
309,33,32
310,33,32
311,33,32
312,33,32
313,33,32
314,33,32
315,33,32
316,33,32
317,33,32
318,33,32
319,33,32
0,34,32
1,34,32
2,34,32
3,34,32
4,34,32
5,34,32
6,34,32
7,34,32
8,34,32
9,34,32
10,34,32
11,34,32
12,34,32
13,34,32
14,34,32
15,34,32
16,34,32
17,34,32
18,34,32
19,34,32
20,34,32
21,34,32
22,34,32
23,34,32
24,34,32
25,34,32
26,34,32
27,34,32
28,34,32
29,34,32
30,34,32
31,34,32
32,34,32
33,34,32
34,34,32
35,34,32
36,34,32
37,34,32
38,34,32
39,34,32
40,34,32
41,34,32
42,34,32
43,34,32
44,34,32
45,34,32
46,34,32
47,34,32
48,34,32
49,34,32
50,34,32
51,34,32
52,34,32
53,34,32
54,34,32
55,34,32
56,34,32
57,34,32
58,34,32
59,34,32
60,34,32
61,34,32
62,34,32
63,34,32
64,34,32
65,34,32
66,34,32
67,34,32
68,34,32
69,34,32
70,34,32
71,34,32
72,34,32
73,34,32
74,34,32
75,34,32
76,34,32
77,34,32
78,34,32
79,34,32
80,34,32
81,34,32
82,34,32
83,34,32
84,34,32
85,34,32
86,34,32
87,34,32
88,34,32
89,34,32
90,34,32
91,34,32
92,34,32
93,34,32
94,34,32
95,34,32
96,34,32
97,34,32
98,34,32
99,34,32
100,34,32
101,34,32
102,34,32
103,34,32
104,34,32
105,34,32
106,34,32
107,34,32
108,34,32
109,34,32
110,34,32
111,34,32
112,34,32
113,34,32
114,34,32
115,34,32
116,34,32
117,34,32
118,34,32
119,34,32
120,34,32
121,34,32
122,34,32
123,34,32
124,34,32
125,34,32
126,34,32
127,34,32
128,34,32
129,34,32
130,34,32
131,34,32
132,34,32
133,34,32
134,34,32
135,34,32
136,34,32
137,34,32
138,34,32
139,34,32
140,34,32
141,34,32
142,34,32
143,34,32
144,34,32
145,34,32
146,34,32
147,34,32
148,34,32
149,34,32
150,34,32
151,34,32
152,34,32
153,34,32
154,34,32
155,34,32
156,34,32
157,34,32
158,34,32
159,34,32
160,34,32
161,34,32
162,34,32
163,34,32
164,34,32
165,34,32
166,34,32
167,34,32
168,34,32
169,34,32
170,34,32
171,34,32
172,34,32
173,34,32
174,34,32
175,34,32
176,34,32
177,34,32
178,34,32
179,34,32
180,34,32
181,34,32
182,34,32
183,34,32
184,34,32
185,34,32
186,34,32
187,34,32
188,34,32
189,34,32
190,34,32
191,34,32
192,34,32
193,34,32
194,34,32
195,34,32
196,34,32
197,34,32
198,34,32
199,34,32
200,34,32
201,34,32
202,34,32
203,34,32
204,34,32
205,34,32
206,34,32
207,34,32
208,34,32
209,34,32
210,34,32
211,34,32
212,34,32
213,34,32
214,34,32
215,34,32
216,34,32
217,34,32
218,34,32
219,34,32
220,34,32
221,34,32
222,34,32
223,34,32
224,34,32
225,34,32
226,34,32
227,34,32
228,34,32
229,34,32
230,34,32
231,34,32
232,34,32
233,34,32
234,34,32
235,34,32
236,34,32
237,34,32
238,34,32
239,34,32
240,34,32
241,34,32
242,34,32
243,34,32
244,34,32
245,34,32
246,34,32
247,34,32
248,34,32
249,34,32
250,34,32
251,34,32
252,34,32
253,34,32
254,34,32
255,34,32
256,34,32
257,34,32
258,34,32
259,34,32
260,34,32
261,34,32
262,34,32
263,34,32
264,34,32
265,34,32
266,34,32
267,34,32
268,34,32
269,34,32
270,34,32
271,34,32
272,34,32
273,34,32
274,34,32
275,34,32
276,34,32
277,34,32
278,34,32
279,34,32
280,34,32
281,34,32
282,34,32
283,34,32
284,34,32
285,34,32
286,34,32
287,34,32
288,34,32
289,34,32
290,34,32
291,34,32
292,34,32
293,34,32
294,34,32
295,34,32
296,34,32
297,34,32
298,34,32
299,34,32
300,34,32
301,34,32
302,34,32
303,34,32
304,34,32
305,34,32
306,34,32
307,34,32
308,34,32
309,34,32
310,34,32
311,34,32
312,34,32
313,34,32
314,34,32
315,34,32
316,34,32
317,34,32
318,34,32
319,34,32
0,35,32
1,35,32
2,35,32
3,35,32
4,35,32
5,35,32
6,35,32
7,35,32
8,35,32
9,35,32
10,35,32
11,35,32
12,35,32
13,35,32
14,35,32
15,35,32
16,35,32
17,35,32
18,35,32
19,35,32
20,35,32
21,35,32
22,35,32
23,35,32
24,35,32
25,35,32
26,35,32
27,35,32
28,35,32
29,35,32
30,35,32
31,35,32
32,35,32
33,35,32
34,35,32
35,35,32
36,35,32
37,35,32
38,35,32
39,35,32
40,35,32
41,35,32
42,35,32
43,35,32
44,35,32
45,35,32
46,35,32
47,35,32
48,35,32
49,35,32
50,35,32
51,35,32
52,35,32
53,35,32
54,35,32
55,35,32
56,35,32
57,35,32
58,35,32
59,35,32
60,35,32
61,35,32
62,35,32
63,35,32
64,35,32
65,35,32
66,35,32
67,35,32
68,35,32
69,35,32
70,35,32
71,35,32
72,35,32
73,35,32
74,35,32
75,35,32
76,35,32
77,35,32
78,35,32
79,35,32
80,35,32
81,35,32
82,35,32
83,35,32
84,35,32
85,35,32
86,35,32
87,35,32
88,35,32
89,35,32
90,35,32
91,35,32
92,35,32
93,35,32
94,35,32
95,35,32
96,35,32
97,35,32
98,35,32
99,35,32
100,35,32
101,35,32
102,35,32
103,35,32
104,35,32
105,35,32
106,35,32
107,35,32
108,35,32
109,35,32
110,35,32
111,35,32
112,35,32
113,35,32
114,35,32
115,35,32
116,35,32
117,35,32
118,35,32
119,35,32
120,35,32
121,35,32
122,35,32
123,35,32
124,35,32
125,35,32
126,35,32
127,35,32
128,35,32
129,35,32
130,35,32
131,35,32
132,35,32
133,35,32
134,35,32
135,35,32
136,35,32
137,35,32
138,35,32
139,35,32
140,35,32
141,35,32
142,35,32
143,35,32
144,35,32
145,35,32
146,35,32
147,35,32
148,35,32
149,35,32
150,35,32
151,35,32
152,35,32
153,35,32
154,35,32
155,35,32
156,35,32
157,35,32
158,35,32
159,35,32
160,35,32
161,35,32
162,35,32
163,35,32
164,35,32
165,35,32
166,35,32
167,35,32
168,35,32
169,35,32
170,35,32
171,35,32
172,35,32
173,35,32
174,35,32
175,35,32
176,35,32
177,35,32
178,35,32
179,35,32
180,35,32
181,35,32
182,35,32
183,35,32
184,35,32
185,35,32
186,35,32
187,35,32
188,35,32
189,35,32
190,35,32
191,35,32
192,35,32
193,35,32
194,35,32
195,35,32
196,35,32
197,35,32
198,35,32
199,35,32
200,35,32
201,35,32
202,35,32
203,35,32
204,35,32
205,35,32
206,35,32
207,35,32
208,35,32
209,35,32
210,35,32
211,35,32
212,35,32
213,35,32
214,35,32
215,35,32
216,35,32
217,35,32
218,35,32
219,35,32
220,35,32
221,35,32
222,35,32
223,35,32
224,35,32
225,35,32
226,35,32
227,35,32
228,35,32
229,35,32
230,35,32
231,35,32
232,35,32
233,35,32
234,35,32
235,35,32
236,35,32
237,35,32
238,35,32
239,35,32
240,35,32
241,35,32
242,35,32
243,35,32
244,35,32
245,35,32
246,35,32
247,35,32
248,35,32
249,35,32
250,35,32
251,35,32
252,35,32
253,35,32
254,35,32
255,35,32
256,35,32
257,35,32
258,35,32
259,35,32
260,35,32
261,35,32
262,35,32
263,35,32
264,35,32
265,35,32
266,35,32
267,35,32
268,35,32
269,35,32
270,35,32
271,35,32
272,35,32
273,35,32
274,35,32
275,35,32
276,35,32
277,35,32
278,35,32
279,35,32
280,35,32
281,35,32
282,35,32
283,35,32
284,35,32
285,35,32
286,35,32
287,35,32
288,35,32
289,35,32
290,35,32
291,35,32
292,35,32
293,35,32
294,35,32
295,35,32
296,35,32
297,35,32
298,35,32
299,35,32
300,35,32
301,35,32
302,35,32
303,35,32
304,35,32
305,35,32
306,35,32
307,35,32
308,35,32
309,35,32
310,35,32
311,35,32
312,35,32
313,35,32
314,35,32
315,35,32
316,35,32
317,35,32
318,35,32
319,35,32
0,36,32
1,36,32
2,36,32
3,36,32
4,36,32
5,36,32
6,36,32
7,36,32
8,36,32
9,36,32
10,36,32
11,36,32
12,36,32
13,36,32
14,36,32
15,36,32
16,36,32
17,36,32
18,36,32
19,36,32
20,36,32
21,36,32
22,36,32
23,36,32
24,36,32
25,36,32
26,36,32
27,36,32
28,36,32
29,36,32
30,36,32
31,36,32
32,36,32
33,36,32
34,36,32
35,36,32
36,36,32
37,36,32
38,36,32
39,36,32
40,36,32
41,36,32
42,36,32
43,36,32
44,36,32
45,36,32
46,36,32
47,36,32
48,36,32
49,36,32
50,36,32
51,36,32
52,36,32
53,36,32
54,36,32
55,36,32
56,36,32
57,36,32
58,36,32
59,36,32
60,36,32
61,36,32
62,36,32
63,36,32
64,36,32
65,36,32
66,36,32
67,36,32
68,36,32
69,36,32
70,36,32
71,36,32
72,36,32
73,36,32
74,36,32
75,36,32
76,36,32
77,36,32
78,36,32
79,36,32
80,36,32
81,36,32
82,36,32
83,36,32
84,36,32
85,36,32
86,36,32
87,36,32
88,36,32
89,36,32
90,36,32
91,36,32
92,36,32
93,36,32
94,36,32
95,36,32
96,36,32
97,36,32
98,36,32
99,36,32
100,36,32
101,36,32
102,36,32
103,36,32
104,36,32
105,36,32
106,36,32
107,36,32
108,36,32
109,36,32
110,36,32
111,36,32
112,36,32
113,36,32
114,36,32
115,36,32
116,36,32
117,36,32
118,36,32
119,36,32
120,36,32
121,36,32
122,36,32
123,36,32
124,36,32
125,36,32
126,36,32
127,36,32
128,36,32
129,36,32
130,36,32
131,36,32
132,36,32
133,36,32
134,36,32
135,36,32
136,36,32
137,36,32
138,36,32
139,36,32
140,36,32
141,36,32
142,36,32
143,36,32
144,36,32
145,36,32
146,36,32
147,36,32
148,36,32
149,36,32
150,36,32
151,36,32
152,36,32
153,36,32
154,36,32
155,36,32
156,36,32
157,36,32
158,36,32
159,36,32
160,36,32
161,36,32
162,36,32
163,36,32
164,36,32
165,36,32
166,36,32
167,36,32
168,36,32
169,36,32
170,36,32
171,36,32
172,36,32
173,36,32
174,36,32
175,36,32
176,36,32
177,36,32
178,36,32
179,36,32
180,36,32
181,36,32
182,36,32
183,36,32
184,36,32
185,36,32
186,36,32
187,36,32
188,36,32
189,36,32
190,36,32
191,36,32
192,36,32
193,36,32
194,36,32
195,36,32
196,36,32
197,36,32
198,36,32
199,36,32
200,36,32
201,36,32
202,36,32
203,36,32
204,36,32
205,36,32
206,36,32
207,36,32
208,36,32
209,36,32
210,36,32
211,36,32
212,36,32
213,36,32
214,36,32
215,36,32
216,36,32
217,36,32
218,36,32
219,36,32
220,36,32
221,36,32
222,36,32
223,36,32
224,36,32
225,36,32
226,36,32
227,36,32
228,36,32
229,36,32
230,36,32
231,36,32
232,36,32
233,36,32
234,36,32
235,36,32
236,36,32
237,36,32
238,36,32
239,36,32
240,36,32
241,36,32
242,36,32
243,36,32
244,36,32
245,36,32
246,36,32
247,36,32
248,36,32
249,36,32
250,36,32
251,36,32
252,36,32
253,36,32
254,36,32
255,36,32
256,36,32
257,36,32
258,36,32
259,36,32
260,36,32
261,36,32
262,36,32
263,36,32
264,36,32
265,36,32
266,36,32
267,36,32
268,36,32
269,36,32
270,36,32
271,36,32
272,36,32
273,36,32
274,36,32
275,36,32
276,36,32
277,36,32
278,36,32
279,36,32
280,36,32
281,36,32
282,36,32
283,36,32
284,36,32
285,36,32
286,36,32
287,36,32
288,36,32
289,36,32
290,36,32
291,36,32
292,36,32
293,36,32
294,36,32
295,36,32
296,36,32
297,36,32
298,36,32
299,36,32
300,36,32
301,36,32
302,36,32
303,36,32
304,36,32
305,36,32
306,36,32
307,36,32
308,36,32
309,36,32
310,36,32
311,36,32
312,36,32
313,36,32
314,36,32
315,36,32
316,36,32
317,36,32
318,36,32
319,36,32
0,37,32
1,37,32
2,37,32
3,37,32
4,37,32
5,37,32
6,37,32
7,37,32
8,37,32
9,37,32
10,37,32
11,37,32
12,37,32
13,37,32
14,37,32
15,37,32
16,37,32
17,37,32
18,37,32
19,37,32
20,37,32
21,37,32
22,37,32
23,37,32
24,37,32
25,37,32
26,37,32
27,37,32
28,37,32
29,37,32
30,37,32
31,37,32
32,37,32
33,37,32
34,37,32
35,37,32
36,37,32
37,37,32
38,37,32
39,37,32
40,37,32
41,37,32
42,37,32
43,37,32
44,37,32
45,37,32
46,37,32
47,37,32
48,37,32
49,37,32
50,37,32
51,37,32
52,37,32
53,37,32
54,37,32
55,37,32
56,37,32
57,37,32
58,37,32
59,37,32
60,37,32
61,37,32
62,37,32
63,37,32
64,37,32
65,37,32
66,37,32
67,37,32
68,37,32
69,37,32
70,37,32
71,37,32
72,37,32
73,37,32
74,37,32
75,37,32
76,37,32
77,37,32
78,37,32
79,37,32
80,37,32
81,37,32
82,37,32
83,37,32
84,37,32
85,37,32
86,37,32
87,37,32
88,37,32
89,37,32
90,37,32
91,37,32
92,37,32
93,37,32
94,37,32
95,37,32
96,37,32
97,37,32
98,37,32
99,37,32
100,37,32
101,37,32
102,37,32
103,37,32
104,37,32
105,37,32
106,37,32
107,37,32
108,37,32
109,37,32
110,37,32
111,37,32
112,37,32
113,37,32
114,37,32
115,37,32
116,37,32
117,37,32
118,37,32
119,37,32
120,37,32
121,37,32
122,37,32
123,37,32
124,37,32
125,37,32
126,37,32
127,37,32
128,37,32
129,37,32
130,37,32
131,37,32
132,37,32
133,37,32
134,37,32
135,37,32
136,37,32
137,37,32
138,37,32
139,37,32
140,37,32
141,37,32
142,37,32
143,37,32
144,37,32
145,37,32
146,37,32
147,37,32
148,37,32
149,37,32
150,37,32
151,37,32
152,37,32
153,37,32
154,37,32
155,37,32
156,37,32
157,37,32
158,37,32
159,37,32
160,37,32
161,37,32
162,37,32
163,37,32
164,37,32
165,37,32
166,37,32
167,37,32
168,37,32
169,37,32
170,37,32
171,37,32
172,37,32
173,37,32
174,37,32
175,37,32
176,37,32
177,37,32
178,37,32
179,37,32
180,37,32
181,37,32
182,37,32
183,37,32
184,37,32
185,37,32
186,37,32
187,37,32
188,37,32
189,37,32
190,37,32
191,37,32
192,37,32
193,37,32
194,37,32
195,37,32
196,37,32
197,37,32
198,37,32
199,37,32
200,37,32
201,37,32
202,37,32
203,37,32
204,37,32
205,37,32
206,37,32
207,37,32
208,37,32
209,37,32
210,37,32
211,37,32
212,37,32
213,37,32
214,37,32
215,37,32
216,37,32
217,37,32
218,37,32
219,37,32
220,37,32
221,37,32
222,37,32
223,37,32
224,37,32
225,37,32
226,37,32
227,37,32
228,37,32
229,37,32
230,37,32
231,37,32
232,37,32
233,37,32
234,37,32
235,37,32
236,37,32
237,37,32
238,37,32
239,37,32
240,37,32
241,37,32
242,37,32
243,37,32
244,37,32
245,37,32
246,37,32
247,37,32
248,37,32
249,37,32
250,37,32
251,37,32
252,37,32
253,37,32
254,37,32
255,37,32
256,37,32
257,37,32
258,37,32
259,37,32
260,37,32
261,37,32
262,37,32
263,37,32
264,37,32
265,37,32
266,37,32
267,37,32
268,37,32
269,37,32
270,37,32
271,37,32
272,37,32
273,37,32
274,37,32
275,37,32
276,37,32
277,37,32
278,37,32
279,37,32
280,37,32
281,37,32
282,37,32
283,37,32
284,37,32
285,37,32
286,37,32
287,37,32
288,37,32
289,37,32
290,37,32
291,37,32
292,37,32
293,37,32
294,37,32
295,37,32
296,37,32
297,37,32
298,37,32
299,37,32
300,37,32
301,37,32
302,37,32
303,37,32
304,37,32
305,37,32
306,37,32
307,37,32
308,37,32
309,37,32
310,37,32
311,37,32
312,37,32
313,37,32
314,37,32
315,37,32
316,37,32
317,37,32
318,37,32
319,37,32
0,38,32
1,38,32
2,38,32
3,38,32
4,38,32
5,38,32
6,38,32
7,38,32
8,38,32
9,38,32
10,38,32
11,38,32
12,38,32
13,38,32
14,38,32
15,38,32
16,38,32
17,38,32
18,38,32
19,38,32
20,38,32
21,38,32
22,38,32
23,38,32
24,38,32
25,38,32
26,38,32
27,38,32
28,38,32
29,38,32
30,38,32
31,38,32
32,38,32
33,38,32
34,38,32
35,38,32
36,38,32
37,38,32
38,38,32
39,38,32
40,38,32
41,38,32
42,38,32
43,38,32
44,38,32
45,38,32
46,38,32
47,38,32
48,38,32
49,38,32
50,38,32
51,38,32
52,38,32
53,38,32
54,38,32
55,38,32
56,38,32
57,38,32
58,38,32
59,38,32
60,38,32
61,38,32
62,38,32
63,38,32
64,38,32
65,38,32
66,38,32
67,38,32
68,38,32
69,38,32
70,38,32
71,38,32
72,38,32
73,38,32
74,38,32
75,38,32
76,38,32
77,38,32
78,38,32
79,38,32
80,38,32
81,38,32
82,38,32
83,38,32
84,38,32
85,38,32
86,38,32
87,38,32
88,38,32
89,38,32
90,38,32
91,38,32
92,38,32
93,38,32
94,38,32
95,38,32
96,38,32
97,38,32
98,38,32
99,38,32
100,38,32
101,38,32
102,38,32
103,38,32
104,38,32
105,38,32
106,38,32
107,38,32
108,38,32
109,38,32
110,38,32
111,38,32
112,38,32
113,38,32
114,38,32
115,38,32
116,38,32
117,38,32
118,38,32
119,38,32
120,38,32
121,38,32
122,38,32
123,38,32
124,38,32
125,38,32
126,38,32
127,38,32
128,38,32
129,38,32
130,38,32
131,38,32
132,38,32
133,38,32
134,38,32
135,38,32
136,38,32
137,38,32
138,38,32
139,38,32
140,38,32
141,38,32
142,38,32
143,38,32
144,38,32
145,38,32
146,38,32
147,38,32
148,38,32
149,38,32
150,38,32
151,38,32
152,38,32
153,38,32
154,38,32
155,38,32
156,38,32
157,38,32
158,38,32
159,38,32
160,38,32
161,38,32
162,38,32
163,38,32
164,38,32
165,38,32
166,38,32
167,38,32
168,38,32
169,38,32
170,38,32
171,38,32
172,38,32
173,38,32
174,38,32
175,38,32
176,38,32
177,38,32
178,38,32
179,38,32
180,38,32
181,38,32
182,38,32
183,38,32
184,38,32
185,38,32
186,38,32
187,38,32
188,38,32
189,38,32
190,38,32
191,38,32
192,38,32
193,38,32
194,38,32
195,38,32
196,38,32
197,38,32
198,38,32
199,38,32
200,38,32
201,38,32
202,38,32
203,38,32
204,38,32
205,38,32
206,38,32
207,38,32
208,38,32
209,38,32
210,38,32
211,38,32
212,38,32
213,38,32
214,38,32
215,38,32
216,38,32
217,38,32
218,38,32
219,38,32
220,38,32
221,38,32
222,38,32
223,38,32
224,38,32
225,38,32
226,38,32
227,38,32
228,38,32
229,38,32
230,38,32
231,38,32
232,38,32
233,38,32
234,38,32
235,38,32
236,38,32
237,38,32
238,38,32
239,38,32
240,38,32
241,38,32
242,38,32
243,38,32
244,38,32
245,38,32
246,38,32
247,38,32
248,38,32
249,38,32
250,38,32
251,38,32
252,38,32
253,38,32
254,38,32
255,38,32
256,38,32
257,38,32
258,38,32
259,38,32
260,38,32
261,38,32
262,38,32
263,38,32
264,38,32
265,38,32
266,38,32
267,38,32
268,38,32
269,38,32
270,38,32
271,38,32
272,38,32
273,38,32
274,38,32
275,38,32
276,38,32
277,38,32
278,38,32
279,38,32
280,38,32
281,38,32
282,38,32
283,38,32
284,38,32
285,38,32
286,38,32
287,38,32
288,38,32
289,38,32
290,38,32
291,38,32
292,38,32
293,38,32
294,38,32
295,38,32
296,38,32
297,38,32
298,38,32
299,38,32
300,38,32
301,38,32
302,38,32
303,38,32
304,38,32
305,38,32
306,38,32
307,38,32
308,38,32
309,38,32
310,38,32
311,38,32
312,38,32
313,38,32
314,38,32
315,38,32
316,38,32
317,38,32
318,38,32
319,38,32
0,39,32
1,39,32
2,39,32
3,39,32
4,39,32
5,39,32
6,39,32
7,39,32
8,39,32
9,39,32
10,39,32
11,39,32
12,39,32
13,39,32
14,39,32
15,39,32
16,39,32
17,39,32
18,39,32
19,39,32
20,39,32
21,39,32
22,39,32
23,39,32
24,39,32
25,39,32
26,39,32
27,39,32
28,39,32
29,39,32
30,39,32
31,39,32
32,39,32
33,39,32
34,39,32
35,39,32
36,39,32
37,39,32
38,39,32
39,39,32
40,39,32
41,39,32
42,39,32
43,39,32
44,39,32
45,39,32
46,39,32
47,39,32
48,39,32
49,39,32
50,39,32
51,39,32
52,39,32
53,39,32
54,39,32
55,39,32
56,39,32
57,39,32
58,39,32
59,39,32
60,39,32
61,39,32
62,39,32
63,39,32
64,39,32
65,39,32
66,39,32
67,39,32
68,39,32
69,39,32
70,39,32
71,39,32
72,39,32
73,39,32
74,39,32
75,39,32
76,39,32
77,39,32
78,39,32
79,39,32
80,39,32
81,39,32
82,39,32
83,39,32
84,39,32
85,39,32
86,39,32
87,39,32
88,39,32
89,39,32
90,39,32
91,39,32
92,39,32
93,39,32
94,39,32
95,39,32
96,39,32
97,39,32
98,39,32
99,39,32
100,39,32
101,39,32
102,39,32
103,39,32
104,39,32
105,39,32
106,39,32
107,39,32
108,39,32
109,39,32
110,39,32
111,39,32
112,39,32
113,39,32
114,39,32
115,39,32
116,39,32
117,39,32
118,39,32
119,39,32
120,39,32
121,39,32
122,39,32
123,39,32
124,39,32
125,39,32
126,39,32
127,39,32
128,39,32
129,39,32
130,39,32
131,39,32
132,39,32
133,39,32
134,39,32
135,39,32
136,39,32
137,39,32
138,39,32
139,39,32
140,39,32
141,39,32
142,39,32
143,39,32
144,39,32
145,39,32
146,39,32
147,39,32
148,39,32
149,39,32
150,39,32
151,39,32
152,39,32
153,39,32
154,39,32
155,39,32
156,39,32
157,39,32
158,39,32
159,39,32
160,39,32
161,39,32
162,39,32
163,39,32
164,39,32
165,39,32
166,39,32
167,39,32
168,39,32
169,39,32
170,39,32
171,39,32
172,39,32
173,39,32
174,39,32
175,39,32
176,39,32
177,39,32
178,39,32
179,39,32
180,39,32
181,39,32
182,39,32
183,39,32
184,39,32
185,39,32
186,39,32
187,39,32
188,39,32
189,39,32
190,39,32
191,39,32
192,39,32
193,39,32
194,39,32
195,39,32
196,39,32
197,39,32
198,39,32
199,39,32
200,39,32
201,39,32
202,39,32
203,39,32
204,39,32
205,39,32
206,39,32
207,39,32
208,39,32
209,39,32
210,39,32
211,39,32
212,39,32
213,39,32
214,39,32
215,39,32
216,39,32
217,39,32
218,39,32
219,39,32
220,39,32
221,39,32
222,39,32
223,39,32
224,39,32
225,39,32
226,39,32
227,39,32
228,39,32
229,39,32
230,39,32
231,39,32
232,39,32
233,39,32
234,39,32
235,39,32
236,39,32
237,39,32
238,39,32
239,39,32
240,39,32
241,39,32
242,39,32
243,39,32
244,39,32
245,39,32
246,39,32
247,39,32
248,39,32
249,39,32
250,39,32
251,39,32
252,39,32
253,39,32
254,39,32
255,39,32
256,39,32
257,39,32
258,39,32
259,39,32
260,39,32
261,39,32
262,39,32
263,39,32
264,39,32
265,39,32
266,39,32
267,39,32
268,39,32
269,39,32
270,39,32
271,39,32
272,39,32
273,39,32
274,39,32
275,39,32
276,39,32
277,39,32
278,39,32
279,39,32
280,39,32
281,39,32
282,39,32
283,39,32
284,39,32
285,39,32
286,39,32
287,39,32
288,39,32
289,39,32
290,39,32
291,39,32
292,39,32
293,39,32
294,39,32
295,39,32
296,39,32
297,39,32
298,39,32
299,39,32
300,39,32
301,39,32
302,39,32
303,39,32
304,39,32
305,39,32
306,39,32
307,39,32
308,39,32
309,39,32
310,39,32
311,39,32
312,39,32
313,39,32
314,39,32
315,39,32
316,39,32
317,39,32
318,39,32
319,39,32
0,40,32
1,40,32
2,40,32
3,40,32
4,40,32
5,40,32
6,40,32
7,40,32
8,40,32
9,40,32
10,40,32
11,40,32
12,40,32
13,40,32
14,40,32
15,40,32
16,40,32
17,40,32
18,40,32
19,40,32
20,40,32
21,40,32
22,40,32
23,40,32
24,40,32
25,40,32
26,40,32
27,40,32
28,40,32
29,40,32
30,40,32
31,40,32
32,40,32
33,40,32
34,40,32
35,40,32
36,40,32
37,40,32
38,40,32
39,40,32
40,40,32
41,40,32
42,40,32
43,40,32
44,40,32
45,40,32
46,40,32
47,40,32
48,40,32
49,40,32
50,40,32
51,40,32
52,40,32
53,40,32
54,40,32
55,40,32
56,40,32
57,40,32
58,40,32
59,40,32
60,40,32
61,40,32
62,40,32
63,40,32
64,40,32
65,40,32
66,40,32
67,40,32
68,40,32
69,40,32
70,40,32
71,40,32
72,40,32
73,40,32
74,40,32
75,40,32
76,40,32
77,40,32
78,40,32
79,40,32
80,40,32
81,40,32
82,40,32
83,40,32
84,40,32
85,40,32
86,40,32
87,40,32
88,40,32
89,40,32
90,40,32
91,40,32
92,40,32
93,40,32
94,40,32
95,40,32
96,40,32
97,40,32
98,40,32
99,40,32
100,40,32
101,40,32
102,40,32
103,40,32
104,40,32
105,40,32
106,40,32
107,40,32
108,40,32
109,40,32
110,40,32
111,40,32
112,40,32
113,40,32
114,40,32
115,40,32
116,40,32
117,40,32
118,40,32
119,40,32
120,40,32
121,40,32
122,40,32
123,40,32
124,40,32
125,40,32
126,40,32
127,40,32
128,40,32
129,40,32
130,40,32
131,40,32
132,40,32
133,40,32
134,40,32
135,40,32
136,40,32
137,40,32
138,40,32
139,40,32
140,40,32
141,40,32
142,40,32
143,40,32
144,40,32
145,40,32
146,40,32
147,40,32
148,40,32
149,40,32
150,40,32
151,40,32
152,40,32
153,40,32
154,40,32
155,40,32
156,40,32
157,40,32
158,40,32
159,40,32
160,40,32
161,40,32
162,40,32
163,40,32
164,40,32
165,40,32
166,40,32
167,40,32
168,40,32
169,40,32
170,40,32
171,40,32
172,40,32
173,40,32
174,40,32
175,40,32
176,40,32
177,40,32
178,40,32
179,40,32
180,40,32
181,40,32
182,40,32
183,40,32
184,40,32
185,40,32
186,40,32
187,40,32
188,40,32
189,40,32
190,40,32
191,40,32
192,40,32
193,40,32
194,40,32
195,40,32
196,40,32
197,40,32
198,40,32
199,40,32
200,40,32
201,40,32
202,40,32
203,40,32
204,40,32
205,40,32
206,40,32
207,40,32
208,40,32
209,40,32
210,40,32
211,40,32
212,40,32
213,40,32
214,40,32
215,40,32
216,40,32
217,40,32
218,40,32
219,40,32
220,40,32
221,40,32
222,40,32
223,40,32
224,40,32
225,40,32
226,40,32
227,40,32
228,40,32
229,40,32
230,40,32
231,40,32
232,40,32
233,40,32
234,40,32
235,40,32
236,40,32
237,40,32
238,40,32
239,40,32
240,40,32
241,40,32
242,40,32
243,40,32
244,40,32
245,40,32
246,40,32
247,40,32
248,40,32
249,40,32
250,40,32
251,40,32
252,40,32
253,40,32
254,40,32
255,40,32
256,40,32
257,40,32
258,40,32
259,40,32
260,40,32
261,40,32
262,40,32
263,40,32
264,40,32
265,40,32
266,40,32
267,40,32
268,40,32
269,40,32
270,40,32
271,40,32
272,40,32
273,40,32
274,40,32
275,40,32
276,40,32
277,40,32
278,40,32
279,40,32
280,40,32
281,40,32
282,40,32
283,40,32
284,40,32
285,40,32
286,40,32
287,40,32
288,40,32
289,40,32
290,40,32
291,40,32
292,40,32
293,40,32
294,40,32
295,40,32
296,40,32
297,40,32
298,40,32
299,40,32
300,40,32
301,40,32
302,40,32
303,40,32
304,40,32
305,40,32
306,40,32
307,40,32
308,40,32
309,40,32
310,40,32
311,40,32
312,40,32
313,40,32
314,40,32
315,40,32
316,40,32
317,40,32
318,40,32
319,40,32
0,41,32
1,41,32
2,41,32
3,41,32
4,41,32
5,41,32
6,41,32
7,41,32
8,41,32
9,41,32
10,41,32
11,41,32
12,41,32
13,41,32
14,41,32
15,41,32
16,41,32
17,41,32
18,41,32
19,41,32
20,41,32
21,41,32
22,41,32
23,41,32
24,41,32
25,41,32
26,41,32
27,41,32
28,41,32
29,41,32
30,41,32
31,41,32
32,41,32
33,41,32
34,41,32
35,41,32
36,41,32
37,41,32
38,41,32
39,41,32
40,41,32
41,41,32
42,41,32
43,41,32
44,41,32
45,41,32
46,41,32
47,41,32
48,41,32
49,41,32
50,41,32
51,41,32
52,41,32
53,41,32
54,41,32
55,41,32
56,41,32
57,41,32
58,41,32
59,41,32
60,41,32
61,41,32
62,41,32
63,41,32
64,41,32
65,41,32
66,41,32
67,41,32
68,41,32
69,41,32
70,41,32
71,41,32
72,41,32
73,41,32
74,41,32
75,41,32
76,41,32
77,41,32
78,41,32
79,41,32
80,41,32
81,41,32
82,41,32
83,41,32
84,41,32
85,41,32
86,41,32
87,41,32
88,41,32
89,41,32
90,41,32
91,41,32
92,41,32
93,41,32
94,41,32
95,41,32
96,41,32
97,41,32
98,41,32
99,41,32
100,41,32
101,41,32
102,41,32
103,41,32
104,41,32
105,41,32
106,41,32
107,41,32
108,41,32
109,41,32
110,41,32
111,41,32
112,41,32
113,41,32
114,41,32
115,41,32
116,41,32
117,41,32
118,41,32
119,41,32
120,41,32
121,41,32
122,41,32
123,41,32
124,41,32
125,41,32
126,41,32
127,41,32
128,41,32
129,41,32
130,41,32
131,41,32
132,41,32
133,41,32
134,41,32
135,41,32
136,41,32
137,41,32
138,41,32
139,41,32
140,41,32
141,41,32
142,41,32
143,41,32
144,41,32
145,41,32
146,41,32
147,41,32
148,41,32
149,41,32
150,41,32
151,41,32
152,41,32
153,41,32
154,41,32
155,41,32
156,41,32
157,41,32
158,41,32
159,41,32
160,41,32
161,41,32
162,41,32
163,41,32
164,41,32
165,41,32
166,41,32
167,41,32
168,41,32
169,41,32
170,41,32
171,41,32
172,41,32
173,41,32
174,41,32
175,41,32
176,41,32
177,41,32
178,41,32
179,41,32
180,41,32
181,41,32
182,41,32
183,41,32
184,41,32
185,41,32
186,41,32
187,41,32
188,41,32
189,41,32
190,41,32
191,41,32
192,41,32
193,41,32
194,41,32
195,41,32
196,41,32
197,41,32
198,41,32
199,41,32
200,41,32
201,41,32
202,41,32
203,41,32
204,41,32
205,41,32
206,41,32
207,41,32
208,41,32
209,41,32
210,41,32
211,41,32
212,41,32
213,41,32
214,41,32
215,41,32
216,41,32
217,41,32
218,41,32
219,41,32
220,41,32
221,41,32
222,41,32
223,41,32
224,41,32
225,41,32
226,41,32
227,41,32
228,41,32
229,41,32
230,41,32
231,41,32
232,41,32
233,41,32
234,41,32
235,41,32
236,41,32
237,41,32
238,41,32
239,41,32
240,41,32
241,41,32
242,41,32
243,41,32
244,41,32
245,41,32
246,41,32
247,41,32
248,41,32
249,41,32
250,41,32
251,41,32
252,41,32
253,41,32
254,41,32
255,41,32
256,41,32
257,41,32
258,41,32
259,41,32
260,41,32
261,41,32
262,41,32
263,41,32
264,41,32
265,41,32
266,41,32
267,41,32
268,41,32
269,41,32
270,41,32
271,41,32
272,41,32
273,41,32
274,41,32
275,41,32
276,41,32
277,41,32
278,41,32
279,41,32
280,41,32
281,41,32
282,41,32
283,41,32
284,41,32
285,41,32
286,41,32
287,41,32
288,41,32
289,41,32
290,41,32
291,41,32
292,41,32
293,41,32
294,41,32
295,41,32
296,41,32
297,41,32
298,41,32
299,41,32
300,41,32
301,41,32
302,41,32
303,41,32
304,41,32
305,41,32
306,41,32
307,41,32
308,41,32
309,41,32
310,41,32
311,41,32
312,41,32
313,41,32
314,41,32
315,41,32
316,41,32
317,41,32
318,41,32
319,41,32
0,42,32
1,42,32
2,42,32
3,42,32
4,42,32
5,42,32
6,42,32
7,42,32
8,42,32
9,42,32
10,42,32
11,42,32
12,42,32
13,42,32
14,42,32
15,42,32
16,42,32
17,42,32
18,42,32
19,42,32
20,42,32
21,42,32
22,42,32
23,42,32
24,42,32
25,42,32
26,42,32
27,42,32
28,42,32
29,42,32
30,42,32
31,42,32
32,42,32
33,42,32
34,42,32
35,42,32
36,42,32
37,42,32
38,42,32
39,42,32
40,42,32
41,42,32
42,42,32
43,42,32
44,42,32
45,42,32
46,42,32
47,42,32
48,42,32
49,42,32
50,42,32
51,42,32
52,42,32
53,42,32
54,42,32
55,42,32
56,42,32
57,42,32
58,42,32
59,42,32
60,42,32
61,42,32
62,42,32
63,42,32
64,42,32
65,42,32
66,42,32
67,42,32
68,42,32
69,42,32
70,42,32
71,42,32
72,42,32
73,42,32
74,42,32
75,42,32
76,42,32
77,42,32
78,42,32
79,42,32
80,42,32
81,42,32
82,42,32
83,42,32
84,42,32
85,42,32
86,42,32
87,42,32
88,42,32
89,42,32
90,42,32
91,42,32
92,42,32
93,42,32
94,42,32
95,42,32
96,42,32
97,42,32
98,42,32
99,42,32
100,42,32
101,42,32
102,42,32
103,42,32
104,42,32
105,42,32
106,42,32
107,42,32
108,42,32
109,42,32
110,42,32
111,42,32
112,42,32
113,42,32
114,42,32
115,42,32
116,42,32
117,42,32
118,42,32
119,42,32
120,42,32
121,42,32
122,42,32
123,42,32
124,42,32
125,42,32
126,42,32
127,42,32
128,42,32
129,42,32
130,42,32
131,42,32
132,42,32
133,42,32
134,42,32
135,42,32
136,42,32
137,42,32
138,42,32
139,42,32
140,42,32
141,42,32
142,42,32
143,42,32
144,42,32
145,42,32
146,42,32
147,42,32
148,42,32
149,42,32
150,42,32
151,42,32
152,42,32
153,42,32
154,42,32
155,42,32
156,42,32
157,42,32
158,42,32
159,42,32
160,42,32
161,42,32
162,42,32
163,42,32
164,42,32
165,42,32
166,42,32
167,42,32
168,42,32
169,42,32
170,42,32
171,42,32
172,42,32
173,42,32
174,42,32
175,42,32
176,42,32
177,42,32
178,42,32
179,42,32
180,42,32
181,42,32
182,42,32
183,42,32
184,42,32
185,42,32
186,42,32
187,42,32
188,42,32
189,42,32
190,42,32
191,42,32
192,42,32
193,42,32
194,42,32
195,42,32
196,42,32
197,42,32
198,42,32
199,42,32
200,42,32
201,42,32
202,42,32
203,42,32
204,42,32
205,42,32
206,42,32
207,42,32
208,42,32
209,42,32
210,42,32
211,42,32
212,42,32
213,42,32
214,42,32
215,42,32
216,42,32
217,42,32
218,42,32
219,42,32
220,42,32
221,42,32
222,42,32
223,42,32
224,42,32
225,42,32
226,42,32
227,42,32
228,42,32
229,42,32
230,42,32
231,42,32
232,42,32
233,42,32
234,42,32
235,42,32
236,42,32
237,42,32
238,42,32
239,42,32
240,42,32
241,42,32
242,42,32
243,42,32
244,42,32
245,42,32
246,42,32
247,42,32
248,42,32
249,42,32
250,42,32
251,42,32
252,42,32
253,42,32
254,42,32
255,42,32
256,42,32
257,42,32
258,42,32
259,42,32
260,42,32
261,42,32
262,42,32
263,42,32
264,42,32
265,42,32
266,42,32
267,42,32
268,42,32
269,42,32
270,42,32
271,42,32
272,42,32
273,42,32
274,42,32
275,42,32
276,42,32
277,42,32
278,42,32
279,42,32
280,42,32
281,42,32
282,42,32
283,42,32
284,42,32
285,42,32
286,42,32
287,42,32
288,42,32
289,42,32
290,42,32
291,42,32
292,42,32
293,42,32
294,42,32
295,42,32
296,42,32
297,42,32
298,42,32
299,42,32
300,42,32
301,42,32
302,42,32
303,42,32
304,42,32
305,42,32
306,42,32
307,42,32
308,42,32
309,42,32
310,42,32
311,42,32
312,42,32
313,42,32
314,42,32
315,42,32
316,42,32
317,42,32
318,42,32
319,42,32
0,43,32
1,43,32
2,43,32
3,43,32
4,43,32
5,43,32
6,43,32
7,43,32
8,43,32
9,43,32
10,43,32
11,43,32
12,43,32
13,43,32
14,43,32
15,43,32
16,43,32
17,43,32
18,43,32
19,43,32
20,43,32
21,43,32
22,43,32
23,43,32
24,43,32
25,43,32
26,43,32
27,43,32
28,43,32
29,43,32
30,43,32
31,43,32
32,43,32
33,43,32
34,43,32
35,43,32
36,43,32
37,43,32
38,43,32
39,43,32
40,43,32
41,43,32
42,43,32
43,43,32
44,43,32
45,43,32
46,43,32
47,43,32
48,43,32
49,43,32
50,43,32
51,43,32
52,43,32
53,43,32
54,43,32
55,43,32
56,43,32
57,43,32
58,43,32
59,43,32
60,43,32
61,43,32
62,43,32
63,43,32
64,43,32
65,43,32
66,43,32
67,43,32
68,43,32
69,43,32
70,43,32
71,43,32
72,43,32
73,43,32
74,43,32
75,43,32
76,43,32
77,43,32
78,43,32
79,43,32
80,43,32
81,43,32
82,43,32
83,43,32
84,43,32
85,43,32
86,43,32
87,43,32
88,43,32
89,43,32
90,43,32
91,43,32
92,43,32
93,43,32
94,43,32
95,43,32
96,43,32
97,43,32
98,43,32
99,43,32
100,43,32
101,43,32
102,43,32
103,43,32
104,43,32
105,43,32
106,43,32
107,43,32
108,43,32
109,43,32
110,43,32
111,43,32
112,43,32
113,43,32
114,43,32
115,43,32
116,43,32
117,43,32
118,43,32
119,43,32
120,43,32
121,43,32
122,43,32
123,43,32
124,43,32
125,43,32
126,43,32
127,43,32
128,43,32
129,43,32
130,43,32
131,43,32
132,43,32
133,43,32
134,43,32
135,43,32
136,43,32
137,43,32
138,43,32
139,43,32
140,43,32
141,43,32
142,43,32
143,43,32
144,43,32
145,43,32
146,43,32
147,43,32
148,43,32
149,43,32
150,43,32
151,43,32
152,43,32
153,43,32
154,43,32
155,43,32
156,43,32
157,43,32
158,43,32
159,43,32
160,43,32
161,43,32
162,43,32
163,43,32
164,43,32
165,43,32
166,43,32
167,43,32
168,43,32
169,43,32
170,43,32
171,43,32
172,43,32
173,43,32
174,43,32
175,43,32
176,43,32
177,43,32
178,43,32
179,43,32
180,43,32
181,43,32
182,43,32
183,43,32
184,43,32
185,43,32
186,43,32
187,43,32
188,43,32
189,43,32
190,43,32
191,43,32
192,43,32
193,43,32
194,43,32
195,43,32
196,43,32
197,43,32
198,43,32
199,43,32
200,43,32
201,43,32
202,43,32
203,43,32
204,43,32
205,43,32
206,43,32
207,43,32
208,43,32
209,43,32
210,43,32
211,43,32
212,43,32
213,43,32
214,43,32
215,43,32
216,43,32
217,43,32
218,43,32
219,43,32
220,43,32
221,43,32
222,43,32
223,43,32
224,43,32
225,43,32
226,43,32
227,43,32
228,43,32
229,43,32
230,43,32
231,43,32
232,43,32
233,43,32
234,43,32
235,43,32
236,43,32
237,43,32
238,43,32
239,43,32
240,43,32
241,43,32
242,43,32
243,43,32
244,43,32
245,43,32
246,43,32
247,43,32
248,43,32
249,43,32
250,43,32
251,43,32
252,43,32
253,43,32
254,43,32
255,43,32
256,43,32
257,43,32
258,43,32
259,43,32
260,43,32
261,43,32
262,43,32
263,43,32
264,43,32
265,43,32
266,43,32
267,43,32
268,43,32
269,43,32
270,43,32
271,43,32
272,43,32
273,43,32
274,43,32
275,43,32
276,43,32
277,43,32
278,43,32
279,43,32
280,43,32
281,43,32
282,43,32
283,43,32
284,43,32
285,43,32
286,43,32
287,43,32
288,43,32
289,43,32
290,43,32
291,43,32
292,43,32
293,43,32
294,43,32
295,43,32
296,43,32
297,43,32
298,43,32
299,43,32
300,43,32
301,43,32
302,43,32
303,43,32
304,43,32
305,43,32
306,43,32
307,43,32
308,43,32
309,43,32
310,43,32
311,43,32
312,43,32
313,43,32
314,43,32
315,43,32
316,43,32
317,43,32
318,43,32
319,43,32
0,44,32
1,44,32
2,44,32
3,44,32
4,44,32
5,44,32
6,44,32
7,44,32
8,44,32
9,44,32
10,44,32
11,44,32
12,44,32
13,44,32
14,44,32
15,44,32
16,44,32
17,44,32
18,44,32
19,44,32
20,44,32
21,44,32
22,44,32
23,44,32
24,44,32
25,44,32
26,44,32
27,44,32
28,44,32
29,44,32
30,44,32
31,44,32
32,44,32
33,44,32
34,44,32
35,44,32
36,44,32
37,44,32
38,44,32
39,44,32
40,44,32
41,44,32
42,44,32
43,44,32
44,44,32
45,44,32
46,44,32
47,44,32
48,44,32
49,44,32
50,44,32
51,44,32
52,44,32
53,44,32
54,44,32
55,44,32
56,44,32
57,44,32
58,44,32
59,44,32
60,44,32
61,44,32
62,44,32
63,44,32
64,44,32
65,44,32
66,44,32
67,44,32
68,44,32
69,44,32
70,44,32
71,44,32
72,44,32
73,44,32
74,44,32
75,44,32
76,44,32
77,44,32
78,44,32
79,44,32
80,44,32
81,44,32
82,44,32
83,44,32
84,44,32
85,44,32
86,44,32
87,44,32
88,44,32
89,44,32
90,44,32
91,44,32
92,44,32
93,44,32
94,44,32
95,44,32
96,44,32
97,44,32
98,44,32
99,44,32
100,44,32
101,44,32
102,44,32
103,44,32
104,44,32
105,44,32
106,44,32
107,44,32
108,44,32
109,44,32
110,44,32
111,44,32
112,44,32
113,44,32
114,44,32
115,44,32
116,44,32
117,44,32
118,44,32
119,44,32
120,44,32
121,44,32
122,44,32
123,44,32
124,44,32
125,44,32
126,44,32
127,44,32
128,44,32
129,44,32
130,44,32
131,44,32
132,44,32
133,44,32
134,44,32
135,44,32
136,44,32
137,44,32
138,44,32
139,44,32
140,44,32
141,44,32
142,44,32
143,44,32
144,44,32
145,44,32
146,44,32
147,44,32
148,44,32
149,44,32
150,44,32
151,44,32
152,44,32
153,44,32
154,44,32
155,44,32
156,44,32
157,44,32
158,44,32
159,44,32
160,44,32
161,44,32
162,44,32
163,44,32
164,44,32
165,44,32
166,44,32
167,44,32
168,44,32
169,44,32
170,44,32
171,44,32
172,44,32
173,44,32
174,44,32
175,44,32
176,44,32
177,44,32
178,44,32
179,44,32
180,44,32
181,44,32
182,44,32
183,44,32
184,44,32
185,44,32
186,44,32
187,44,32
188,44,32
189,44,32
190,44,32
191,44,32
192,44,32
193,44,32
194,44,32
195,44,32
196,44,32
197,44,32
198,44,32
199,44,32
200,44,32
201,44,32
202,44,32
203,44,32
204,44,32
205,44,32
206,44,32
207,44,32
208,44,32
209,44,32
210,44,32
211,44,32
212,44,32
213,44,32
214,44,32
215,44,32
216,44,32
217,44,32
218,44,32
219,44,32
220,44,32
221,44,32
222,44,32
223,44,32
224,44,32
225,44,32
226,44,32
227,44,32
228,44,32
229,44,32
230,44,32
231,44,32
232,44,32
233,44,32
234,44,32
235,44,32
236,44,32
237,44,32
238,44,32
239,44,32
240,44,32
241,44,32
242,44,32
243,44,32
244,44,32
245,44,32
246,44,32
247,44,32
248,44,32
249,44,32
250,44,32
251,44,32
252,44,32
253,44,32
254,44,32
255,44,32
256,44,32
257,44,32
258,44,32
259,44,32
260,44,32
261,44,32
262,44,32
263,44,32
264,44,32
265,44,32
266,44,32
267,44,32
268,44,32
269,44,32
270,44,32
271,44,32
272,44,32
273,44,32
274,44,32
275,44,32
276,44,32
277,44,32
278,44,32
279,44,32
280,44,32
281,44,32
282,44,32
283,44,32
284,44,32
285,44,32
286,44,32
287,44,32
288,44,32
289,44,32
290,44,32
291,44,32
292,44,32
293,44,32
294,44,32
295,44,32
296,44,32
297,44,32
298,44,32
299,44,32
300,44,32
301,44,32
302,44,32
303,44,32
304,44,32
305,44,32
306,44,32
307,44,32
308,44,32
309,44,32
310,44,32
311,44,32
312,44,32
313,44,32
314,44,32
315,44,32
316,44,32
317,44,32
318,44,32
319,44,32
0,45,32
1,45,32
2,45,32
3,45,32
4,45,32
5,45,32
6,45,32
7,45,32
8,45,32
9,45,32
10,45,32
11,45,32
12,45,32
13,45,32
14,45,32
15,45,32
16,45,32
17,45,32
18,45,32
19,45,32
20,45,32
21,45,32
22,45,32
23,45,32
24,45,32
25,45,32
26,45,32
27,45,32
28,45,32
29,45,32
30,45,32
31,45,32
32,45,32
33,45,32
34,45,32
35,45,32
36,45,32
37,45,32
38,45,32
39,45,32
40,45,32
41,45,32
42,45,32
43,45,32
44,45,32
45,45,32
46,45,32
47,45,32
48,45,32
49,45,32
50,45,32
51,45,32
52,45,32
53,45,32
54,45,32
55,45,32
56,45,32
57,45,32
58,45,32
59,45,32
60,45,32
61,45,32
62,45,32
63,45,32
64,45,32
65,45,32
66,45,32
67,45,32
68,45,32
69,45,32
70,45,32
71,45,32
72,45,32
73,45,32
74,45,32
75,45,32
76,45,32
77,45,32
78,45,32
79,45,32
80,45,32
81,45,32
82,45,32
83,45,32
84,45,32
85,45,32
86,45,32
87,45,32
88,45,32
89,45,32
90,45,32
91,45,32
92,45,32
93,45,32
94,45,32
95,45,32
96,45,32
97,45,32
98,45,32
99,45,32
100,45,32
101,45,32
102,45,32
103,45,32
104,45,32
105,45,32
106,45,32
107,45,32
108,45,32
109,45,32
110,45,32
111,45,32
112,45,32
113,45,32
114,45,32
115,45,32
116,45,32
117,45,32
118,45,32
119,45,32
120,45,32
121,45,32
122,45,32
123,45,32
124,45,32
125,45,32
126,45,32
127,45,32
128,45,32
129,45,32
130,45,32
131,45,32
132,45,32
133,45,32
134,45,32
135,45,32
136,45,32
137,45,32
138,45,32
139,45,32
140,45,32
141,45,32
142,45,32
143,45,32
144,45,32
145,45,32
146,45,32
147,45,32
148,45,32
149,45,32
150,45,32
151,45,32
152,45,32
153,45,32
154,45,32
155,45,32
156,45,32
157,45,32
158,45,32
159,45,32
160,45,32
161,45,32
162,45,32
163,45,32
164,45,32
165,45,32
166,45,32
167,45,32
168,45,32
169,45,32
170,45,32
171,45,32
172,45,32
173,45,32
174,45,32
175,45,32
176,45,32
177,45,32
178,45,32
179,45,32
180,45,32
181,45,32
182,45,32
183,45,32
184,45,32
185,45,32
186,45,32
187,45,32
188,45,32
189,45,32
190,45,32
191,45,32
192,45,32
193,45,32
194,45,32
195,45,32
196,45,32
197,45,32
198,45,32
199,45,32
200,45,32
201,45,32
202,45,32
203,45,32
204,45,32
205,45,32
206,45,32
207,45,32
208,45,32
209,45,32
210,45,32
211,45,32
212,45,32
213,45,32
214,45,32
215,45,32
216,45,32
217,45,32
218,45,32
219,45,32
220,45,32
221,45,32
222,45,32
223,45,32
224,45,32
225,45,32
226,45,32
227,45,32
228,45,32
229,45,32
230,45,32
231,45,32
232,45,32
233,45,32
234,45,32
235,45,32
236,45,32
237,45,32
238,45,32
239,45,32
240,45,32
241,45,32
242,45,32
243,45,32
244,45,32
245,45,32
246,45,32
247,45,32
248,45,32
249,45,32
250,45,32
251,45,32
252,45,32
253,45,32
254,45,32
255,45,32
256,45,32
257,45,32
258,45,32
259,45,32
260,45,32
261,45,32
262,45,32
263,45,32
264,45,32
265,45,32
266,45,32
267,45,32
268,45,32
269,45,32
270,45,32
271,45,32
272,45,32
273,45,32
274,45,32
275,45,32
276,45,32
277,45,32
278,45,32
279,45,32
280,45,32
281,45,32
282,45,32
283,45,32
284,45,32
285,45,32
286,45,32
287,45,32
288,45,32
289,45,32
290,45,32
291,45,32
292,45,32
293,45,32
294,45,32
295,45,32
296,45,32
297,45,32
298,45,32
299,45,32
300,45,32
301,45,32
302,45,32
303,45,32
304,45,32
305,45,32
306,45,32
307,45,32
308,45,32
309,45,32
310,45,32
311,45,32
312,45,32
313,45,32
314,45,32
315,45,32
316,45,32
317,45,32
318,45,32
319,45,32
0,46,32
1,46,32
2,46,32
3,46,32
4,46,32
5,46,32
6,46,32
7,46,32
8,46,32
9,46,32
10,46,32
11,46,32
12,46,32
13,46,32
14,46,32
15,46,32
16,46,32
17,46,32
18,46,32
19,46,32
20,46,32
21,46,32
22,46,32
23,46,32
24,46,32
25,46,32
26,46,32
27,46,32
28,46,32
29,46,32
30,46,32
31,46,32
32,46,32
33,46,32
34,46,32
35,46,32
36,46,32
37,46,32
38,46,32
39,46,32
40,46,32
41,46,32
42,46,32
43,46,32
44,46,32
45,46,32
46,46,32
47,46,32
48,46,32
49,46,32
50,46,32
51,46,32
52,46,32
53,46,32
54,46,32
55,46,32
56,46,32
57,46,32
58,46,32
59,46,32
60,46,32
61,46,32
62,46,32
63,46,32
64,46,32
65,46,32
66,46,32
67,46,32
68,46,32
69,46,32
70,46,32
71,46,32
72,46,32
73,46,32
74,46,32
75,46,32
76,46,32
77,46,32
78,46,32
79,46,32
80,46,32
81,46,32
82,46,32
83,46,32
84,46,32
85,46,32
86,46,32
87,46,32
88,46,32
89,46,32
90,46,32
91,46,32
92,46,32
93,46,32
94,46,32
95,46,32
96,46,32
97,46,32
98,46,32
99,46,32
100,46,32
101,46,32
102,46,32
103,46,32
104,46,32
105,46,32
106,46,32
107,46,32
108,46,32
109,46,32
110,46,32
111,46,32
112,46,32
113,46,32
114,46,32
115,46,32
116,46,32
117,46,32
118,46,32
119,46,32
120,46,32
121,46,32
122,46,32
123,46,32
124,46,32
125,46,32
126,46,32
127,46,32
128,46,32
129,46,32
130,46,32
131,46,32
132,46,32
133,46,32
134,46,32
135,46,32
136,46,32
137,46,32
138,46,32
139,46,32
140,46,32
141,46,32
142,46,32
143,46,32
144,46,32
145,46,32
146,46,32
147,46,32
148,46,32
149,46,32
150,46,32
151,46,32
152,46,32
153,46,32
154,46,32
155,46,32
156,46,32
157,46,32
158,46,32
159,46,32
160,46,32
161,46,32
162,46,32
163,46,32
164,46,32
165,46,32
166,46,32
167,46,32
168,46,32
169,46,32
170,46,32
171,46,32
172,46,32
173,46,32
174,46,32
175,46,32
176,46,32
177,46,32
178,46,32
179,46,32
180,46,32
181,46,32
182,46,32
183,46,32
184,46,32
185,46,32
186,46,32
187,46,32
188,46,32
189,46,32
190,46,32
191,46,32
192,46,32
193,46,32
194,46,32
195,46,32
196,46,32
197,46,32
198,46,32
199,46,32
200,46,32
201,46,32
202,46,32
203,46,32
204,46,32
205,46,32
206,46,32
207,46,32
208,46,32
209,46,32
210,46,32
211,46,32
212,46,32
213,46,32
214,46,32
215,46,32
216,46,32
217,46,32
218,46,32
219,46,32
220,46,32
221,46,32
222,46,32
223,46,32
224,46,32
225,46,32
226,46,32
227,46,32
228,46,32
229,46,32
230,46,32
231,46,32
232,46,32
233,46,32
234,46,32
235,46,32
236,46,32
237,46,32
238,46,32
239,46,32
240,46,32
241,46,32
242,46,32
243,46,32
244,46,32
245,46,32
246,46,32
247,46,32
248,46,32
249,46,32
250,46,32
251,46,32
252,46,32
253,46,32
254,46,32
255,46,32
256,46,32
257,46,32
258,46,32
259,46,32
260,46,32
261,46,32
262,46,32
263,46,32
264,46,32
265,46,32
266,46,32
267,46,32
268,46,32
269,46,32
270,46,32
271,46,32
272,46,32
273,46,32
274,46,32
275,46,32
276,46,32
277,46,32
278,46,32
279,46,32
280,46,32
281,46,32
282,46,32
283,46,32
284,46,32
285,46,32
286,46,32
287,46,32
288,46,32
289,46,32
290,46,32
291,46,32
292,46,32
293,46,32
294,46,32
295,46,32
296,46,32
297,46,32
298,46,32
299,46,32
300,46,32
301,46,32
302,46,32
303,46,32
304,46,32
305,46,32
306,46,32
307,46,32
308,46,32
309,46,32
310,46,32
311,46,32
312,46,32
313,46,32
314,46,32
315,46,32
316,46,32
317,46,32
318,46,32
319,46,32
0,47,32
1,47,32
2,47,32
3,47,32
4,47,32
5,47,32
6,47,32
7,47,32
8,47,32
9,47,32
10,47,32
11,47,32
12,47,32
13,47,32
14,47,32
15,47,32
16,47,32
17,47,32
18,47,32
19,47,32
20,47,32
21,47,32
22,47,32
23,47,32
24,47,32
25,47,32
26,47,32
27,47,32
28,47,32
29,47,32
30,47,32
31,47,32
32,47,32
33,47,32
34,47,32
35,47,32
36,47,32
37,47,32
38,47,32
39,47,32
40,47,32
41,47,32
42,47,32
43,47,32
44,47,32
45,47,32
46,47,32
47,47,32
48,47,32
49,47,32
50,47,32
51,47,32
52,47,32
53,47,32
54,47,32
55,47,32
56,47,32
57,47,32
58,47,32
59,47,32
60,47,32
61,47,32
62,47,32
63,47,32
64,47,32
65,47,32
66,47,32
67,47,32
68,47,32
69,47,32
70,47,32
71,47,32
72,47,32
73,47,32
74,47,32
75,47,32
76,47,32
77,47,32
78,47,32
79,47,32
80,47,32
81,47,32
82,47,32
83,47,32
84,47,32
85,47,32
86,47,32
87,47,32
88,47,32
89,47,32
90,47,32
91,47,32
92,47,32
93,47,32
94,47,32
95,47,32
96,47,32
97,47,32
98,47,32
99,47,32
100,47,32
101,47,32
102,47,32
103,47,32
104,47,32
105,47,32
106,47,32
107,47,32
108,47,32
109,47,32
110,47,32
111,47,32
112,47,32
113,47,32
114,47,32
115,47,32
116,47,32
117,47,32
118,47,32
119,47,32
120,47,32
121,47,32
122,47,32
123,47,32
124,47,32
125,47,32
126,47,32
127,47,32
128,47,32
129,47,32
130,47,32
131,47,32
132,47,32
133,47,32
134,47,32
135,47,32
136,47,32
137,47,32
138,47,32
139,47,32
140,47,32
141,47,32
142,47,32
143,47,32
144,47,32
145,47,32
146,47,32
147,47,32
148,47,32
149,47,32
150,47,32
151,47,32
152,47,32
153,47,32
154,47,32
155,47,32
156,47,32
157,47,32
158,47,32
159,47,32
160,47,32
161,47,32
162,47,32
163,47,32
164,47,32
165,47,32
166,47,32
167,47,32
168,47,32
169,47,32
170,47,32
171,47,32
172,47,32
173,47,32
174,47,32
175,47,32
176,47,32
177,47,32
178,47,32
179,47,32
180,47,32
181,47,32
182,47,32
183,47,32
184,47,32
185,47,32
186,47,32
187,47,32
188,47,32
189,47,32
190,47,32
191,47,32
192,47,32
193,47,32
194,47,32
195,47,32
196,47,32
197,47,32
198,47,32
199,47,32
200,47,32
201,47,32
202,47,32
203,47,32
204,47,32
205,47,32
206,47,32
207,47,32
208,47,32
209,47,32
210,47,32
211,47,32
212,47,32
213,47,32
214,47,32
215,47,32
216,47,32
217,47,32
218,47,32
219,47,32
220,47,32
221,47,32
222,47,32
223,47,32
224,47,32
225,47,32
226,47,32
227,47,32
228,47,32
229,47,32
230,47,32
231,47,32
232,47,32
233,47,32
234,47,32
235,47,32
236,47,32
237,47,32
238,47,32
239,47,32
240,47,32
241,47,32
242,47,32
243,47,32
244,47,32
245,47,32
246,47,32
247,47,32
248,47,32
249,47,32
250,47,32
251,47,32
252,47,32
253,47,32
254,47,32
255,47,32
256,47,32
257,47,32
258,47,32
259,47,32
260,47,32
261,47,32
262,47,32
263,47,32
264,47,32
265,47,32
266,47,32
267,47,32
268,47,32
269,47,32
270,47,32
271,47,32
272,47,32
273,47,32
274,47,32
275,47,32
276,47,32
277,47,32
278,47,32
279,47,32
280,47,32
281,47,32
282,47,32
283,47,32
284,47,32
285,47,32
286,47,32
287,47,32
288,47,32
289,47,32
290,47,32
291,47,32
292,47,32
293,47,32
294,47,32
295,47,32
296,47,32
297,47,32
298,47,32
299,47,32
300,47,32
301,47,32
302,47,32
303,47,32
304,47,32
305,47,32
306,47,32
307,47,32
308,47,32
309,47,32
310,47,32
311,47,32
312,47,32
313,47,32
314,47,32
315,47,32
316,47,32
317,47,32
318,47,32
319,47,32
0,48,32
1,48,32
2,48,32
3,48,32
4,48,32
5,48,32
6,48,32
7,48,32
8,48,32
9,48,32
10,48,32
11,48,32
12,48,32
13,48,32
14,48,32
15,48,32
16,48,32
17,48,32
18,48,32
19,48,32
20,48,32
21,48,32
22,48,32
23,48,32
24,48,32
25,48,32
26,48,32
27,48,32
28,48,32
29,48,32
30,48,32
31,48,32
32,48,32
33,48,32
34,48,32
35,48,32
36,48,32
37,48,32
38,48,32
39,48,32
40,48,32
41,48,32
42,48,32
43,48,32
44,48,32
45,48,32
46,48,32
47,48,32
48,48,32
49,48,32
50,48,32
51,48,32
52,48,32
53,48,32
54,48,32
55,48,32
56,48,32
57,48,32
58,48,32
59,48,32
60,48,32
61,48,32
62,48,32
63,48,32
64,48,32
65,48,32
66,48,32
67,48,32
68,48,32
69,48,32
70,48,32
71,48,32
72,48,32
73,48,32
74,48,32
75,48,32
76,48,32
77,48,32
78,48,32
79,48,32
80,48,32
81,48,32
82,48,32
83,48,32
84,48,32
85,48,32
86,48,32
87,48,32
88,48,32
89,48,32
90,48,32
91,48,32
92,48,32
93,48,32
94,48,32
95,48,32
96,48,32
97,48,32
98,48,32
99,48,32
100,48,32
101,48,32
102,48,32
103,48,32
104,48,32
105,48,32
106,48,32
107,48,32
108,48,32
109,48,32
110,48,32
111,48,32
112,48,32
113,48,32
114,48,32
115,48,32
116,48,32
117,48,32
118,48,32
119,48,32
120,48,32
121,48,32
122,48,32
123,48,32
124,48,32
125,48,32
126,48,32
127,48,32
128,48,32
129,48,32
130,48,32
131,48,32
132,48,32
133,48,32
134,48,32
135,48,32
136,48,32
137,48,32
138,48,32
139,48,32
140,48,32
141,48,32
142,48,32
143,48,32
144,48,32
145,48,32
146,48,32
147,48,32
148,48,32
149,48,32
150,48,32
151,48,32
152,48,32
153,48,32
154,48,32
155,48,32
156,48,32
157,48,32
158,48,32
159,48,32
160,48,32
161,48,32
162,48,32
163,48,32
164,48,32
165,48,32
166,48,32
167,48,32
168,48,32
169,48,32
170,48,32
171,48,32
172,48,32
173,48,32
174,48,32
175,48,32
176,48,32
177,48,32
178,48,32
179,48,32
180,48,32
181,48,32
182,48,32
183,48,32
184,48,32
185,48,32
186,48,32
187,48,32
188,48,32
189,48,32
190,48,32
191,48,32
192,48,32
193,48,32
194,48,32
195,48,32
196,48,32
197,48,32
198,48,32
199,48,32
200,48,32
201,48,32
202,48,32
203,48,32
204,48,32
205,48,32
206,48,32
207,48,32
208,48,32
209,48,32
210,48,32
211,48,32
212,48,32
213,48,32
214,48,32
215,48,32
216,48,32
217,48,32
218,48,32
219,48,32
220,48,32
221,48,32
222,48,32
223,48,32
224,48,32
225,48,32
226,48,32
227,48,32
228,48,32
229,48,32
230,48,32
231,48,32
232,48,32
233,48,32
234,48,32
235,48,32
236,48,32
237,48,32
238,48,32
239,48,32
240,48,32
241,48,32
242,48,32
243,48,32
244,48,32
245,48,32
246,48,32
247,48,32
248,48,32
249,48,32
250,48,32
251,48,32
252,48,32
253,48,32
254,48,32
255,48,32
256,48,32
257,48,32
258,48,32
259,48,32
260,48,32
261,48,32
262,48,32
263,48,32
264,48,32
265,48,32
266,48,32
267,48,32
268,48,32
269,48,32
270,48,32
271,48,32
272,48,32
273,48,32
274,48,32
275,48,32
276,48,32
277,48,32
278,48,32
279,48,32
280,48,32
281,48,32
282,48,32
283,48,32
284,48,32
285,48,32
286,48,32
287,48,32
288,48,32
289,48,32
290,48,32
291,48,32
292,48,32
293,48,32
294,48,32
295,48,32
296,48,32
297,48,32
298,48,32
299,48,32
300,48,32
301,48,32
302,48,32
303,48,32
304,48,32
305,48,32
306,48,32
307,48,32
308,48,32
309,48,32
310,48,32
311,48,32
312,48,32
313,48,32
314,48,32
315,48,32
316,48,32
317,48,32
318,48,32
319,48,32
0,49,32
1,49,32
2,49,32
3,49,32
4,49,32
5,49,32
6,49,32
7,49,32
8,49,32
9,49,32
10,49,32
11,49,32
12,49,32
13,49,32
14,49,32
15,49,32
16,49,32
17,49,32
18,49,32
19,49,32
20,49,32
21,49,32
22,49,32
23,49,32
24,49,32
25,49,32
26,49,32
27,49,32
28,49,32
29,49,32
30,49,32
31,49,32
32,49,32
33,49,32
34,49,32
35,49,32
36,49,32
37,49,32
38,49,32
39,49,32
40,49,32
41,49,32
42,49,32
43,49,32
44,49,32
45,49,32
46,49,32
47,49,32
48,49,32
49,49,32
50,49,32
51,49,32
52,49,32
53,49,32
54,49,32
55,49,32
56,49,32
57,49,32
58,49,32
59,49,32
60,49,32
61,49,32
62,49,32
63,49,32
64,49,32
65,49,32
66,49,32
67,49,32
68,49,32
69,49,32
70,49,32
71,49,32
72,49,32
73,49,32
74,49,32
75,49,32
76,49,32
77,49,32
78,49,32
79,49,32
80,49,32
81,49,32
82,49,32
83,49,32
84,49,32
85,49,32
86,49,32
87,49,32
88,49,32
89,49,32
90,49,32
91,49,32
92,49,32
93,49,32
94,49,32
95,49,32
96,49,32
97,49,32
98,49,32
99,49,32
100,49,32
101,49,32
102,49,32
103,49,32
104,49,32
105,49,32
106,49,32
107,49,32
108,49,32
109,49,32
110,49,32
111,49,32
112,49,32
113,49,32
114,49,32
115,49,32
116,49,32
117,49,32
118,49,32
119,49,32
120,49,32
121,49,32
122,49,32
123,49,32
124,49,32
125,49,32
126,49,32
127,49,32
128,49,32
129,49,32
130,49,32
131,49,32
132,49,32
133,49,32
134,49,32
135,49,32
136,49,32
137,49,32
138,49,32
139,49,32
140,49,32
141,49,32
142,49,32
143,49,32
144,49,32
145,49,32
146,49,32
147,49,32
148,49,32
149,49,32
150,49,32
151,49,32
152,49,32
153,49,32
154,49,32
155,49,32
156,49,32
157,49,32
158,49,32
159,49,32
160,49,32
161,49,32
162,49,32
163,49,32
164,49,32
165,49,32
166,49,32
167,49,32
168,49,32
169,49,32
170,49,32
171,49,32
172,49,32
173,49,32
174,49,32
175,49,32
176,49,32
177,49,32
178,49,32
179,49,32
180,49,32
181,49,32
182,49,32
183,49,32
184,49,32
185,49,32
186,49,32
187,49,32
188,49,32
189,49,32
190,49,32
191,49,32
192,49,32
193,49,32
194,49,32
195,49,32
196,49,32
197,49,32
198,49,32
199,49,32
200,49,32
201,49,32
202,49,32
203,49,32
204,49,32
205,49,32
206,49,32
207,49,32
208,49,32
209,49,32
210,49,32
211,49,32
212,49,32
213,49,32
214,49,32
215,49,32
216,49,32
217,49,32
218,49,32
219,49,32
220,49,32
221,49,32
222,49,32
223,49,32
224,49,32
225,49,32
226,49,32
227,49,32
228,49,32
229,49,32
230,49,32
231,49,32
232,49,32
233,49,32
234,49,32
235,49,32
236,49,32
237,49,32
238,49,32
239,49,32
240,49,32
241,49,32
242,49,32
243,49,32
244,49,32
245,49,32
246,49,32
247,49,32
248,49,32
249,49,32
250,49,32
251,49,32
252,49,32
253,49,32
254,49,32
255,49,32
256,49,32
257,49,32
258,49,32
259,49,32
260,49,32
261,49,32
262,49,32
263,49,32
264,49,32
265,49,32
266,49,32
267,49,32
268,49,32
269,49,32
270,49,32
271,49,32
272,49,32
273,49,32
274,49,32
275,49,32
276,49,32
277,49,32
278,49,32
279,49,32
280,49,32
281,49,32
282,49,32
283,49,32
284,49,32
285,49,32
286,49,32
287,49,32
288,49,32
289,49,32
290,49,32
291,49,32
292,49,32
293,49,32
294,49,32
295,49,32
296,49,32
297,49,32
298,49,32
299,49,32
300,49,32
301,49,32
302,49,32
303,49,32
304,49,32
305,49,32
306,49,32
307,49,32
308,49,32
309,49,32
310,49,32
311,49,32
312,49,32
313,49,32
314,49,32
315,49,32
316,49,32
317,49,32
318,49,32
319,49,32
0,50,32
1,50,32
2,50,32
3,50,32
4,50,32
5,50,32
6,50,32
7,50,32
8,50,32
9,50,32
10,50,32
11,50,32
12,50,32
13,50,32
14,50,32
15,50,32
16,50,32
17,50,32
18,50,32
19,50,32
20,50,32
21,50,32
22,50,32
23,50,32
24,50,32
25,50,32
26,50,32
27,50,32
28,50,32
29,50,32
30,50,32
31,50,32
32,50,32
33,50,32
34,50,32
35,50,32
36,50,32
37,50,32
38,50,32
39,50,32
40,50,32
41,50,32
42,50,32
43,50,32
44,50,32
45,50,32
46,50,32
47,50,32
48,50,32
49,50,32
50,50,32
51,50,32
52,50,32
53,50,32
54,50,32
55,50,32
56,50,32
57,50,32
58,50,32
59,50,32
60,50,32
61,50,32
62,50,32
63,50,32
64,50,32
65,50,32
66,50,32
67,50,32
68,50,32
69,50,32
70,50,32
71,50,32
72,50,32
73,50,32
74,50,32
75,50,32
76,50,32
77,50,32
78,50,32
79,50,32
80,50,32
81,50,32
82,50,32
83,50,32
84,50,32
85,50,32
86,50,32
87,50,32
88,50,32
89,50,32
90,50,32
91,50,32
92,50,32
93,50,32
94,50,32
95,50,32
96,50,32
97,50,32
98,50,32
99,50,32
100,50,32
101,50,32
102,50,32
103,50,32
104,50,32
105,50,32
106,50,32
107,50,32
108,50,32
109,50,32
110,50,32
111,50,32
112,50,32
113,50,32
114,50,32
115,50,32
116,50,32
117,50,32
118,50,32
119,50,32
120,50,32
121,50,32
122,50,32
123,50,32
124,50,32
125,50,32
126,50,32
127,50,32
128,50,32
129,50,32
130,50,32
131,50,32
132,50,32
133,50,32
134,50,32
135,50,32
136,50,32
137,50,32
138,50,32
139,50,32
140,50,32
141,50,32
142,50,32
143,50,32
144,50,32
145,50,32
146,50,32
147,50,32
148,50,32
149,50,32
150,50,32
151,50,32
152,50,32
153,50,32
154,50,32
155,50,32
156,50,32
157,50,32
158,50,32
159,50,32
160,50,32
161,50,32
162,50,32
163,50,32
164,50,32
165,50,32
166,50,32
167,50,32
168,50,32
169,50,32
170,50,32
171,50,32
172,50,32
173,50,32
174,50,32
175,50,32
176,50,32
177,50,32
178,50,32
179,50,32
180,50,32
181,50,32
182,50,32
183,50,32
184,50,32
185,50,32
186,50,32
187,50,32
188,50,32
189,50,32
190,50,32
191,50,32
192,50,32
193,50,32
194,50,32
195,50,32
196,50,32
197,50,32
198,50,32
199,50,32
200,50,32
201,50,32
202,50,32
203,50,32
204,50,32
205,50,32
206,50,32
207,50,32
208,50,32
209,50,32
210,50,32
211,50,32
212,50,32
213,50,32
214,50,32
215,50,32
216,50,32
217,50,32
218,50,32
219,50,32
220,50,32
221,50,32
222,50,32
223,50,32
224,50,32
225,50,32
226,50,32
227,50,32
228,50,32
229,50,32
230,50,32
231,50,32
232,50,32
233,50,32
234,50,32
235,50,32
236,50,32
237,50,32
238,50,32
239,50,32
240,50,32
241,50,32
242,50,32
243,50,32
244,50,32
245,50,32
246,50,32
247,50,32
248,50,32
249,50,32
250,50,32
251,50,32
252,50,32
253,50,32
254,50,32
255,50,32
256,50,32
257,50,32
258,50,32
259,50,32
260,50,32
261,50,32
262,50,32
263,50,32
264,50,32
265,50,32
266,50,32
267,50,32
268,50,32
269,50,32
270,50,32
271,50,32
272,50,32
273,50,32
274,50,32
275,50,32
276,50,32
277,50,32
278,50,32
279,50,32
280,50,32
281,50,32
282,50,32
283,50,32
284,50,32
285,50,32
286,50,32
287,50,32
288,50,32
289,50,32
290,50,32
291,50,32
292,50,32
293,50,32
294,50,32
295,50,32
296,50,32
297,50,32
298,50,32
299,50,32
300,50,32
301,50,32
302,50,32
303,50,32
304,50,32
305,50,32
306,50,32
307,50,32
308,50,32
309,50,32
310,50,32
311,50,32
312,50,32
313,50,32
314,50,32
315,50,32
316,50,32
317,50,32
318,50,32
319,50,32
0,51,32
1,51,32
2,51,32
3,51,32
4,51,32
5,51,32
6,51,32
7,51,32
8,51,32
9,51,32
10,51,32
11,51,32
12,51,32
13,51,32
14,51,32
15,51,32
16,51,32
17,51,32
18,51,32
19,51,32
20,51,32
21,51,32
22,51,32
23,51,32
24,51,32
25,51,32
26,51,32
27,51,32
28,51,32
29,51,32
30,51,32
31,51,32
32,51,32
33,51,32
34,51,32
35,51,32
36,51,32
37,51,32
38,51,32
39,51,32
40,51,32
41,51,32
42,51,32
43,51,32
44,51,32
45,51,32
46,51,32
47,51,32
48,51,32
49,51,32
50,51,32
51,51,32
52,51,32
53,51,32
54,51,32
55,51,32
56,51,32
57,51,32
58,51,32
59,51,32
60,51,32
61,51,32
62,51,32
63,51,32
64,51,32
65,51,32
66,51,32
67,51,32
68,51,32
69,51,32
70,51,32
71,51,32
72,51,32
73,51,32
74,51,32
75,51,32
76,51,32
77,51,32
78,51,32
79,51,32
80,51,32
81,51,32
82,51,32
83,51,32
84,51,32
85,51,32
86,51,32
87,51,32
88,51,32
89,51,32
90,51,32
91,51,32
92,51,32
93,51,32
94,51,32
95,51,32
96,51,32
97,51,32
98,51,32
99,51,32
100,51,32
101,51,32
102,51,32
103,51,32
104,51,32
105,51,32
106,51,32
107,51,32
108,51,32
109,51,32
110,51,32
111,51,32
112,51,32
113,51,32
114,51,32
115,51,32
116,51,32
117,51,32
118,51,32
119,51,32
120,51,32
121,51,32
122,51,32
123,51,32
124,51,32
125,51,32
126,51,32
127,51,32
128,51,32
129,51,32
130,51,32
131,51,32
132,51,32
133,51,32
134,51,32
135,51,32
136,51,32
137,51,32
138,51,32
139,51,32
140,51,32
141,51,32
142,51,32
143,51,32
144,51,32
145,51,32
146,51,32
147,51,32
148,51,32
149,51,32
150,51,32
151,51,32
152,51,32
153,51,32
154,51,32
155,51,32
156,51,32
157,51,32
158,51,32
159,51,32
160,51,32
161,51,32
162,51,32
163,51,32
164,51,32
165,51,32
166,51,32
167,51,32
168,51,32
169,51,32
170,51,32
171,51,32
172,51,32
173,51,32
174,51,32
175,51,32
176,51,32
177,51,32
178,51,32
179,51,32
180,51,32
181,51,32
182,51,32
183,51,32
184,51,32
185,51,32
186,51,32
187,51,32
188,51,32
189,51,32
190,51,32
191,51,32
192,51,32
193,51,32
194,51,32
195,51,32
196,51,32
197,51,32
198,51,32
199,51,32
200,51,32
201,51,32
202,51,32
203,51,32
204,51,32
205,51,32
206,51,32
207,51,32
208,51,32
209,51,32
210,51,32
211,51,32
212,51,32
213,51,32
214,51,32
215,51,32
216,51,32
217,51,32
218,51,32
219,51,32
220,51,32
221,51,32
222,51,32
223,51,32
224,51,32
225,51,32
226,51,32
227,51,32
228,51,32
229,51,32
230,51,32
231,51,32
232,51,32
233,51,32
234,51,32
235,51,32
236,51,32
237,51,32
238,51,32
239,51,32
240,51,32
241,51,32
242,51,32
243,51,32
244,51,32
245,51,32
246,51,32
247,51,32
248,51,32
249,51,32
250,51,32
251,51,32
252,51,32
253,51,32
254,51,32
255,51,32
256,51,32
257,51,32
258,51,32
259,51,32
260,51,32
261,51,32
262,51,32
263,51,32
264,51,32
265,51,32
266,51,32
267,51,32
268,51,32
269,51,32
270,51,32
271,51,32
272,51,32
273,51,32
274,51,32
275,51,32
276,51,32
277,51,32
278,51,32
279,51,32
280,51,32
281,51,32
282,51,32
283,51,32
284,51,32
285,51,32
286,51,32
287,51,32
288,51,32
289,51,32
290,51,32
291,51,32
292,51,32
293,51,32
294,51,32
295,51,32
296,51,32
297,51,32
298,51,32
299,51,32
300,51,32
301,51,32
302,51,32
303,51,32
304,51,32
305,51,32
306,51,32
307,51,32
308,51,32
309,51,32
310,51,32
311,51,32
312,51,32
313,51,32
314,51,32
315,51,32
316,51,32
317,51,32
318,51,32
319,51,32
0,52,32
1,52,32
2,52,32
3,52,32
4,52,32
5,52,32
6,52,32
7,52,32
8,52,32
9,52,32
10,52,32
11,52,32
12,52,32
13,52,32
14,52,32
15,52,32
16,52,32
17,52,32
18,52,32
19,52,32
20,52,32
21,52,32
22,52,32
23,52,32
24,52,32
25,52,32
26,52,32
27,52,32
28,52,32
29,52,32
30,52,32
31,52,32
32,52,32
33,52,32
34,52,32
35,52,32
36,52,32
37,52,32
38,52,32
39,52,32
40,52,32
41,52,32
42,52,32
43,52,32
44,52,32
45,52,32
46,52,32
47,52,32
48,52,32
49,52,32
50,52,32
51,52,32
52,52,32
53,52,32
54,52,32
55,52,32
56,52,32
57,52,32
58,52,32
59,52,32
60,52,32
61,52,32
62,52,32
63,52,32
64,52,32
65,52,32
66,52,32
67,52,32
68,52,32
69,52,32
70,52,32
71,52,32
72,52,32
73,52,32
74,52,32
75,52,32
76,52,32
77,52,32
78,52,32
79,52,32
80,52,32
81,52,32
82,52,32
83,52,32
84,52,32
85,52,32
86,52,32
87,52,32
88,52,32
89,52,32
90,52,32
91,52,32
92,52,32
93,52,32
94,52,32
95,52,32
96,52,32
97,52,32
98,52,32
99,52,32
100,52,32
101,52,32
102,52,32
103,52,32
104,52,32
105,52,32
106,52,32
107,52,32
108,52,32
109,52,32
110,52,32
111,52,32
112,52,32
113,52,32
114,52,32
115,52,32
116,52,32
117,52,32
118,52,32
119,52,32
120,52,32
121,52,32
122,52,32
123,52,32
124,52,32
125,52,32
126,52,32
127,52,32
128,52,32
129,52,32
130,52,32
131,52,32
132,52,32
133,52,32
134,52,32
135,52,32
136,52,32
137,52,32
138,52,32
139,52,32
140,52,32
141,52,32
142,52,32
143,52,32
144,52,32
145,52,32
146,52,32
147,52,32
148,52,32
149,52,32
150,52,32
151,52,32
152,52,32
153,52,32
154,52,32
155,52,32
156,52,32
157,52,32
158,52,32
159,52,32
160,52,32
161,52,32
162,52,32
163,52,32
164,52,32
165,52,32
166,52,32
167,52,32
168,52,32
169,52,32
170,52,32
171,52,32
172,52,32
173,52,32
174,52,32
175,52,32
176,52,32
177,52,32
178,52,32
179,52,32
180,52,32
181,52,32
182,52,32
183,52,32
184,52,32
185,52,32
186,52,32
187,52,32
188,52,32
189,52,32
190,52,32
191,52,32
192,52,32
193,52,32
194,52,32
195,52,32
196,52,32
197,52,32
198,52,32
199,52,32
200,52,32
201,52,32
202,52,32
203,52,32
204,52,32
205,52,32
206,52,32
207,52,32
208,52,32
209,52,32
210,52,32
211,52,32
212,52,32
213,52,32
214,52,32
215,52,32
216,52,32
217,52,32
218,52,32
219,52,32
220,52,32
221,52,32
222,52,32
223,52,32
224,52,32
225,52,32
226,52,32
227,52,32
228,52,32
229,52,32
230,52,32
231,52,32
232,52,32
233,52,32
234,52,32
235,52,32
236,52,32
237,52,32
238,52,32
239,52,32
240,52,32
241,52,32
242,52,32
243,52,32
244,52,32
245,52,32
246,52,32
247,52,32
248,52,32
249,52,32
250,52,32
251,52,32
252,52,32
253,52,32
254,52,32
255,52,32
256,52,32
257,52,32
258,52,32
259,52,32
260,52,32
261,52,32
262,52,32
263,52,32
264,52,32
265,52,32
266,52,32
267,52,32
268,52,32
269,52,32
270,52,32
271,52,32
272,52,32
273,52,32
274,52,32
275,52,32
276,52,32
277,52,32
278,52,32
279,52,32
280,52,32
281,52,32
282,52,32
283,52,32
284,52,32
285,52,32
286,52,32
287,52,32
288,52,32
289,52,32
290,52,32
291,52,32
292,52,32
293,52,32
294,52,32
295,52,32
296,52,32
297,52,32
298,52,32
299,52,32
300,52,32
301,52,32
302,52,32
303,52,32
304,52,32
305,52,32
306,52,32
307,52,32
308,52,32
309,52,32
310,52,32
311,52,32
312,52,32
313,52,32
314,52,32
315,52,32
316,52,32
317,52,32
318,52,32
319,52,32
0,53,32
1,53,32
2,53,32
3,53,32
4,53,32
5,53,32
6,53,32
7,53,32
8,53,32
9,53,32
10,53,32
11,53,32
12,53,32
13,53,32
14,53,32
15,53,32
16,53,32
17,53,32
18,53,32
19,53,32
20,53,32
21,53,32
22,53,32
23,53,32
24,53,32
25,53,32
26,53,32
27,53,32
28,53,32
29,53,32
30,53,32
31,53,32
32,53,32
33,53,32
34,53,32
35,53,32
36,53,32
37,53,32
38,53,32
39,53,32
40,53,32
41,53,32
42,53,32
43,53,32
44,53,32
45,53,32
46,53,32
47,53,32
48,53,32
49,53,32
50,53,32
51,53,32
52,53,32
53,53,32
54,53,32
55,53,32
56,53,32
57,53,32
58,53,32
59,53,32
60,53,32
61,53,32
62,53,32
63,53,32
64,53,32
65,53,32
66,53,32
67,53,32
68,53,32
69,53,32
70,53,32
71,53,32
72,53,32
73,53,32
74,53,32
75,53,32
76,53,32
77,53,32
78,53,32
79,53,32
80,53,32
81,53,32
82,53,32
83,53,32
84,53,32
85,53,32
86,53,32
87,53,32
88,53,32
89,53,32
90,53,32
91,53,32
92,53,32
93,53,32
94,53,32
95,53,32
96,53,32
97,53,32
98,53,32
99,53,32
100,53,32
101,53,32
102,53,32
103,53,32
104,53,32
105,53,32
106,53,32
107,53,32
108,53,32
109,53,32
110,53,32
111,53,32
112,53,32
113,53,32
114,53,32
115,53,32
116,53,32
117,53,32
118,53,32
119,53,32
120,53,32
121,53,32
122,53,32
123,53,32
124,53,32
125,53,32
126,53,32
127,53,32
128,53,32
129,53,32
130,53,32
131,53,32
132,53,32
133,53,32
134,53,32
135,53,32
136,53,32
137,53,32
138,53,32
139,53,32
140,53,32
141,53,32
142,53,32
143,53,32
144,53,32
145,53,32
146,53,32
147,53,32
148,53,32
149,53,32
150,53,32
151,53,32
152,53,32
153,53,32
154,53,32
155,53,32
156,53,32
157,53,32
158,53,32
159,53,32
160,53,32
161,53,32
162,53,32
163,53,32
164,53,32
165,53,32
166,53,32
167,53,32
168,53,32
169,53,32
170,53,32
171,53,32
172,53,32
173,53,32
174,53,32
175,53,32
176,53,32
177,53,32
178,53,32
179,53,32
180,53,32
181,53,32
182,53,32
183,53,32
184,53,32
185,53,32
186,53,32
187,53,32
188,53,32
189,53,32
190,53,32
191,53,32
192,53,32
193,53,32
194,53,32
195,53,32
196,53,32
197,53,32
198,53,32
199,53,32
200,53,32
201,53,32
202,53,32
203,53,32
204,53,32
205,53,32
206,53,32
207,53,32
208,53,32
209,53,32
210,53,32
211,53,32
212,53,32
213,53,32
214,53,32
215,53,32
216,53,32
217,53,32
218,53,32
219,53,32
220,53,32
221,53,32
222,53,32
223,53,32
224,53,32
225,53,32
226,53,32
227,53,32
228,53,32
229,53,32
230,53,32
231,53,32
232,53,32
233,53,32
234,53,32
235,53,32
236,53,32
237,53,32
238,53,32
239,53,32
240,53,32
241,53,32
242,53,32
243,53,32
244,53,32
245,53,32
246,53,32
247,53,32
248,53,32
249,53,32
250,53,32
251,53,32
252,53,32
253,53,32
254,53,32
255,53,32
256,53,32
257,53,32
258,53,32
259,53,32
260,53,32
261,53,32
262,53,32
263,53,32
264,53,32
265,53,32
266,53,32
267,53,32
268,53,32
269,53,32
270,53,32
271,53,32
272,53,32
273,53,32
274,53,32
275,53,32
276,53,32
277,53,32
278,53,32
279,53,32
280,53,32
281,53,32
282,53,32
283,53,32
284,53,32
285,53,32
286,53,32
287,53,32
288,53,32
289,53,32
290,53,32
291,53,32
292,53,32
293,53,32
294,53,32
295,53,32
296,53,32
297,53,32
298,53,32
299,53,32
300,53,32
301,53,32
302,53,32
303,53,32
304,53,32
305,53,32
306,53,32
307,53,32
308,53,32
309,53,32
310,53,32
311,53,32
312,53,32
313,53,32
314,53,32
315,53,32
316,53,32
317,53,32
318,53,32
319,53,32
0,54,32
1,54,32
2,54,32
3,54,32
4,54,32
5,54,32
6,54,32
7,54,32
8,54,32
9,54,32
10,54,32
11,54,32
12,54,32
13,54,32
14,54,32
15,54,32
16,54,32
17,54,32
18,54,32
19,54,32
20,54,32
21,54,32
22,54,32
23,54,32
24,54,32
25,54,32
26,54,32
27,54,32
28,54,32
29,54,32
30,54,32
31,54,32
32,54,32
33,54,32
34,54,32
35,54,32
36,54,32
37,54,32
38,54,32
39,54,32
40,54,32
41,54,32
42,54,32
43,54,32
44,54,32
45,54,32
46,54,32
47,54,32
48,54,32
49,54,32
50,54,32
51,54,32
52,54,32
53,54,32
54,54,32
55,54,32
56,54,32
57,54,32
58,54,32
59,54,32
60,54,32
61,54,32
62,54,32
63,54,32
64,54,32
65,54,32
66,54,32
67,54,32
68,54,32
69,54,32
70,54,32
71,54,32
72,54,32
73,54,32
74,54,32
75,54,32
76,54,32
77,54,32
78,54,32
79,54,32
80,54,32
81,54,32
82,54,32
83,54,32
84,54,32
85,54,32
86,54,32
87,54,32
88,54,32
89,54,32
90,54,32
91,54,32
92,54,32
93,54,32
94,54,32
95,54,32
96,54,32
97,54,32
98,54,32
99,54,32
100,54,32
101,54,32
102,54,32
103,54,32
104,54,32
105,54,32
106,54,32
107,54,32
108,54,32
109,54,32
110,54,32
111,54,32
112,54,32
113,54,32
114,54,32
115,54,32
116,54,32
117,54,32
118,54,32
119,54,32
120,54,32
121,54,32
122,54,32
123,54,32
124,54,32
125,54,32
126,54,32
127,54,32
128,54,32
129,54,32
130,54,32
131,54,32
132,54,32
133,54,32
134,54,32
135,54,32
136,54,32
137,54,32
138,54,32
139,54,32
140,54,32
141,54,32
142,54,32
143,54,32
144,54,32
145,54,32
146,54,32
147,54,32
148,54,32
149,54,32
150,54,32
151,54,32
152,54,32
153,54,32
154,54,32
155,54,32
156,54,32
157,54,32
158,54,32
159,54,32
160,54,32
161,54,32
162,54,32
163,54,32
164,54,32
165,54,32
166,54,32
167,54,32
168,54,32
169,54,32
170,54,32
171,54,32
172,54,32
173,54,32
174,54,32
175,54,32
176,54,32
177,54,32
178,54,32
179,54,32
180,54,32
181,54,32
182,54,32
183,54,32
184,54,32
185,54,32
186,54,32
187,54,32
188,54,32
189,54,32
190,54,32
191,54,32
192,54,32
193,54,32
194,54,32
195,54,32
196,54,32
197,54,32
198,54,32
199,54,32
200,54,32
201,54,32
202,54,32
203,54,32
204,54,32
205,54,32
206,54,32
207,54,32
208,54,32
209,54,32
210,54,32
211,54,32
212,54,32
213,54,32
214,54,32
215,54,32
216,54,32
217,54,32
218,54,32
219,54,32
220,54,32
221,54,32
222,54,32
223,54,32
224,54,32
225,54,32
226,54,32
227,54,32
228,54,32
229,54,32
230,54,32
231,54,32
232,54,32
233,54,32
234,54,32
235,54,32
236,54,32
237,54,32
238,54,32
239,54,32
240,54,32
241,54,32
242,54,32
243,54,32
244,54,32
245,54,32
246,54,32
247,54,32
248,54,32
249,54,32
250,54,32
251,54,32
252,54,32
253,54,32
254,54,32
255,54,32
256,54,32
257,54,32
258,54,32
259,54,32
260,54,32
261,54,32
262,54,32
263,54,32
264,54,32
265,54,32
266,54,32
267,54,32
268,54,32
269,54,32
270,54,32
271,54,32
272,54,32
273,54,32
274,54,32
275,54,32
276,54,32
277,54,32
278,54,32
279,54,32
280,54,32
281,54,32
282,54,32
283,54,32
284,54,32
285,54,32
286,54,32
287,54,32
288,54,32
289,54,32
290,54,32
291,54,32
292,54,32
293,54,32
294,54,32
295,54,32
296,54,32
297,54,32
298,54,32
299,54,32
300,54,32
301,54,32
302,54,32
303,54,32
304,54,32
305,54,32
306,54,32
307,54,32
308,54,32
309,54,32
310,54,32
311,54,32
312,54,32
313,54,32
314,54,32
315,54,32
316,54,32
317,54,32
318,54,32
319,54,32
0,55,32
1,55,32
2,55,32
3,55,32
4,55,32
5,55,32
6,55,32
7,55,32
8,55,32
9,55,32
10,55,32
11,55,32
12,55,32
13,55,32
14,55,32
15,55,32
16,55,32
17,55,32
18,55,32
19,55,32
20,55,32
21,55,32
22,55,32
23,55,32
24,55,32
25,55,32
26,55,32
27,55,32
28,55,32
29,55,32
30,55,32
31,55,32
32,55,32
33,55,32
34,55,32
35,55,32
36,55,32
37,55,32
38,55,32
39,55,32
40,55,32
41,55,32
42,55,32
43,55,32
44,55,32
45,55,32
46,55,32
47,55,32
48,55,32
49,55,32
50,55,32
51,55,32
52,55,32
53,55,32
54,55,32
55,55,32
56,55,32
57,55,32
58,55,32
59,55,32
60,55,32
61,55,32
62,55,32
63,55,32
64,55,32
65,55,32
66,55,32
67,55,32
68,55,32
69,55,32
70,55,32
71,55,32
72,55,32
73,55,32
74,55,32
75,55,32
76,55,32
77,55,32
78,55,32
79,55,32
80,55,32
81,55,32
82,55,32
83,55,32
84,55,32
85,55,32
86,55,32
87,55,32
88,55,32
89,55,32
90,55,32
91,55,32
92,55,32
93,55,32
94,55,32
95,55,32
96,55,32
97,55,32
98,55,32
99,55,32
100,55,32
101,55,32
102,55,32
103,55,32
104,55,32
105,55,32
106,55,32
107,55,32
108,55,32
109,55,32
110,55,32
111,55,32
112,55,32
113,55,32
114,55,32
115,55,32
116,55,32
117,55,32
118,55,32
119,55,32
120,55,32
121,55,32
122,55,32
123,55,32
124,55,32
125,55,32
126,55,32
127,55,32
128,55,32
129,55,32
130,55,32
131,55,32
132,55,32
133,55,32
134,55,32
135,55,32
136,55,32
137,55,32
138,55,32
139,55,32
140,55,32
141,55,32
142,55,32
143,55,32
144,55,32
145,55,32
146,55,32
147,55,32
148,55,32
149,55,32
150,55,32
151,55,32
152,55,32
153,55,32
154,55,32
155,55,32
156,55,32
157,55,32
158,55,32
159,55,32
160,55,32
161,55,32
162,55,32
163,55,32
164,55,32
165,55,32
166,55,32
167,55,32
168,55,32
169,55,32
170,55,32
171,55,32
172,55,32
173,55,32
174,55,32
175,55,32
176,55,32
177,55,32
178,55,32
179,55,32
180,55,32
181,55,32
182,55,32
183,55,32
184,55,32
185,55,32
186,55,32
187,55,32
188,55,32
189,55,32
190,55,32
191,55,32
192,55,32
193,55,32
194,55,32
195,55,32
196,55,32
197,55,32
198,55,32
199,55,32
200,55,32
201,55,32
202,55,32
203,55,32
204,55,32
205,55,32
206,55,32
207,55,32
208,55,32
209,55,32
210,55,32
211,55,32
212,55,32
213,55,32
214,55,32
215,55,32
216,55,32
217,55,32
218,55,32
219,55,32
220,55,32
221,55,32
222,55,32
223,55,32
224,55,32
225,55,32
226,55,32
227,55,32
228,55,32
229,55,32
230,55,32
231,55,32
232,55,32
233,55,32
234,55,32
235,55,32
236,55,32
237,55,32
238,55,32
239,55,32
240,55,32
241,55,32
242,55,32
243,55,32
244,55,32
245,55,32
246,55,32
247,55,32
248,55,32
249,55,32
250,55,32
251,55,32
252,55,32
253,55,32
254,55,32
255,55,32
256,55,32
257,55,32
258,55,32
259,55,32
260,55,32
261,55,32
262,55,32
263,55,32
264,55,32
265,55,32
266,55,32
267,55,32
268,55,32
269,55,32
270,55,32
271,55,32
272,55,32
273,55,32
274,55,32
275,55,32
276,55,32
277,55,32
278,55,32
279,55,32
280,55,32
281,55,32
282,55,32
283,55,32
284,55,32
285,55,32
286,55,32
287,55,32
288,55,32
289,55,32
290,55,32
291,55,32
292,55,32
293,55,32
294,55,32
295,55,32
296,55,32
297,55,32
298,55,32
299,55,32
300,55,32
301,55,32
302,55,32
303,55,32
304,55,32
305,55,32
306,55,32
307,55,32
308,55,32
309,55,32
310,55,32
311,55,32
312,55,32
313,55,32
314,55,32
315,55,32
316,55,32
317,55,32
318,55,32
319,55,32
0,56,32
1,56,32
2,56,32
3,56,32
4,56,32
5,56,32
6,56,32
7,56,32
8,56,32
9,56,32
10,56,32
11,56,32
12,56,32
13,56,32
14,56,32
15,56,32
16,56,32
17,56,32
18,56,32
19,56,32
20,56,32
21,56,32
22,56,32
23,56,32
24,56,32
25,56,32
26,56,32
27,56,32
28,56,32
29,56,32
30,56,32
31,56,32
32,56,32
33,56,32
34,56,32
35,56,32
36,56,32
37,56,32
38,56,32
39,56,32
40,56,32
41,56,32
42,56,32
43,56,32
44,56,32
45,56,32
46,56,32
47,56,32
48,56,32
49,56,32
50,56,32
51,56,32
52,56,32
53,56,32
54,56,32
55,56,32
56,56,32
57,56,32
58,56,32
59,56,32
60,56,32
61,56,32
62,56,32
63,56,32
64,56,32
65,56,32
66,56,32
67,56,32
68,56,32
69,56,32
70,56,32
71,56,32
72,56,32
73,56,32
74,56,32
75,56,32
76,56,32
77,56,32
78,56,32
79,56,32
80,56,32
81,56,32
82,56,32
83,56,32
84,56,32
85,56,32
86,56,32
87,56,32
88,56,32
89,56,32
90,56,32
91,56,32
92,56,32
93,56,32
94,56,32
95,56,32
96,56,32
97,56,32
98,56,32
99,56,32
100,56,32
101,56,32
102,56,32
103,56,32
104,56,32
105,56,32
106,56,32
107,56,32
108,56,32
109,56,32
110,56,32
111,56,32
112,56,32
113,56,32
114,56,32
115,56,32
116,56,32
117,56,32
118,56,32
119,56,32
120,56,32
121,56,32
122,56,32
123,56,32
124,56,32
125,56,32
126,56,32
127,56,32
128,56,32
129,56,32
130,56,32
131,56,32
132,56,32
133,56,32
134,56,32
135,56,32
136,56,32
137,56,32
138,56,32
139,56,32
140,56,32
141,56,32
142,56,32
143,56,32
144,56,32
145,56,32
146,56,32
147,56,32
148,56,32
149,56,32
150,56,32
151,56,32
152,56,32
153,56,32
154,56,32
155,56,32
156,56,32
157,56,32
158,56,32
159,56,32
160,56,32
161,56,32
162,56,32
163,56,32
164,56,32
165,56,32
166,56,32
167,56,32
168,56,32
169,56,32
170,56,32
171,56,32
172,56,32
173,56,32
174,56,32
175,56,32
176,56,32
177,56,32
178,56,32
179,56,32
180,56,32
181,56,32
182,56,32
183,56,32
184,56,32
185,56,32
186,56,32
187,56,32
188,56,32
189,56,32
190,56,32
191,56,32
192,56,32
193,56,32
194,56,32
195,56,32
196,56,32
197,56,32
198,56,32
199,56,32
200,56,32
201,56,32
202,56,32
203,56,32
204,56,32
205,56,32
206,56,32
207,56,32
208,56,32
209,56,32
210,56,32
211,56,32
212,56,32
213,56,32
214,56,32
215,56,32
216,56,32
217,56,32
218,56,32
219,56,32
220,56,32
221,56,32
222,56,32
223,56,32
224,56,32
225,56,32
226,56,32
227,56,32
228,56,32
229,56,32
230,56,32
231,56,32
232,56,32
233,56,32
234,56,32
235,56,32
236,56,32
237,56,32
238,56,32
239,56,32
240,56,32
241,56,32
242,56,32
243,56,32
244,56,32
245,56,32
246,56,32
247,56,32
248,56,32
249,56,32
250,56,32
251,56,32
252,56,32
253,56,32
254,56,32
255,56,32
256,56,32
257,56,32
258,56,32
259,56,32
260,56,32
261,56,32
262,56,32
263,56,32
264,56,32
265,56,32
266,56,32
267,56,32
268,56,32
269,56,32
270,56,32
271,56,32
272,56,32
273,56,32
274,56,32
275,56,32
276,56,32
277,56,32
278,56,32
279,56,32
280,56,32
281,56,32
282,56,32
283,56,32
284,56,32
285,56,32
286,56,32
287,56,32
288,56,32
289,56,32
290,56,32
291,56,32
292,56,32
293,56,32
294,56,32
295,56,32
296,56,32
297,56,32
298,56,32
299,56,32
300,56,32
301,56,32
302,56,32
303,56,32
304,56,32
305,56,32
306,56,32
307,56,32
308,56,32
309,56,32
310,56,32
311,56,32
312,56,32
313,56,32
314,56,32
315,56,32
316,56,32
317,56,32
318,56,32
319,56,32
0,57,32
1,57,32
2,57,32
3,57,32
4,57,32
5,57,32
6,57,32
7,57,32
8,57,32
9,57,32
10,57,32
11,57,32
12,57,32
13,57,32
14,57,32
15,57,32
16,57,32
17,57,32
18,57,32
19,57,32
20,57,32
21,57,32
22,57,32
23,57,32
24,57,32
25,57,32
26,57,32
27,57,32
28,57,32
29,57,32
30,57,32
31,57,32
32,57,32
33,57,32
34,57,32
35,57,32
36,57,32
37,57,32
38,57,32
39,57,32
40,57,32
41,57,32
42,57,32
43,57,32
44,57,32
45,57,32
46,57,32
47,57,32
48,57,32
49,57,32
50,57,32
51,57,32
52,57,32
53,57,32
54,57,32
55,57,32
56,57,32
57,57,32
58,57,32
59,57,32
60,57,32
61,57,32
62,57,32
63,57,32
64,57,32
65,57,32
66,57,32
67,57,32
68,57,32
69,57,32
70,57,32
71,57,32
72,57,32
73,57,32
74,57,32
75,57,32
76,57,32
77,57,32
78,57,32
79,57,32
80,57,32
81,57,32
82,57,32
83,57,32
84,57,32
85,57,32
86,57,32
87,57,32
88,57,32
89,57,32
90,57,32
91,57,32
92,57,32
93,57,32
94,57,32
95,57,32
96,57,32
97,57,32
98,57,32
99,57,32
100,57,32
101,57,32
102,57,32
103,57,32
104,57,32
105,57,32
106,57,32
107,57,32
108,57,32
109,57,32
110,57,32
111,57,32
112,57,32
113,57,32
114,57,32
115,57,32
116,57,32
117,57,32
118,57,32
119,57,32
120,57,32
121,57,32
122,57,32
123,57,32
124,57,32
125,57,32
126,57,32
127,57,32
128,57,32
129,57,32
130,57,32
131,57,32
132,57,32
133,57,32
134,57,32
135,57,32
136,57,32
137,57,32
138,57,32
139,57,32
140,57,32
141,57,32
142,57,32
143,57,32
144,57,32
145,57,32
146,57,32
147,57,32
148,57,32
149,57,32
150,57,32
151,57,32
152,57,32
153,57,32
154,57,32
155,57,32
156,57,32
157,57,32
158,57,32
159,57,32
160,57,32
161,57,32
162,57,32
163,57,32
164,57,32
165,57,32
166,57,32
167,57,32
168,57,32
169,57,32
170,57,32
171,57,32
172,57,32
173,57,32
174,57,32
175,57,32
176,57,32
177,57,32
178,57,32
179,57,32
180,57,32
181,57,32
182,57,32
183,57,32
184,57,32
185,57,32
186,57,32
187,57,32
188,57,32
189,57,32
190,57,32
191,57,32
192,57,32
193,57,32
194,57,32
195,57,32
196,57,32
197,57,32
198,57,32
199,57,32
200,57,32
201,57,32
202,57,32
203,57,32
204,57,32
205,57,32
206,57,32
207,57,32
208,57,32
209,57,32
210,57,32
211,57,32
212,57,32
213,57,32
214,57,32
215,57,32
216,57,32
217,57,32
218,57,32
219,57,32
220,57,32
221,57,32
222,57,32
223,57,32
224,57,32
225,57,32
226,57,32
227,57,32
228,57,32
229,57,32
230,57,32
231,57,32
232,57,32
233,57,32
234,57,32
235,57,32
236,57,32
237,57,32
238,57,32
239,57,32
240,57,32
241,57,32
242,57,32
243,57,32
244,57,32
245,57,32
246,57,32
247,57,32
248,57,32
249,57,32
250,57,32
251,57,32
252,57,32
253,57,32
254,57,32
255,57,32
256,57,32
257,57,32
258,57,32
259,57,32
260,57,32
261,57,32
262,57,32
263,57,32
264,57,32
265,57,32
266,57,32
267,57,32
268,57,32
269,57,32
270,57,32
271,57,32
272,57,32
273,57,32
274,57,32
275,57,32
276,57,32
277,57,32
278,57,32
279,57,32
280,57,32
281,57,32
282,57,32
283,57,32
284,57,32
285,57,32
286,57,32
287,57,32
288,57,32
289,57,32
290,57,32
291,57,32
292,57,32
293,57,32
294,57,32
295,57,32
296,57,32
297,57,32
298,57,32
299,57,32
300,57,32
301,57,32
302,57,32
303,57,32
304,57,32
305,57,32
306,57,32
307,57,32
308,57,32
309,57,32
310,57,32
311,57,32
312,57,32
313,57,32
314,57,32
315,57,32
316,57,32
317,57,32
318,57,32
319,57,32
0,58,32
1,58,32
2,58,32
3,58,32
4,58,32
5,58,32
6,58,32
7,58,32
8,58,32
9,58,32
10,58,32
11,58,32
12,58,32
13,58,32
14,58,32
15,58,32
16,58,32
17,58,32
18,58,32
19,58,32
20,58,32
21,58,32
22,58,32
23,58,32
24,58,32
25,58,32
26,58,32
27,58,32
28,58,32
29,58,32
30,58,32
31,58,32
32,58,32
33,58,32
34,58,32
35,58,32
36,58,32
37,58,32
38,58,32
39,58,32
40,58,32
41,58,32
42,58,32
43,58,32
44,58,32
45,58,32
46,58,32
47,58,32
48,58,32
49,58,32
50,58,32
51,58,32
52,58,32
53,58,32
54,58,32
55,58,32
56,58,32
57,58,32
58,58,32
59,58,32
60,58,32
61,58,32
62,58,32
63,58,32
64,58,32
65,58,32
66,58,32
67,58,32
68,58,32
69,58,32
70,58,32
71,58,32
72,58,32
73,58,32
74,58,32
75,58,32
76,58,32
77,58,32
78,58,32
79,58,32
80,58,32
81,58,32
82,58,32
83,58,32
84,58,32
85,58,32
86,58,32
87,58,32
88,58,32
89,58,32
90,58,32
91,58,32
92,58,32
93,58,32
94,58,32
95,58,32
96,58,32
97,58,32
98,58,32
99,58,32
100,58,32
101,58,32
102,58,32
103,58,32
104,58,32
105,58,32
106,58,32
107,58,32
108,58,32
109,58,32
110,58,32
111,58,32
112,58,32
113,58,32
114,58,32
115,58,32
116,58,32
117,58,32
118,58,32
119,58,32
120,58,32
121,58,32
122,58,32
123,58,32
124,58,32
125,58,32
126,58,32
127,58,32
128,58,32
129,58,32
130,58,32
131,58,32
132,58,32
133,58,32
134,58,32
135,58,32
136,58,32
137,58,32
138,58,32
139,58,32
140,58,32
141,58,32
142,58,32
143,58,32
144,58,32
145,58,32
146,58,32
147,58,32
148,58,32
149,58,32
150,58,32
151,58,32
152,58,32
153,58,32
154,58,32
155,58,32
156,58,32
157,58,32
158,58,32
159,58,32
160,58,32
161,58,32
162,58,32
163,58,32
164,58,32
165,58,32
166,58,32
167,58,32
168,58,32
169,58,32
170,58,32
171,58,32
172,58,32
173,58,32
174,58,32
175,58,32
176,58,32
177,58,32
178,58,32
179,58,32
180,58,32
181,58,32
182,58,32
183,58,32
184,58,32
185,58,32
186,58,32
187,58,32
188,58,32
189,58,32
190,58,32
191,58,32
192,58,32
193,58,32
194,58,32
195,58,32
196,58,32
197,58,32
198,58,32
199,58,32
200,58,32
201,58,32
202,58,32
203,58,32
204,58,32
205,58,32
206,58,32
207,58,32
208,58,32
209,58,32
210,58,32
211,58,32
212,58,32
213,58,32
214,58,32
215,58,32
216,58,32
217,58,32
218,58,32
219,58,32
220,58,32
221,58,32
222,58,32
223,58,32
224,58,32
225,58,32
226,58,32
227,58,32
228,58,32
229,58,32
230,58,32
231,58,32
232,58,32
233,58,32
234,58,32
235,58,32
236,58,32
237,58,32
238,58,32
239,58,32
240,58,32
241,58,32
242,58,32
243,58,32
244,58,32
245,58,32
246,58,32
247,58,32
248,58,32
249,58,32
250,58,32
251,58,32
252,58,32
253,58,32
254,58,32
255,58,32
256,58,32
257,58,32
258,58,32
259,58,32
260,58,32
261,58,32
262,58,32
263,58,32
264,58,32
265,58,32
266,58,32
267,58,32
268,58,32
269,58,32
270,58,32
271,58,32
272,58,32
273,58,32
274,58,32
275,58,32
276,58,32
277,58,32
278,58,32
279,58,32
280,58,32
281,58,32
282,58,32
283,58,32
284,58,32
285,58,32
286,58,32
287,58,32
288,58,32
289,58,32
290,58,32
291,58,32
292,58,32
293,58,32
294,58,32
295,58,32
296,58,32
297,58,32
298,58,32
299,58,32
300,58,32
301,58,32
302,58,32
303,58,32
304,58,32
305,58,32
306,58,32
307,58,32
308,58,32
309,58,32
310,58,32
311,58,32
312,58,32
313,58,32
314,58,32
315,58,32
316,58,32
317,58,32
318,58,32
319,58,32
0,59,32
1,59,32
2,59,32
3,59,32
4,59,32
5,59,32
6,59,32
7,59,32
8,59,32
9,59,32
10,59,32
11,59,32
12,59,32
13,59,32
14,59,32
15,59,32
16,59,32
17,59,32
18,59,32
19,59,32
20,59,32
21,59,32
22,59,32
23,59,32
24,59,32
25,59,32
26,59,32
27,59,32
28,59,32
29,59,32
30,59,32
31,59,32
32,59,32
33,59,32
34,59,32
35,59,32
36,59,32
37,59,32
38,59,32
39,59,32
40,59,32
41,59,32
42,59,32
43,59,32
44,59,32
45,59,32
46,59,32
47,59,32
48,59,32
49,59,32
50,59,32
51,59,32
52,59,32
53,59,32
54,59,32
55,59,32
56,59,32
57,59,32
58,59,32
59,59,32
60,59,32
61,59,32
62,59,32
63,59,32
64,59,32
65,59,32
66,59,32
67,59,32
68,59,32
69,59,32
70,59,32
71,59,32
72,59,32
73,59,32
74,59,32
75,59,32
76,59,32
77,59,32
78,59,32
79,59,32
80,59,32
81,59,32
82,59,32
83,59,32
84,59,32
85,59,32
86,59,32
87,59,32
88,59,32
89,59,32
90,59,32
91,59,32
92,59,32
93,59,32
94,59,32
95,59,32
96,59,32
97,59,32
98,59,32
99,59,32
100,59,32
101,59,32
102,59,32
103,59,32
104,59,32
105,59,32
106,59,32
107,59,32
108,59,32
109,59,32
110,59,32
111,59,32
112,59,32
113,59,32
114,59,32
115,59,32
116,59,32
117,59,32
118,59,32
119,59,32
120,59,32
121,59,32
122,59,32
123,59,32
124,59,32
125,59,32
126,59,32
127,59,32
128,59,32
129,59,32
130,59,32
131,59,32
132,59,32
133,59,32
134,59,32
135,59,32
136,59,32
137,59,32
138,59,32
139,59,32
140,59,32
141,59,32
142,59,32
143,59,32
144,59,32
145,59,32
146,59,32
147,59,32
148,59,32
149,59,32
150,59,32
151,59,32
152,59,32
153,59,32
154,59,32
155,59,32
156,59,32
157,59,32
158,59,32
159,59,32
160,59,32
161,59,32
162,59,32
163,59,32
164,59,32
165,59,32
166,59,32
167,59,32
168,59,32
169,59,32
170,59,32
171,59,32
172,59,32
173,59,32
174,59,32
175,59,32
176,59,32
177,59,32
178,59,32
179,59,32
180,59,32
181,59,32
182,59,32
183,59,32
184,59,32
185,59,32
186,59,32
187,59,32
188,59,32
189,59,32
190,59,32
191,59,32
192,59,32
193,59,32
194,59,32
195,59,32
196,59,32
197,59,32
198,59,32
199,59,32
200,59,32
201,59,32
202,59,32
203,59,32
204,59,32
205,59,32
206,59,32
207,59,32
208,59,32
209,59,32
210,59,32
211,59,32
212,59,32
213,59,32
214,59,32
215,59,32
216,59,32
217,59,32
218,59,32
219,59,32
220,59,32
221,59,32
222,59,32
223,59,32
224,59,32
225,59,32
226,59,32
227,59,32
228,59,32
229,59,32
230,59,32
231,59,32
232,59,32
233,59,32
234,59,32
235,59,32
236,59,32
237,59,32
238,59,32
239,59,32
240,59,32
241,59,32
242,59,32
243,59,32
244,59,32
245,59,32
246,59,32
247,59,32
248,59,32
249,59,32
250,59,32
251,59,32
252,59,32
253,59,32
254,59,32
255,59,32
256,59,32
257,59,32
258,59,32
259,59,32
260,59,32
261,59,32
262,59,32
263,59,32
264,59,32
265,59,32
266,59,32
267,59,32
268,59,32
269,59,32
270,59,32
271,59,32
272,59,32
273,59,32
274,59,32
275,59,32
276,59,32
277,59,32
278,59,32
279,59,32
280,59,32
281,59,32
282,59,32
283,59,32
284,59,32
285,59,32
286,59,32
287,59,32
288,59,32
289,59,32
290,59,32
291,59,32
292,59,32
293,59,32
294,59,32
295,59,32
296,59,32
297,59,32
298,59,32
299,59,32
300,59,32
301,59,32
302,59,32
303,59,32
304,59,32
305,59,32
306,59,32
307,59,32
308,59,32
309,59,32
310,59,32
311,59,32
312,59,32
313,59,32
314,59,32
315,59,32
316,59,32
317,59,32
318,59,32
319,59,32
0,60,32
1,60,32
2,60,32
3,60,32
4,60,32
5,60,32
6,60,32
7,60,32
8,60,32
9,60,32
10,60,32
11,60,32
12,60,32
13,60,32
14,60,32
15,60,32
16,60,32
17,60,32
18,60,32
19,60,32
20,60,32
21,60,32
22,60,32
23,60,32
24,60,32
25,60,32
26,60,32
27,60,32
28,60,32
29,60,32
30,60,32
31,60,32
32,60,32
33,60,32
34,60,32
35,60,32
36,60,32
37,60,32
38,60,32
39,60,32
40,60,32
41,60,32
42,60,32
43,60,32
44,60,32
45,60,32
46,60,32
47,60,32
48,60,32
49,60,32
50,60,32
51,60,32
52,60,32
53,60,32
54,60,32
55,60,32
56,60,32
57,60,32
58,60,32
59,60,32
60,60,32
61,60,32
62,60,32
63,60,32
64,60,32
65,60,32
66,60,32
67,60,32
68,60,32
69,60,32
70,60,32
71,60,32
72,60,32
73,60,32
74,60,32
75,60,32
76,60,32
77,60,32
78,60,32
79,60,32
80,60,32
81,60,32
82,60,32
83,60,32
84,60,32
85,60,32
86,60,32
87,60,32
88,60,32
89,60,32
90,60,32
91,60,32
92,60,32
93,60,32
94,60,32
95,60,32
96,60,32
97,60,32
98,60,32
99,60,32
100,60,32
101,60,32
102,60,32
103,60,32
104,60,32
105,60,32
106,60,32
107,60,32
108,60,32
109,60,32
110,60,32
111,60,32
112,60,32
113,60,32
114,60,32
115,60,32
116,60,32
117,60,32
118,60,32
119,60,32
120,60,32
121,60,32
122,60,32
123,60,32
124,60,32
125,60,32
126,60,32
127,60,32
128,60,32
129,60,32
130,60,32
131,60,32
132,60,32
133,60,32
134,60,32
135,60,32
136,60,32
137,60,32
138,60,32
139,60,32
140,60,32
141,60,32
142,60,32
143,60,32
144,60,32
145,60,32
146,60,32
147,60,32
148,60,32
149,60,32
150,60,32
151,60,32
152,60,32
153,60,32
154,60,32
155,60,32
156,60,32
157,60,32
158,60,32
159,60,32
160,60,32
161,60,32
162,60,32
163,60,32
164,60,32
165,60,32
166,60,32
167,60,32
168,60,32
169,60,32
170,60,32
171,60,32
172,60,32
173,60,32
174,60,32
175,60,32
176,60,32
177,60,32
178,60,32
179,60,32
180,60,32
181,60,32
182,60,32
183,60,32
184,60,32
185,60,32
186,60,32
187,60,32
188,60,32
189,60,32
190,60,32
191,60,32
192,60,32
193,60,32
194,60,32
195,60,32
196,60,32
197,60,32
198,60,32
199,60,32
200,60,32
201,60,32
202,60,32
203,60,32
204,60,32
205,60,32
206,60,32
207,60,32
208,60,32
209,60,32
210,60,32
211,60,32
212,60,32
213,60,32
214,60,32
215,60,32
216,60,32
217,60,32
218,60,32
219,60,32
220,60,32
221,60,32
222,60,32
223,60,32
224,60,32
225,60,32
226,60,32
227,60,32
228,60,32
229,60,32
230,60,32
231,60,32
232,60,32
233,60,32
234,60,32
235,60,32
236,60,32
237,60,32
238,60,32
239,60,32
240,60,32
241,60,32
242,60,32
243,60,32
244,60,32
245,60,32
246,60,32
247,60,32
248,60,32
249,60,32
250,60,32
251,60,32
252,60,32
253,60,32
254,60,32
255,60,32
256,60,32
257,60,32
258,60,32
259,60,32
260,60,32
261,60,32
262,60,32
263,60,32
264,60,32
265,60,32
266,60,32
267,60,32
268,60,32
269,60,32
270,60,32
271,60,32
272,60,32
273,60,32
274,60,32
275,60,32
276,60,32
277,60,32
278,60,32
279,60,32
280,60,32
281,60,32
282,60,32
283,60,32
284,60,32
285,60,32
286,60,32
287,60,32
288,60,32
289,60,32
290,60,32
291,60,32
292,60,32
293,60,32
294,60,32
295,60,32
296,60,32
297,60,32
298,60,32
299,60,32
300,60,32
301,60,32
302,60,32
303,60,32
304,60,32
305,60,32
306,60,32
307,60,32
308,60,32
309,60,32
310,60,32
311,60,32
312,60,32
313,60,32
314,60,32
315,60,32
316,60,32
317,60,32
318,60,32
319,60,32
0,61,32
1,61,32
2,61,32
3,61,32
4,61,32
5,61,32
6,61,32
7,61,32
8,61,32
9,61,32
10,61,32
11,61,32
12,61,32
13,61,32
14,61,32
15,61,32
16,61,32
17,61,32
18,61,32
19,61,32
20,61,32
21,61,32
22,61,32
23,61,32
24,61,32
25,61,32
26,61,32
27,61,32
28,61,32
29,61,32
30,61,32
31,61,32
32,61,32
33,61,32
34,61,32
35,61,32
36,61,32
37,61,32
38,61,32
39,61,32
40,61,32
41,61,32
42,61,32
43,61,32
44,61,32
45,61,32
46,61,32
47,61,32
48,61,32
49,61,32
50,61,32
51,61,32
52,61,32
53,61,32
54,61,32
55,61,32
56,61,32
57,61,32
58,61,32
59,61,32
60,61,32
61,61,32
62,61,32
63,61,32
64,61,32
65,61,32
66,61,32
67,61,32
68,61,32
69,61,32
70,61,32
71,61,32
72,61,32
73,61,32
74,61,32
75,61,32
76,61,32
77,61,32
78,61,32
79,61,32
80,61,32
81,61,32
82,61,32
83,61,32
84,61,32
85,61,32
86,61,32
87,61,32
88,61,32
89,61,32
90,61,32
91,61,32
92,61,32
93,61,32
94,61,32
95,61,32
96,61,32
97,61,32
98,61,32
99,61,32
100,61,32
101,61,32
102,61,32
103,61,32
104,61,32
105,61,32
106,61,32
107,61,32
108,61,32
109,61,32
110,61,32
111,61,32
112,61,32
113,61,32
114,61,32
115,61,32
116,61,32
117,61,32
118,61,32
119,61,32
120,61,32
121,61,32
122,61,32
123,61,32
124,61,32
125,61,32
126,61,32
127,61,32
128,61,32
129,61,32
130,61,32
131,61,32
132,61,32
133,61,32
134,61,32
135,61,32
136,61,32
137,61,32
138,61,32
139,61,32
140,61,32
141,61,32
142,61,32
143,61,32
144,61,32
145,61,32
146,61,32
147,61,32
148,61,32
149,61,32
150,61,32
151,61,32
152,61,32
153,61,32
154,61,32
155,61,32
156,61,32
157,61,32
158,61,32
159,61,32
160,61,32
161,61,32
162,61,32
163,61,32
164,61,32
165,61,32
166,61,32
167,61,32
168,61,32
169,61,32
170,61,32
171,61,32
172,61,32
173,61,32
174,61,32
175,61,32
176,61,32
177,61,32
178,61,32
179,61,32
180,61,32
181,61,32
182,61,32
183,61,32
184,61,32
185,61,32
186,61,32
187,61,32
188,61,32
189,61,32
190,61,32
191,61,32
192,61,32
193,61,32
194,61,32
195,61,32
196,61,32
197,61,32
198,61,32
199,61,32
200,61,32
201,61,32
202,61,32
203,61,32
204,61,32
205,61,32
206,61,32
207,61,32
208,61,32
209,61,32
210,61,32
211,61,32
212,61,32
213,61,32
214,61,32
215,61,32
216,61,32
217,61,32
218,61,32
219,61,32
220,61,32
221,61,32
222,61,32
223,61,32
224,61,32
225,61,32
226,61,32
227,61,32
228,61,32
229,61,32
230,61,32
231,61,32
232,61,32
233,61,32
234,61,32
235,61,32
236,61,32
237,61,32
238,61,32
239,61,32
240,61,32
241,61,32
242,61,32
243,61,32
244,61,32
245,61,32
246,61,32
247,61,32
248,61,32
249,61,32
250,61,32
251,61,32
252,61,32
253,61,32
254,61,32
255,61,32
256,61,32
257,61,32
258,61,32
259,61,32
260,61,32
261,61,32
262,61,32
263,61,32
264,61,32
265,61,32
266,61,32
267,61,32
268,61,32
269,61,32
270,61,32
271,61,32
272,61,32
273,61,32
274,61,32
275,61,32
276,61,32
277,61,32
278,61,32
279,61,32
280,61,32
281,61,32
282,61,32
283,61,32
284,61,32
285,61,32
286,61,32
287,61,32
288,61,32
289,61,32
290,61,32
291,61,32
292,61,32
293,61,32
294,61,32
295,61,32
296,61,32
297,61,32
298,61,32
299,61,32
300,61,32
301,61,32
302,61,32
303,61,32
304,61,32
305,61,32
306,61,32
307,61,32
308,61,32
309,61,32
310,61,32
311,61,32
312,61,32
313,61,32
314,61,32
315,61,32
316,61,32
317,61,32
318,61,32
319,61,32
0,62,32
1,62,32
2,62,32
3,62,32
4,62,32
5,62,32
6,62,32
7,62,32
8,62,32
9,62,32
10,62,32
11,62,32
12,62,32
13,62,32
14,62,32
15,62,32
16,62,32
17,62,32
18,62,32
19,62,32
20,62,32
21,62,32
22,62,32
23,62,32
24,62,32
25,62,32
26,62,32
27,62,32
28,62,32
29,62,32
30,62,32
31,62,32
32,62,32
33,62,32
34,62,32
35,62,32
36,62,32
37,62,32
38,62,32
39,62,32
40,62,32
41,62,32
42,62,32
43,62,32
44,62,32
45,62,32
46,62,32
47,62,32
48,62,32
49,62,32
50,62,32
51,62,32
52,62,32
53,62,32
54,62,32
55,62,32
56,62,32
57,62,32
58,62,32
59,62,32
60,62,32
61,62,32
62,62,32
63,62,32
64,62,32
65,62,32
66,62,32
67,62,32
68,62,32
69,62,32
70,62,32
71,62,32
72,62,32
73,62,32
74,62,32
75,62,32
76,62,32
77,62,32
78,62,32
79,62,32
80,62,32
81,62,32
82,62,32
83,62,32
84,62,32
85,62,32
86,62,32
87,62,32
88,62,32
89,62,32
90,62,32
91,62,32
92,62,32
93,62,32
94,62,32
95,62,32
96,62,32
97,62,32
98,62,32
99,62,32
100,62,32
101,62,32
102,62,32
103,62,32
104,62,32
105,62,32
106,62,32
107,62,32
108,62,32
109,62,32
110,62,32
111,62,32
112,62,32
113,62,32
114,62,32
115,62,32
116,62,32
117,62,32
118,62,32
119,62,32
120,62,32
121,62,32
122,62,32
123,62,32
124,62,32
125,62,32
126,62,32
127,62,32
128,62,32
129,62,32
130,62,32
131,62,32
132,62,32
133,62,32
134,62,32
135,62,32
136,62,32
137,62,32
138,62,32
139,62,32
140,62,32
141,62,32
142,62,32
143,62,32
144,62,32
145,62,32
146,62,32
147,62,32
148,62,32
149,62,32
150,62,32
151,62,32
152,62,32
153,62,32
154,62,32
155,62,32
156,62,32
157,62,32
158,62,32
159,62,32
160,62,32
161,62,32
162,62,32
163,62,32
164,62,32
165,62,32
166,62,32
167,62,32
168,62,32
169,62,32
170,62,32
171,62,32
172,62,32
173,62,32
174,62,32
175,62,32
176,62,32
177,62,32
178,62,32
179,62,32
180,62,32
181,62,32
182,62,32
183,62,32
184,62,32
185,62,32
186,62,32
187,62,32
188,62,32
189,62,32
190,62,32
191,62,32
192,62,32
193,62,32
194,62,32
195,62,32
196,62,32
197,62,32
198,62,32
199,62,32
200,62,32
201,62,32
202,62,32
203,62,32
204,62,32
205,62,32
206,62,32
207,62,32
208,62,32
209,62,32
210,62,32
211,62,32
212,62,32
213,62,32
214,62,32
215,62,32
216,62,32
217,62,32
218,62,32
219,62,32
220,62,32
221,62,32
222,62,32
223,62,32
224,62,32
225,62,32
226,62,32
227,62,32
228,62,32
229,62,32
230,62,32
231,62,32
232,62,32
233,62,32
234,62,32
235,62,32
236,62,32
237,62,32
238,62,32
239,62,32
240,62,32
241,62,32
242,62,32
243,62,32
244,62,32
245,62,32
246,62,32
247,62,32
248,62,32
249,62,32
250,62,32
251,62,32
252,62,32
253,62,32
254,62,32
255,62,32
256,62,32
257,62,32
258,62,32
259,62,32
260,62,32
261,62,32
262,62,32
263,62,32
264,62,32
265,62,32
266,62,32
267,62,32
268,62,32
269,62,32
270,62,32
271,62,32
272,62,32
273,62,32
274,62,32
275,62,32
276,62,32
277,62,32
278,62,32
279,62,32
280,62,32
281,62,32
282,62,32
283,62,32
284,62,32
285,62,32
286,62,32
287,62,32
288,62,32
289,62,32
290,62,32
291,62,32
292,62,32
293,62,32
294,62,32
295,62,32
296,62,32
297,62,32
298,62,32
299,62,32
300,62,32
301,62,32
302,62,32
303,62,32
304,62,32
305,62,32
306,62,32
307,62,32
308,62,32
309,62,32
310,62,32
311,62,32
312,62,32
313,62,32
314,62,32
315,62,32
316,62,32
317,62,32
318,62,32
319,62,32
0,63,32
1,63,32
2,63,32
3,63,32
4,63,32
5,63,32
6,63,32
7,63,32
8,63,32
9,63,32
10,63,32
11,63,32
12,63,32
13,63,32
14,63,32
15,63,32
16,63,32
17,63,32
18,63,32
19,63,32
20,63,32
21,63,32
22,63,32
23,63,32
24,63,32
25,63,32
26,63,32
27,63,32
28,63,32
29,63,32
30,63,32
31,63,32
32,63,32
33,63,32
34,63,32
35,63,32
36,63,32
37,63,32
38,63,32
39,63,32
40,63,32
41,63,32
42,63,32
43,63,32
44,63,32
45,63,32
46,63,32
47,63,32
48,63,32
49,63,32
50,63,32
51,63,32
52,63,32
53,63,32
54,63,32
55,63,32
56,63,32
57,63,32
58,63,32
59,63,32
60,63,32
61,63,32
62,63,32
63,63,32
64,63,32
65,63,32
66,63,32
67,63,32
68,63,32
69,63,32
70,63,32
71,63,32
72,63,32
73,63,32
74,63,32
75,63,32
76,63,32
77,63,32
78,63,32
79,63,32
80,63,32
81,63,32
82,63,32
83,63,32
84,63,32
85,63,32
86,63,32
87,63,32
88,63,32
89,63,32
90,63,32
91,63,32
92,63,32
93,63,32
94,63,32
95,63,32
96,63,32
97,63,32
98,63,32
99,63,32
100,63,32
101,63,32
102,63,32
103,63,32
104,63,32
105,63,32
106,63,32
107,63,32
108,63,32
109,63,32
110,63,32
111,63,32
112,63,32
113,63,32
114,63,32
115,63,32
116,63,32
117,63,32
118,63,32
119,63,32
120,63,32
121,63,32
122,63,32
123,63,32
124,63,32
125,63,32
126,63,32
127,63,32
128,63,32
129,63,32
130,63,32
131,63,32
132,63,32
133,63,32
134,63,32
135,63,32
136,63,32
137,63,32
138,63,32
139,63,32
140,63,32
141,63,32
142,63,32
143,63,32
144,63,32
145,63,32
146,63,32
147,63,32
148,63,32
149,63,32
150,63,32
151,63,32
152,63,32
153,63,32
154,63,32
155,63,32
156,63,32
157,63,32
158,63,32
159,63,32
160,63,32
161,63,32
162,63,32
163,63,32
164,63,32
165,63,32
166,63,32
167,63,32
168,63,32
169,63,32
170,63,32
171,63,32
172,63,32
173,63,32
174,63,32
175,63,32
176,63,32
177,63,32
178,63,32
179,63,32
180,63,32
181,63,32
182,63,32
183,63,32
184,63,32
185,63,32
186,63,32
187,63,32
188,63,32
189,63,32
190,63,32
191,63,32
192,63,32
193,63,32
194,63,32
195,63,32
196,63,32
197,63,32
198,63,32
199,63,32
200,63,32
201,63,32
202,63,32
203,63,32
204,63,32
205,63,32
206,63,32
207,63,32
208,63,32
209,63,32
210,63,32
211,63,32
212,63,32
213,63,32
214,63,32
215,63,32
216,63,32
217,63,32
218,63,32
219,63,32
220,63,32
221,63,32
222,63,32
223,63,32
224,63,32
225,63,32
226,63,32
227,63,32
228,63,32
229,63,32
230,63,32
231,63,32
232,63,32
233,63,32
234,63,32
235,63,32
236,63,32
237,63,32
238,63,32
239,63,32
240,63,32
241,63,32
242,63,32
243,63,32
244,63,32
245,63,32
246,63,32
247,63,32
248,63,32
249,63,32
250,63,32
251,63,32
252,63,32
253,63,32
254,63,32
255,63,32
256,63,32
257,63,32
258,63,32
259,63,32
260,63,32
261,63,32
262,63,32
263,63,32
264,63,32
265,63,32
266,63,32
267,63,32
268,63,32
269,63,32
270,63,32
271,63,32
272,63,32
273,63,32
274,63,32
275,63,32
276,63,32
277,63,32
278,63,32
279,63,32
280,63,32
281,63,32
282,63,32
283,63,32
284,63,32
285,63,32
286,63,32
287,63,32
288,63,32
289,63,32
290,63,32
291,63,32
292,63,32
293,63,32
294,63,32
295,63,32
296,63,32
297,63,32
298,63,32
299,63,32
300,63,32
301,63,32
302,63,32
303,63,32
304,63,32
305,63,32
306,63,32
307,63,32
308,63,32
309,63,32
310,63,32
311,63,32
312,63,32
313,63,32
314,63,32
315,63,32
316,63,32
317,63,32
318,63,32
319,63,32
0,64,32
1,64,32
2,64,32
3,64,32
4,64,32
5,64,32
6,64,32
7,64,32
8,64,32
9,64,32
10,64,32
11,64,32
12,64,32
13,64,32
14,64,32
15,64,32
16,64,32
17,64,32
18,64,32
19,64,32
20,64,32
21,64,32
22,64,32
23,64,32
24,64,32
25,64,32
26,64,32
27,64,32
28,64,32
29,64,32
30,64,32
31,64,32
32,64,32
33,64,32
34,64,32
35,64,32
36,64,32
37,64,32
38,64,32
39,64,32
40,64,32
41,64,32
42,64,32
43,64,32
44,64,32
45,64,32
46,64,32
47,64,32
48,64,32
49,64,32
50,64,32
51,64,32
52,64,32
53,64,32
54,64,32
55,64,32
56,64,32
57,64,32
58,64,32
59,64,32
60,64,32
61,64,32
62,64,32
63,64,32
64,64,32
65,64,32
66,64,32
67,64,32
68,64,32
69,64,32
70,64,32
71,64,32
72,64,32
73,64,32
74,64,32
75,64,32
76,64,32
77,64,32
78,64,32
79,64,32
80,64,32
81,64,32
82,64,32
83,64,32
84,64,32
85,64,32
86,64,32
87,64,32
88,64,32
89,64,32
90,64,32
91,64,32
92,64,32
93,64,32
94,64,32
95,64,32
96,64,32
97,64,32
98,64,32
99,64,32
100,64,32
101,64,32
102,64,32
103,64,32
104,64,32
105,64,32
106,64,32
107,64,32
108,64,32
109,64,32
110,64,32
111,64,32
112,64,32
113,64,32
114,64,32
115,64,32
116,64,32
117,64,32
118,64,32
119,64,32
120,64,32
121,64,32
122,64,32
123,64,32
124,64,32
125,64,32
126,64,32
127,64,32
128,64,32
129,64,32
130,64,32
131,64,32
132,64,32
133,64,32
134,64,32
135,64,32
136,64,32
137,64,32
138,64,32
139,64,32
140,64,32
141,64,32
142,64,32
143,64,32
144,64,32
145,64,32
146,64,32
147,64,32
148,64,32
149,64,32
150,64,32
151,64,32
152,64,32
153,64,32
154,64,32
155,64,32
156,64,32
157,64,32
158,64,32
159,64,32
160,64,32
161,64,32
162,64,32
163,64,32
164,64,32
165,64,32
166,64,32
167,64,32
168,64,32
169,64,32
170,64,32
171,64,32
172,64,32
173,64,32
174,64,32
175,64,32
176,64,32
177,64,32
178,64,32
179,64,32
180,64,32
181,64,32
182,64,32
183,64,32
184,64,32
185,64,32
186,64,32
187,64,32
188,64,32
189,64,32
190,64,32
191,64,32
192,64,32
193,64,32
194,64,32
195,64,32
196,64,32
197,64,32
198,64,32
199,64,32
200,64,32
201,64,32
202,64,32
203,64,32
204,64,32
205,64,32
206,64,32
207,64,32
208,64,32
209,64,32
210,64,32
211,64,32
212,64,32
213,64,32
214,64,32
215,64,32
216,64,32
217,64,32
218,64,32
219,64,32
220,64,32
221,64,32
222,64,32
223,64,32
224,64,32
225,64,32
226,64,32
227,64,32
228,64,32
229,64,32
230,64,32
231,64,32
232,64,32
233,64,32
234,64,32
235,64,32
236,64,32
237,64,32
238,64,32
239,64,32
240,64,32
241,64,32
242,64,32
243,64,32
244,64,32
245,64,32
246,64,32
247,64,32
248,64,32
249,64,32
250,64,32
251,64,32
252,64,32
253,64,32
254,64,32
255,64,32
256,64,32
257,64,32
258,64,32
259,64,32
260,64,32
261,64,32
262,64,32
263,64,32
264,64,32
265,64,32
266,64,32
267,64,32
268,64,32
269,64,32
270,64,32
271,64,32
272,64,32
273,64,32
274,64,32
275,64,32
276,64,32
277,64,32
278,64,32
279,64,32
280,64,32
281,64,32
282,64,32
283,64,32
284,64,32
285,64,32
286,64,32
287,64,32
288,64,32
289,64,32
290,64,32
291,64,32
292,64,32
293,64,32
294,64,32
295,64,32
296,64,32
297,64,32
298,64,32
299,64,32
300,64,32
301,64,32
302,64,32
303,64,32
304,64,32
305,64,32
306,64,32
307,64,32
308,64,32
309,64,32
310,64,32
311,64,32
312,64,32
313,64,32
314,64,32
315,64,32
316,64,32
317,64,32
318,64,32
319,64,32
0,65,32
1,65,32
2,65,32
3,65,32
4,65,32
5,65,32
6,65,32
7,65,32
8,65,32
9,65,32
10,65,32
11,65,32
12,65,32
13,65,32
14,65,32
15,65,32
16,65,32
17,65,32
18,65,32
19,65,32
20,65,32
21,65,32
22,65,32
23,65,32
24,65,32
25,65,32
26,65,32
27,65,32
28,65,32
29,65,32
30,65,32
31,65,32
32,65,32
33,65,32
34,65,32
35,65,32
36,65,32
37,65,32
38,65,32
39,65,32
40,65,32
41,65,32
42,65,32
43,65,32
44,65,32
45,65,32
46,65,32
47,65,32
48,65,32
49,65,32
50,65,32
51,65,32
52,65,32
53,65,32
54,65,32
55,65,32
56,65,32
57,65,32
58,65,32
59,65,32
60,65,32
61,65,32
62,65,32
63,65,32
64,65,32
65,65,32
66,65,32
67,65,32
68,65,32
69,65,32
70,65,32
71,65,32
72,65,32
73,65,32
74,65,32
75,65,32
76,65,32
77,65,32
78,65,32
79,65,32
80,65,32
81,65,32
82,65,32
83,65,32
84,65,32
85,65,32
86,65,32
87,65,32
88,65,32
89,65,32
90,65,32
91,65,32
92,65,32
93,65,32
94,65,32
95,65,32
96,65,32
97,65,32
98,65,32
99,65,32
100,65,32
101,65,32
102,65,32
103,65,32
104,65,32
105,65,32
106,65,32
107,65,32
108,65,32
109,65,32
110,65,32
111,65,32
112,65,32
113,65,32
114,65,32
115,65,32
116,65,32
117,65,32
118,65,32
119,65,32
120,65,32
121,65,32
122,65,32
123,65,32
124,65,32
125,65,32
126,65,32
127,65,32
128,65,32
129,65,32
130,65,32
131,65,32
132,65,32
133,65,32
134,65,32
135,65,32
136,65,32
137,65,32
138,65,32
139,65,32
140,65,32
141,65,32
142,65,32
143,65,32
144,65,32
145,65,32
146,65,32
147,65,32
148,65,32
149,65,32
150,65,32
151,65,32
152,65,32
153,65,32
154,65,32
155,65,32
156,65,32
157,65,32
158,65,32
159,65,32
160,65,32
161,65,32
162,65,32
163,65,32
164,65,32
165,65,32
166,65,32
167,65,32
168,65,32
169,65,32
170,65,32
171,65,32
172,65,32
173,65,32
174,65,32
175,65,32
176,65,32
177,65,32
178,65,32
179,65,32
180,65,32
181,65,32
182,65,32
183,65,32
184,65,32
185,65,32
186,65,32
187,65,32
188,65,32
189,65,32
190,65,32
191,65,32
192,65,32
193,65,32
194,65,32
195,65,32
196,65,32
197,65,32
198,65,32
199,65,32
200,65,32
201,65,32
202,65,32
203,65,32
204,65,32
205,65,32
206,65,32
207,65,32
208,65,32
209,65,32
210,65,32
211,65,32
212,65,32
213,65,32
214,65,32
215,65,32
216,65,32
217,65,32
218,65,32
219,65,32
220,65,32
221,65,32
222,65,32
223,65,32
224,65,32
225,65,32
226,65,32
227,65,32
228,65,32
229,65,32
230,65,32
231,65,32
232,65,32
233,65,32
234,65,32
235,65,32
236,65,32
237,65,32
238,65,32
239,65,32
240,65,32
241,65,32
242,65,32
243,65,32
244,65,32
245,65,32
246,65,32
247,65,32
248,65,32
249,65,32
250,65,32
251,65,32
252,65,32
253,65,32
254,65,32
255,65,32
256,65,32
257,65,32
258,65,32
259,65,32
260,65,32
261,65,32
262,65,32
263,65,32
264,65,32
265,65,32
266,65,32
267,65,32
268,65,32
269,65,32
270,65,32
271,65,32
272,65,32
273,65,32
274,65,32
275,65,32
276,65,32
277,65,32
278,65,32
279,65,32
280,65,32
281,65,32
282,65,32
283,65,32
284,65,32
285,65,32
286,65,32
287,65,32
288,65,32
289,65,32
290,65,32
291,65,32
292,65,32
293,65,32
294,65,32
295,65,32
296,65,32
297,65,32
298,65,32
299,65,32
300,65,32
301,65,32
302,65,32
303,65,32
304,65,32
305,65,32
306,65,32
307,65,32
308,65,32
309,65,32
310,65,32
311,65,32
312,65,32
313,65,32
314,65,32
315,65,32
316,65,32
317,65,32
318,65,32
319,65,32
0,66,32
1,66,32
2,66,32
3,66,32
4,66,32
5,66,32
6,66,32
7,66,32
8,66,32
9,66,32
10,66,32
11,66,32
12,66,32
13,66,32
14,66,32
15,66,32
16,66,32
17,66,32
18,66,32
19,66,32
20,66,32
21,66,32
22,66,32
23,66,32
24,66,32
25,66,32
26,66,32
27,66,32
28,66,32
29,66,32
30,66,32
31,66,32
32,66,32
33,66,32
34,66,32
35,66,32
36,66,32
37,66,32
38,66,32
39,66,32
40,66,32
41,66,32
42,66,32
43,66,32
44,66,32
45,66,32
46,66,32
47,66,32
48,66,32
49,66,32
50,66,32
51,66,32
52,66,32
53,66,32
54,66,32
55,66,32
56,66,32
57,66,32
58,66,32
59,66,32
60,66,32
61,66,32
62,66,32
63,66,32
64,66,32
65,66,32
66,66,32
67,66,32
68,66,32
69,66,32
70,66,32
71,66,32
72,66,32
73,66,32
74,66,32
75,66,32
76,66,32
77,66,32
78,66,32
79,66,32
80,66,32
81,66,32
82,66,32
83,66,32
84,66,32
85,66,32
86,66,32
87,66,32
88,66,32
89,66,32
90,66,32
91,66,32
92,66,32
93,66,32
94,66,32
95,66,32
96,66,32
97,66,32
98,66,32
99,66,32
100,66,32
101,66,32
102,66,32
103,66,32
104,66,32
105,66,32
106,66,32
107,66,32
108,66,32
109,66,32
110,66,32
111,66,32
112,66,32
113,66,32
114,66,32
115,66,32
116,66,32
117,66,32
118,66,32
119,66,32
120,66,32
121,66,32
122,66,32
123,66,32
124,66,32
125,66,32
126,66,32
127,66,32
128,66,32
129,66,32
130,66,32
131,66,32
132,66,32
133,66,32
134,66,32
135,66,32
136,66,32
137,66,32
138,66,32
139,66,32
140,66,32
141,66,32
142,66,32
143,66,32
144,66,32
145,66,32
146,66,32
147,66,32
148,66,32
149,66,32
150,66,32
151,66,32
152,66,32
153,66,32
154,66,32
155,66,32
156,66,32
157,66,32
158,66,32
159,66,32
160,66,32
161,66,32
162,66,32
163,66,32
164,66,32
165,66,32
166,66,32
167,66,32
168,66,32
169,66,32
170,66,32
171,66,32
172,66,32
173,66,32
174,66,32
175,66,32
176,66,32
177,66,32
178,66,32
179,66,32
180,66,32
181,66,32
182,66,32
183,66,32
184,66,32
185,66,32
186,66,32
187,66,32
188,66,32
189,66,32
190,66,32
191,66,32
192,66,32
193,66,32
194,66,32
195,66,32
196,66,32
197,66,32
198,66,32
199,66,32
200,66,32
201,66,32
202,66,32
203,66,32
204,66,32
205,66,32
206,66,32
207,66,32
208,66,32
209,66,32
210,66,32
211,66,32
212,66,32
213,66,32
214,66,32
215,66,32
216,66,32
217,66,32
218,66,32
219,66,32
220,66,32
221,66,32
222,66,32
223,66,32
224,66,32
225,66,32
226,66,32
227,66,32
228,66,32
229,66,32
230,66,32
231,66,32
232,66,32
233,66,32
234,66,32
235,66,32
236,66,32
237,66,32
238,66,32
239,66,32
240,66,32
241,66,32
242,66,32
243,66,32
244,66,32
245,66,32
246,66,32
247,66,32
248,66,32
249,66,32
250,66,32
251,66,32
252,66,32
253,66,32
254,66,32
255,66,32
256,66,32
257,66,32
258,66,32
259,66,32
260,66,32
261,66,32
262,66,32
263,66,32
264,66,32
265,66,32
266,66,32
267,66,32
268,66,32
269,66,32
270,66,32
271,66,32
272,66,32
273,66,32
274,66,32
275,66,32
276,66,32
277,66,32
278,66,32
279,66,32
280,66,32
281,66,32
282,66,32
283,66,32
284,66,32
285,66,32
286,66,32
287,66,32
288,66,32
289,66,32
290,66,32
291,66,32
292,66,32
293,66,32
294,66,32
295,66,32
296,66,32
297,66,32
298,66,32
299,66,32
300,66,32
301,66,32
302,66,32
303,66,32
304,66,32
305,66,32
306,66,32
307,66,32
308,66,32
309,66,32
310,66,32
311,66,32
312,66,32
313,66,32
314,66,32
315,66,32
316,66,32
317,66,32
318,66,32
319,66,32
0,67,32
1,67,32
2,67,32
3,67,32
4,67,32
5,67,32
6,67,32
7,67,32
8,67,32
9,67,32
10,67,32
11,67,32
12,67,32
13,67,32
14,67,32
15,67,32
16,67,32
17,67,32
18,67,32
19,67,32
20,67,32
21,67,32
22,67,32
23,67,32
24,67,32
25,67,32
26,67,32
27,67,32
28,67,32
29,67,32
30,67,32
31,67,32
32,67,32
33,67,32
34,67,32
35,67,32
36,67,32
37,67,32
38,67,32
39,67,32
40,67,32
41,67,32
42,67,32
43,67,32
44,67,32
45,67,32
46,67,32
47,67,32
48,67,32
49,67,32
50,67,32
51,67,32
52,67,32
53,67,32
54,67,32
55,67,32
56,67,32
57,67,32
58,67,32
59,67,32
60,67,32
61,67,32
62,67,32
63,67,32
64,67,32
65,67,32
66,67,32
67,67,32
68,67,32
69,67,32
70,67,32
71,67,32
72,67,32
73,67,32
74,67,32
75,67,32
76,67,32
77,67,32
78,67,32
79,67,32
80,67,32
81,67,32
82,67,32
83,67,32
84,67,32
85,67,32
86,67,32
87,67,32
88,67,32
89,67,32
90,67,32
91,67,32
92,67,32
93,67,32
94,67,32
95,67,32
96,67,32
97,67,32
98,67,32
99,67,32
100,67,32
101,67,32
102,67,32
103,67,32
104,67,32
105,67,32
106,67,32
107,67,32
108,67,32
109,67,32
110,67,32
111,67,32
112,67,32
113,67,32
114,67,32
115,67,32
116,67,32
117,67,32
118,67,32
119,67,32
120,67,32
121,67,32
122,67,32
123,67,32
124,67,32
125,67,32
126,67,32
127,67,32
128,67,32
129,67,32
130,67,32
131,67,32
132,67,32
133,67,32
134,67,32
135,67,32
136,67,32
137,67,32
138,67,32
139,67,32
140,67,32
141,67,32
142,67,32
143,67,32
144,67,32
145,67,32
146,67,32
147,67,32
148,67,32
149,67,32
150,67,32
151,67,32
152,67,32
153,67,32
154,67,32
155,67,32
156,67,32
157,67,32
158,67,32
159,67,32
160,67,32
161,67,32
162,67,32
163,67,32
164,67,32
165,67,32
166,67,32
167,67,32
168,67,32
169,67,32
170,67,32
171,67,32
172,67,32
173,67,32
174,67,32
175,67,32
176,67,32
177,67,32
178,67,32
179,67,32
180,67,32
181,67,32
182,67,32
183,67,32
184,67,32
185,67,32
186,67,32
187,67,32
188,67,32
189,67,32
190,67,32
191,67,32
192,67,32
193,67,32
194,67,32
195,67,32
196,67,32
197,67,32
198,67,32
199,67,32
200,67,32
201,67,32
202,67,32
203,67,32
204,67,32
205,67,32
206,67,32
207,67,32
208,67,32
209,67,32
210,67,32
211,67,32
212,67,32
213,67,32
214,67,32
215,67,32
216,67,32
217,67,32
218,67,32
219,67,32
220,67,32
221,67,32
222,67,32
223,67,32
224,67,32
225,67,32
226,67,32
227,67,32
228,67,32
229,67,32
230,67,32
231,67,32
232,67,32
233,67,32
234,67,32
235,67,32
236,67,32
237,67,32
238,67,32
239,67,32
240,67,32
241,67,32
242,67,32
243,67,32
244,67,32
245,67,32
246,67,32
247,67,32
248,67,32
249,67,32
250,67,32
251,67,32
252,67,32
253,67,32
254,67,32
255,67,32
256,67,32
257,67,32
258,67,32
259,67,32
260,67,32
261,67,32
262,67,32
263,67,32
264,67,32
265,67,32
266,67,32
267,67,32
268,67,32
269,67,32
270,67,32
271,67,32
272,67,32
273,67,32
274,67,32
275,67,32
276,67,32
277,67,32
278,67,32
279,67,32
280,67,32
281,67,32
282,67,32
283,67,32
284,67,32
285,67,32
286,67,32
287,67,32
288,67,32
289,67,32
290,67,32
291,67,32
292,67,32
293,67,32
294,67,32
295,67,32
296,67,32
297,67,32
298,67,32
299,67,32
300,67,32
301,67,32
302,67,32
303,67,32
304,67,32
305,67,32
306,67,32
307,67,32
308,67,32
309,67,32
310,67,32
311,67,32
312,67,32
313,67,32
314,67,32
315,67,32
316,67,32
317,67,32
318,67,32
319,67,32
0,68,32
1,68,32
2,68,32
3,68,32
4,68,32
5,68,32
6,68,32
7,68,32
8,68,32
9,68,32
10,68,32
11,68,32
12,68,32
13,68,32
14,68,32
15,68,32
16,68,32
17,68,32
18,68,32
19,68,32
20,68,32
21,68,32
22,68,32
23,68,32
24,68,32
25,68,32
26,68,32
27,68,32
28,68,32
29,68,32
30,68,32
31,68,32
32,68,32
33,68,32
34,68,32
35,68,32
36,68,32
37,68,32
38,68,32
39,68,32
40,68,32
41,68,32
42,68,32
43,68,32
44,68,32
45,68,32
46,68,32
47,68,32
48,68,32
49,68,32
50,68,32
51,68,32
52,68,32
53,68,32
54,68,32
55,68,32
56,68,32
57,68,32
58,68,32
59,68,32
60,68,32
61,68,32
62,68,32
63,68,32
64,68,32
65,68,32
66,68,32
67,68,32
68,68,32
69,68,32
70,68,32
71,68,32
72,68,32
73,68,32
74,68,32
75,68,32
76,68,32
77,68,32
78,68,32
79,68,32
80,68,32
81,68,32
82,68,32
83,68,32
84,68,32
85,68,32
86,68,32
87,68,32
88,68,32
89,68,32
90,68,32
91,68,32
92,68,32
93,68,32
94,68,32
95,68,32
96,68,32
97,68,32
98,68,32
99,68,32
100,68,32
101,68,32
102,68,32
103,68,32
104,68,32
105,68,32
106,68,32
107,68,32
108,68,32
109,68,32
110,68,32
111,68,32
112,68,32
113,68,32
114,68,32
115,68,32
116,68,32
117,68,32
118,68,32
119,68,32
120,68,32
121,68,32
122,68,32
123,68,32
124,68,32
125,68,32
126,68,32
127,68,32
128,68,32
129,68,32
130,68,32
131,68,32
132,68,32
133,68,32
134,68,32
135,68,32
136,68,32
137,68,32
138,68,32
139,68,32
140,68,32
141,68,32
142,68,32
143,68,32
144,68,32
145,68,32
146,68,32
147,68,32
148,68,32
149,68,32
150,68,32
151,68,32
152,68,32
153,68,32
154,68,32
155,68,32
156,68,32
157,68,32
158,68,32
159,68,32
160,68,32
161,68,32
162,68,32
163,68,32
164,68,32
165,68,32
166,68,32
167,68,32
168,68,32
169,68,32
170,68,32
171,68,32
172,68,32
173,68,32
174,68,32
175,68,32
176,68,32
177,68,32
178,68,32
179,68,32
180,68,32
181,68,32
182,68,32
183,68,32
184,68,32
185,68,32
186,68,32
187,68,32
188,68,32
189,68,32
190,68,32
191,68,32
192,68,32
193,68,32
194,68,32
195,68,32
196,68,32
197,68,32
198,68,32
199,68,32
200,68,32
201,68,32
202,68,32
203,68,32
204,68,32
205,68,32
206,68,32
207,68,32
208,68,32
209,68,32
210,68,32
211,68,32
212,68,32
213,68,32
214,68,32
215,68,32
216,68,32
217,68,32
218,68,32
219,68,32
220,68,32
221,68,32
222,68,32
223,68,32
224,68,32
225,68,32
226,68,32
227,68,32
228,68,32
229,68,32
230,68,32
231,68,32
232,68,32
233,68,32
234,68,32
235,68,32
236,68,32
237,68,32
238,68,32
239,68,32
240,68,32
241,68,32
242,68,32
243,68,32
244,68,32
245,68,32
246,68,32
247,68,32
248,68,32
249,68,32
250,68,32
251,68,32
252,68,32
253,68,32
254,68,32
255,68,32
256,68,32
257,68,32
258,68,32
259,68,32
260,68,32
261,68,32
262,68,32
263,68,32
264,68,32
265,68,32
266,68,32
267,68,32
268,68,32
269,68,32
270,68,32
271,68,32
272,68,32
273,68,32
274,68,32
275,68,32
276,68,32
277,68,32
278,68,32
279,68,32
280,68,32
281,68,32
282,68,32
283,68,32
284,68,32
285,68,32
286,68,32
287,68,32
288,68,32
289,68,32
290,68,32
291,68,32
292,68,32
293,68,32
294,68,32
295,68,32
296,68,32
297,68,32
298,68,32
299,68,32
300,68,32
301,68,32
302,68,32
303,68,32
304,68,32
305,68,32
306,68,32
307,68,32
308,68,32
309,68,32
310,68,32
311,68,32
312,68,32
313,68,32
314,68,32
315,68,32
316,68,32
317,68,32
318,68,32
319,68,32
0,69,32
1,69,32
2,69,32
3,69,32
4,69,32
5,69,32
6,69,32
7,69,32
8,69,32
9,69,32
10,69,32
11,69,32
12,69,32
13,69,32
14,69,32
15,69,32
16,69,32
17,69,32
18,69,32
19,69,32
20,69,32
21,69,32
22,69,32
23,69,32
24,69,32
25,69,32
26,69,32
27,69,32
28,69,32
29,69,32
30,69,32
31,69,32
32,69,32
33,69,32
34,69,32
35,69,32
36,69,32
37,69,32
38,69,32
39,69,32
40,69,32
41,69,32
42,69,32
43,69,32
44,69,32
45,69,32
46,69,32
47,69,32
48,69,32
49,69,32
50,69,32
51,69,32
52,69,32
53,69,32
54,69,32
55,69,32
56,69,32
57,69,32
58,69,32
59,69,32
60,69,32
61,69,32
62,69,32
63,69,32
64,69,32
65,69,32
66,69,32
67,69,32
68,69,32
69,69,32
70,69,32
71,69,32
72,69,32
73,69,32
74,69,32
75,69,32
76,69,32
77,69,32
78,69,32
79,69,32
80,69,32
81,69,32
82,69,32
83,69,32
84,69,32
85,69,32
86,69,32
87,69,32
88,69,32
89,69,32
90,69,32
91,69,32
92,69,32
93,69,32
94,69,32
95,69,32
96,69,32
97,69,32
98,69,32
99,69,32
100,69,32
101,69,32
102,69,32
103,69,32
104,69,32
105,69,32
106,69,32
107,69,32
108,69,32
109,69,32
110,69,32
111,69,32
112,69,32
113,69,32
114,69,32
115,69,32
116,69,32
117,69,32
118,69,32
119,69,32
120,69,32
121,69,32
122,69,32
123,69,32
124,69,32
125,69,32
126,69,32
127,69,32
128,69,32
129,69,32
130,69,32
131,69,32
132,69,32
133,69,32
134,69,32
135,69,32
136,69,32
137,69,32
138,69,32
139,69,32
140,69,32
141,69,32
142,69,32
143,69,32
144,69,32
145,69,32
146,69,32
147,69,32
148,69,32
149,69,32
150,69,32
151,69,32
152,69,32
153,69,32
154,69,32
155,69,32
156,69,32
157,69,32
158,69,32
159,69,32
160,69,32
161,69,32
162,69,32
163,69,32
164,69,32
165,69,32
166,69,32
167,69,32
168,69,32
169,69,32
170,69,32
171,69,32
172,69,32
173,69,32
174,69,32
175,69,32
176,69,32
177,69,32
178,69,32
179,69,32
180,69,32
181,69,32
182,69,32
183,69,32
184,69,32
185,69,32
186,69,32
187,69,32
188,69,32
189,69,32
190,69,32
191,69,32
192,69,32
193,69,32
194,69,32
195,69,32
196,69,32
197,69,32
198,69,32
199,69,32
200,69,32
201,69,32
202,69,32
203,69,32
204,69,32
205,69,32
206,69,32
207,69,32
208,69,32
209,69,32
210,69,32
211,69,32
212,69,32
213,69,32
214,69,32
215,69,32
216,69,32
217,69,32
218,69,32
219,69,32
220,69,32
221,69,32
222,69,32
223,69,32
224,69,32
225,69,32
226,69,32
227,69,32
228,69,32
229,69,32
230,69,32
231,69,32
232,69,32
233,69,32
234,69,32
235,69,32
236,69,32
237,69,32
238,69,32
239,69,32
240,69,32
241,69,32
242,69,32
243,69,32
244,69,32
245,69,32
246,69,32
247,69,32
248,69,32
249,69,32
250,69,32
251,69,32
252,69,32
253,69,32
254,69,32
255,69,32
256,69,32
257,69,32
258,69,32
259,69,32
260,69,32
261,69,32
262,69,32
263,69,32
264,69,32
265,69,32
266,69,32
267,69,32
268,69,32
269,69,32
270,69,32
271,69,32
272,69,32
273,69,32
274,69,32
275,69,32
276,69,32
277,69,32
278,69,32
279,69,32
280,69,32
281,69,32
282,69,32
283,69,32
284,69,32
285,69,32
286,69,32
287,69,32
288,69,32
289,69,32
290,69,32
291,69,32
292,69,32
293,69,32
294,69,32
295,69,32
296,69,32
297,69,32
298,69,32
299,69,32
300,69,32
301,69,32
302,69,32
303,69,32
304,69,32
305,69,32
306,69,32
307,69,32
308,69,32
309,69,32
310,69,32
311,69,32
312,69,32
313,69,32
314,69,32
315,69,32
316,69,32
317,69,32
318,69,32
319,69,32
0,70,32
1,70,32
2,70,32
3,70,32
4,70,32
5,70,32
6,70,32
7,70,32
8,70,32
9,70,32
10,70,32
11,70,32
12,70,32
13,70,32
14,70,32
15,70,32
16,70,32
17,70,32
18,70,32
19,70,32
20,70,32
21,70,32
22,70,32
23,70,32
24,70,32
25,70,32
26,70,32
27,70,32
28,70,32
29,70,32
30,70,32
31,70,32
32,70,32
33,70,32
34,70,32
35,70,32
36,70,32
37,70,32
38,70,32
39,70,32
40,70,32
41,70,32
42,70,32
43,70,32
44,70,32
45,70,32
46,70,32
47,70,32
48,70,32
49,70,32
50,70,32
51,70,32
52,70,32
53,70,32
54,70,32
55,70,32
56,70,32
57,70,32
58,70,32
59,70,32
60,70,32
61,70,32
62,70,32
63,70,32
64,70,32
65,70,32
66,70,32
67,70,32
68,70,32
69,70,32
70,70,32
71,70,32
72,70,32
73,70,32
74,70,32
75,70,32
76,70,32
77,70,32
78,70,32
79,70,32
80,70,32
81,70,32
82,70,32
83,70,32
84,70,32
85,70,32
86,70,32
87,70,32
88,70,32
89,70,32
90,70,32
91,70,32
92,70,32
93,70,32
94,70,32
95,70,32
96,70,32
97,70,32
98,70,32
99,70,32
100,70,32
101,70,32
102,70,32
103,70,32
104,70,32
105,70,32
106,70,32
107,70,32
108,70,32
109,70,32
110,70,32
111,70,32
112,70,32
113,70,32
114,70,32
115,70,32
116,70,32
117,70,32
118,70,32
119,70,32
120,70,32
121,70,32
122,70,32
123,70,32
124,70,32
125,70,32
126,70,32
127,70,32
128,70,32
129,70,32
130,70,32
131,70,32
132,70,32
133,70,32
134,70,32
135,70,32
136,70,32
137,70,32
138,70,32
139,70,32
140,70,32
141,70,32
142,70,32
143,70,32
144,70,32
145,70,32
146,70,32
147,70,32
148,70,32
149,70,32
150,70,32
151,70,32
152,70,32
153,70,32
154,70,32
155,70,32
156,70,32
157,70,32
158,70,32
159,70,32
160,70,32
161,70,32
162,70,32
163,70,32
164,70,32
165,70,32
166,70,32
167,70,32
168,70,32
169,70,32
170,70,32
171,70,32
172,70,32
173,70,32
174,70,32
175,70,32
176,70,32
177,70,32
178,70,32
179,70,32
180,70,32
181,70,32
182,70,32
183,70,32
184,70,32
185,70,32
186,70,32
187,70,32
188,70,32
189,70,32
190,70,32
191,70,32
192,70,32
193,70,32
194,70,32
195,70,32
196,70,32
197,70,32
198,70,32
199,70,32
200,70,32
201,70,32
202,70,32
203,70,32
204,70,32
205,70,32
206,70,32
207,70,32
208,70,32
209,70,32
210,70,32
211,70,32
212,70,32
213,70,32
214,70,32
215,70,32
216,70,32
217,70,32
218,70,32
219,70,32
220,70,32
221,70,32
222,70,32
223,70,32
224,70,32
225,70,32
226,70,32
227,70,32
228,70,32
229,70,32
230,70,32
231,70,32
232,70,32
233,70,32
234,70,32
235,70,32
236,70,32
237,70,32
238,70,32
239,70,32
240,70,32
241,70,32
242,70,32
243,70,32
244,70,32
245,70,32
246,70,32
247,70,32
248,70,32
249,70,32
250,70,32
251,70,32
252,70,32
253,70,32
254,70,32
255,70,32
256,70,32
257,70,32
258,70,32
259,70,32
260,70,32
261,70,32
262,70,32
263,70,32
264,70,32
265,70,32
266,70,32
267,70,32
268,70,32
269,70,32
270,70,32
271,70,32
272,70,32
273,70,32
274,70,32
275,70,32
276,70,32
277,70,32
278,70,32
279,70,32
280,70,32
281,70,32
282,70,32
283,70,32
284,70,32
285,70,32
286,70,32
287,70,32
288,70,32
289,70,32
290,70,32
291,70,32
292,70,32
293,70,32
294,70,32
295,70,32
296,70,32
297,70,32
298,70,32
299,70,32
300,70,32
301,70,32
302,70,32
303,70,32
304,70,32
305,70,32
306,70,32
307,70,32
308,70,32
309,70,32
310,70,32
311,70,32
312,70,32
313,70,32
314,70,32
315,70,32
316,70,32
317,70,32
318,70,32
319,70,32
0,71,32
1,71,32
2,71,32
3,71,32
4,71,32
5,71,32
6,71,32
7,71,32
8,71,32
9,71,32
10,71,32
11,71,32
12,71,32
13,71,32
14,71,32
15,71,32
16,71,32
17,71,32
18,71,32
19,71,32
20,71,32
21,71,32
22,71,32
23,71,32
24,71,32
25,71,32
26,71,32
27,71,32
28,71,32
29,71,32
30,71,32
31,71,32
32,71,32
33,71,32
34,71,32
35,71,32
36,71,32
37,71,32
38,71,32
39,71,32
40,71,32
41,71,32
42,71,32
43,71,32
44,71,32
45,71,32
46,71,32
47,71,32
48,71,32
49,71,32
50,71,32
51,71,32
52,71,32
53,71,32
54,71,32
55,71,32
56,71,32
57,71,32
58,71,32
59,71,32
60,71,32
61,71,32
62,71,32
63,71,32
64,71,32
65,71,32
66,71,32
67,71,32
68,71,32
69,71,32
70,71,32
71,71,32
72,71,32
73,71,32
74,71,32
75,71,32
76,71,32
77,71,32
78,71,32
79,71,32
80,71,32
81,71,32
82,71,32
83,71,32
84,71,32
85,71,32
86,71,32
87,71,32
88,71,32
89,71,32
90,71,32
91,71,32
92,71,32
93,71,32
94,71,32
95,71,32
96,71,32
97,71,32
98,71,32
99,71,32
100,71,32
101,71,32
102,71,32
103,71,32
104,71,32
105,71,32
106,71,32
107,71,32
108,71,32
109,71,32
110,71,32
111,71,32
112,71,32
113,71,32
114,71,32
115,71,32
116,71,32
117,71,32
118,71,32
119,71,32
120,71,32
121,71,32
122,71,32
123,71,32
124,71,32
125,71,32
126,71,32
127,71,32
128,71,32
129,71,32
130,71,32
131,71,32
132,71,32
133,71,32
134,71,32
135,71,32
136,71,32
137,71,32
138,71,32
139,71,32
140,71,32
141,71,32
142,71,32
143,71,32
144,71,32
145,71,32
146,71,32
147,71,32
148,71,32
149,71,32
150,71,32
151,71,32
152,71,32
153,71,32
154,71,32
155,71,32
156,71,32
157,71,32
158,71,32
159,71,32
160,71,32
161,71,32
162,71,32
163,71,32
164,71,32
165,71,32
166,71,32
167,71,32
168,71,32
169,71,32
170,71,32
171,71,32
172,71,32
173,71,32
174,71,32
175,71,32
176,71,32
177,71,32
178,71,32
179,71,32
180,71,32
181,71,32
182,71,32
183,71,32
184,71,32
185,71,32
186,71,32
187,71,32
188,71,32
189,71,32
190,71,32
191,71,32
192,71,32
193,71,32
194,71,32
195,71,32
196,71,32
197,71,32
198,71,32
199,71,32
200,71,32
201,71,32
202,71,32
203,71,32
204,71,32
205,71,32
206,71,32
207,71,32
208,71,32
209,71,32
210,71,32
211,71,32
212,71,32
213,71,32
214,71,32
215,71,32
216,71,32
217,71,32
218,71,32
219,71,32
220,71,32
221,71,32
222,71,32
223,71,32
224,71,32
225,71,32
226,71,32
227,71,32
228,71,32
229,71,32
230,71,32
231,71,32
232,71,32
233,71,32
234,71,32
235,71,32
236,71,32
237,71,32
238,71,32
239,71,32
240,71,32
241,71,32
242,71,32
243,71,32
244,71,32
245,71,32
246,71,32
247,71,32
248,71,32
249,71,32
250,71,32
251,71,32
252,71,32
253,71,32
254,71,32
255,71,32
256,71,32
257,71,32
258,71,32
259,71,32
260,71,32
261,71,32
262,71,32
263,71,32
264,71,32
265,71,32
266,71,32
267,71,32
268,71,32
269,71,32
270,71,32
271,71,32
272,71,32
273,71,32
274,71,32
275,71,32
276,71,32
277,71,32
278,71,32
279,71,32
280,71,32
281,71,32
282,71,32
283,71,32
284,71,32
285,71,32
286,71,32
287,71,32
288,71,32
289,71,32
290,71,32
291,71,32
292,71,32
293,71,32
294,71,32
295,71,32
296,71,32
297,71,32
298,71,32
299,71,32
300,71,32
301,71,32
302,71,32
303,71,32
304,71,32
305,71,32
306,71,32
307,71,32
308,71,32
309,71,32
310,71,32
311,71,32
312,71,32
313,71,32
314,71,32
315,71,32
316,71,32
317,71,32
318,71,32
319,71,32
0,72,32
1,72,32
2,72,32
3,72,32
4,72,32
5,72,32
6,72,32
7,72,32
8,72,32
9,72,32
10,72,32
11,72,32
12,72,32
13,72,32
14,72,32
15,72,32
16,72,32
17,72,32
18,72,32
19,72,32
20,72,32
21,72,32
22,72,32
23,72,32
24,72,32
25,72,32
26,72,32
27,72,32
28,72,32
29,72,32
30,72,32
31,72,32
32,72,32
33,72,32
34,72,32
35,72,32
36,72,32
37,72,32
38,72,32
39,72,32
40,72,32
41,72,32
42,72,32
43,72,32
44,72,32
45,72,32
46,72,32
47,72,32
48,72,32
49,72,32
50,72,32
51,72,32
52,72,32
53,72,32
54,72,32
55,72,32
56,72,32
57,72,32
58,72,32
59,72,32
60,72,32
61,72,32
62,72,32
63,72,32
64,72,32
65,72,32
66,72,32
67,72,32
68,72,32
69,72,32
70,72,32
71,72,32
72,72,32
73,72,32
74,72,32
75,72,32
76,72,32
77,72,32
78,72,32
79,72,32
80,72,32
81,72,32
82,72,32
83,72,32
84,72,32
85,72,32
86,72,32
87,72,32
88,72,32
89,72,32
90,72,32
91,72,32
92,72,32
93,72,32
94,72,32
95,72,32
96,72,32
97,72,32
98,72,32
99,72,32
100,72,32
101,72,32
102,72,32
103,72,32
104,72,32
105,72,32
106,72,32
107,72,32
108,72,32
109,72,32
110,72,32
111,72,32
112,72,32
113,72,32
114,72,32
115,72,32
116,72,32
117,72,32
118,72,32
119,72,32
120,72,32
121,72,32
122,72,32
123,72,32
124,72,32
125,72,32
126,72,32
127,72,32
128,72,32
129,72,32
130,72,32
131,72,32
132,72,32
133,72,32
134,72,32
135,72,32
136,72,32
137,72,32
138,72,32
139,72,32
140,72,32
141,72,32
142,72,32
143,72,32
144,72,32
145,72,32
146,72,32
147,72,32
148,72,32
149,72,32
150,72,32
151,72,32
152,72,32
153,72,32
154,72,32
155,72,32
156,72,32
157,72,32
158,72,32
159,72,32
160,72,32
161,72,32
162,72,32
163,72,32
164,72,32
165,72,32
166,72,32
167,72,32
168,72,32
169,72,32
170,72,32
171,72,32
172,72,32
173,72,32
174,72,32
175,72,32
176,72,32
177,72,32
178,72,32
179,72,32
180,72,32
181,72,32
182,72,32
183,72,32
184,72,32
185,72,32
186,72,32
187,72,32
188,72,32
189,72,32
190,72,32
191,72,32
192,72,32
193,72,32
194,72,32
195,72,32
196,72,32
197,72,32
198,72,32
199,72,32
200,72,32
201,72,32
202,72,32
203,72,32
204,72,32
205,72,32
206,72,32
207,72,32
208,72,32
209,72,32
210,72,32
211,72,32
212,72,32
213,72,32
214,72,32
215,72,32
216,72,32
217,72,32
218,72,32
219,72,32
220,72,32
221,72,32
222,72,32
223,72,32
224,72,32
225,72,32
226,72,32
227,72,32
228,72,32
229,72,32
230,72,32
231,72,32
232,72,32
233,72,32
234,72,32
235,72,32
236,72,32
237,72,32
238,72,32
239,72,32
240,72,32
241,72,32
242,72,32
243,72,32
244,72,32
245,72,32
246,72,32
247,72,32
248,72,32
249,72,32
250,72,32
251,72,32
252,72,32
253,72,32
254,72,32
255,72,32
256,72,32
257,72,32
258,72,32
259,72,32
260,72,32
261,72,32
262,72,32
263,72,32
264,72,32
265,72,32
266,72,32
267,72,32
268,72,32
269,72,32
270,72,32
271,72,32
272,72,32
273,72,32
274,72,32
275,72,32
276,72,32
277,72,32
278,72,32
279,72,32
280,72,32
281,72,32
282,72,32
283,72,32
284,72,32
285,72,32
286,72,32
287,72,32
288,72,32
289,72,32
290,72,32
291,72,32
292,72,32
293,72,32
294,72,32
295,72,32
296,72,32
297,72,32
298,72,32
299,72,32
300,72,32
301,72,32
302,72,32
303,72,32
304,72,32
305,72,32
306,72,32
307,72,32
308,72,32
309,72,32
310,72,32
311,72,32
312,72,32
313,72,32
314,72,32
315,72,32
316,72,32
317,72,32
318,72,32
319,72,32
0,73,32
1,73,32
2,73,32
3,73,32
4,73,32
5,73,32
6,73,32
7,73,32
8,73,32
9,73,32
10,73,32
11,73,32
12,73,32
13,73,32
14,73,32
15,73,32
16,73,32
17,73,32
18,73,32
19,73,32
20,73,32
21,73,32
22,73,32
23,73,32
24,73,32
25,73,32
26,73,32
27,73,32
28,73,32
29,73,32
30,73,32
31,73,32
32,73,32
33,73,32
34,73,32
35,73,32
36,73,32
37,73,32
38,73,32
39,73,32
40,73,32
41,73,32
42,73,32
43,73,32
44,73,32
45,73,32
46,73,32
47,73,32
48,73,32
49,73,32
50,73,32
51,73,32
52,73,32
53,73,32
54,73,32
55,73,32
56,73,32
57,73,32
58,73,32
59,73,32
60,73,32
61,73,32
62,73,32
63,73,32
64,73,32
65,73,32
66,73,32
67,73,32
68,73,32
69,73,32
70,73,32
71,73,32
72,73,32
73,73,32
74,73,32
75,73,32
76,73,32
77,73,32
78,73,32
79,73,32
80,73,32
81,73,32
82,73,32
83,73,32
84,73,32
85,73,32
86,73,32
87,73,32
88,73,32
89,73,32
90,73,32
91,73,32
92,73,32
93,73,32
94,73,32
95,73,32
96,73,32
97,73,32
98,73,32
99,73,32
100,73,32
101,73,32
102,73,32
103,73,32
104,73,32
105,73,32
106,73,32
107,73,32
108,73,32
109,73,32
110,73,32
111,73,32
112,73,32
113,73,32
114,73,32
115,73,32
116,73,32
117,73,32
118,73,32
119,73,32
120,73,32
121,73,32
122,73,32
123,73,32
124,73,32
125,73,32
126,73,32
127,73,32
128,73,32
129,73,32
130,73,32
131,73,32
132,73,32
133,73,32
134,73,32
135,73,32
136,73,32
137,73,32
138,73,32
139,73,32
140,73,32
141,73,32
142,73,32
143,73,32
144,73,32
145,73,32
146,73,32
147,73,32
148,73,32
149,73,32
150,73,32
151,73,32
152,73,32
153,73,32
154,73,32
155,73,32
156,73,32
157,73,32
158,73,32
159,73,32
160,73,32
161,73,32
162,73,32
163,73,32
164,73,32
165,73,32
166,73,32
167,73,32
168,73,32
169,73,32
170,73,32
171,73,32
172,73,32
173,73,32
174,73,32
175,73,32
176,73,32
177,73,32
178,73,32
179,73,32
180,73,32
181,73,32
182,73,32
183,73,32
184,73,32
185,73,32
186,73,32
187,73,32
188,73,32
189,73,32
190,73,32
191,73,32
192,73,32
193,73,32
194,73,32
195,73,32
196,73,32
197,73,32
198,73,32
199,73,32
200,73,32
201,73,32
202,73,32
203,73,32
204,73,32
205,73,32
206,73,32
207,73,32
208,73,32
209,73,32
210,73,32
211,73,32
212,73,32
213,73,32
214,73,32
215,73,32
216,73,32
217,73,32
218,73,32
219,73,32
220,73,32
221,73,32
222,73,32
223,73,32
224,73,32
225,73,32
226,73,32
227,73,32
228,73,32
229,73,32
230,73,32
231,73,32
232,73,32
233,73,32
234,73,32
235,73,32
236,73,32
237,73,32
238,73,32
239,73,32
240,73,32
241,73,32
242,73,32
243,73,32
244,73,32
245,73,32
246,73,32
247,73,32
248,73,32
249,73,32
250,73,32
251,73,32
252,73,32
253,73,32
254,73,32
255,73,32
256,73,32
257,73,32
258,73,32
259,73,32
260,73,32
261,73,32
262,73,32
263,73,32
264,73,32
265,73,32
266,73,32
267,73,32
268,73,32
269,73,32
270,73,32
271,73,32
272,73,32
273,73,32
274,73,32
275,73,32
276,73,32
277,73,32
278,73,32
279,73,32
280,73,32
281,73,32
282,73,32
283,73,32
284,73,32
285,73,32
286,73,32
287,73,32
288,73,32
289,73,32
290,73,32
291,73,32
292,73,32
293,73,32
294,73,32
295,73,32
296,73,32
297,73,32
298,73,32
299,73,32
300,73,32
301,73,32
302,73,32
303,73,32
304,73,32
305,73,32
306,73,32
307,73,32
308,73,32
309,73,32
310,73,32
311,73,32
312,73,32
313,73,32
314,73,32
315,73,32
316,73,32
317,73,32
318,73,32
319,73,32
0,74,32
1,74,32
2,74,32
3,74,32
4,74,32
5,74,32
6,74,32
7,74,32
8,74,32
9,74,32
10,74,32
11,74,32
12,74,32
13,74,32
14,74,32
15,74,32
16,74,32
17,74,32
18,74,32
19,74,32
20,74,32
21,74,32
22,74,32
23,74,32
24,74,32
25,74,32
26,74,32
27,74,32
28,74,32
29,74,32
30,74,32
31,74,32
32,74,32
33,74,32
34,74,32
35,74,32
36,74,32
37,74,32
38,74,32
39,74,32
40,74,32
41,74,32
42,74,32
43,74,32
44,74,32
45,74,32
46,74,32
47,74,32
48,74,32
49,74,32
50,74,32
51,74,32
52,74,32
53,74,32
54,74,32
55,74,32
56,74,32
57,74,32
58,74,32
59,74,32
60,74,32
61,74,32
62,74,32
63,74,32
64,74,32
65,74,32
66,74,32
67,74,32
68,74,32
69,74,32
70,74,32
71,74,32
72,74,32
73,74,32
74,74,32
75,74,32
76,74,32
77,74,32
78,74,32
79,74,32
80,74,32
81,74,32
82,74,32
83,74,32
84,74,32
85,74,32
86,74,32
87,74,32
88,74,32
89,74,32
90,74,32
91,74,32
92,74,32
93,74,32
94,74,32
95,74,32
96,74,32
97,74,32
98,74,32
99,74,32
100,74,32
101,74,32
102,74,32
103,74,32
104,74,32
105,74,32
106,74,32
107,74,32
108,74,32
109,74,32
110,74,32
111,74,32
112,74,32
113,74,32
114,74,32
115,74,32
116,74,32
117,74,32
118,74,32
119,74,32
120,74,32
121,74,32
122,74,32
123,74,32
124,74,32
125,74,32
126,74,32
127,74,32
128,74,32
129,74,32
130,74,32
131,74,32
132,74,32
133,74,32
134,74,32
135,74,32
136,74,32
137,74,32
138,74,32
139,74,32
140,74,32
141,74,32
142,74,32
143,74,32
144,74,32
145,74,32
146,74,32
147,74,32
148,74,32
149,74,32
150,74,32
151,74,32
152,74,32
153,74,32
154,74,32
155,74,32
156,74,32
157,74,32
158,74,32
159,74,32
160,74,32
161,74,32
162,74,32
163,74,32
164,74,32
165,74,32
166,74,32
167,74,32
168,74,32
169,74,32
170,74,32
171,74,32
172,74,32
173,74,32
174,74,32
175,74,32
176,74,32
177,74,32
178,74,32
179,74,32
180,74,32
181,74,32
182,74,32
183,74,32
184,74,32
185,74,32
186,74,32
187,74,32
188,74,32
189,74,32
190,74,32
191,74,32
192,74,32
193,74,32
194,74,32
195,74,32
196,74,32
197,74,32
198,74,32
199,74,32
200,74,32
201,74,32
202,74,32
203,74,32
204,74,32
205,74,32
206,74,32
207,74,32
208,74,32
209,74,32
210,74,32
211,74,32
212,74,32
213,74,32
214,74,32
215,74,32
216,74,32
217,74,32
218,74,32
219,74,32
220,74,32
221,74,32
222,74,32
223,74,32
224,74,32
225,74,32
226,74,32
227,74,32
228,74,32
229,74,32
230,74,32
231,74,32
232,74,32
233,74,32
234,74,32
235,74,32
236,74,32
237,74,32
238,74,32
239,74,32
240,74,32
241,74,32
242,74,32
243,74,32
244,74,32
245,74,32
246,74,32
247,74,32
248,74,32
249,74,32
250,74,32
251,74,32
252,74,32
253,74,32
254,74,32
255,74,32
256,74,32
257,74,32
258,74,32
259,74,32
260,74,32
261,74,32
262,74,32
263,74,32
264,74,32
265,74,32
266,74,32
267,74,32
268,74,32
269,74,32
270,74,32
271,74,32
272,74,32
273,74,32
274,74,32
275,74,32
276,74,32
277,74,32
278,74,32
279,74,32
280,74,32
281,74,32
282,74,32
283,74,32
284,74,32
285,74,32
286,74,32
287,74,32
288,74,32
289,74,32
290,74,32
291,74,32
292,74,32
293,74,32
294,74,32
295,74,32
296,74,32
297,74,32
298,74,32
299,74,32
300,74,32
301,74,32
302,74,32
303,74,32
304,74,32
305,74,32
306,74,32
307,74,32
308,74,32
309,74,32
310,74,32
311,74,32
312,74,32
313,74,32
314,74,32
315,74,32
316,74,32
317,74,32
318,74,32
319,74,32
0,75,32
1,75,32
2,75,32
3,75,32
4,75,32
5,75,32
6,75,32
7,75,32
8,75,32
9,75,32
10,75,32
11,75,32
12,75,32
13,75,32
14,75,32
15,75,32
16,75,32
17,75,32
18,75,32
19,75,32
20,75,32
21,75,32
22,75,32
23,75,32
24,75,32
25,75,32
26,75,32
27,75,32
28,75,32
29,75,32
30,75,32
31,75,32
32,75,32
33,75,32
34,75,32
35,75,32
36,75,32
37,75,32
38,75,32
39,75,32
40,75,32
41,75,32
42,75,32
43,75,32
44,75,32
45,75,32
46,75,32
47,75,32
48,75,32
49,75,32
50,75,32
51,75,32
52,75,32
53,75,32
54,75,32
55,75,32
56,75,32
57,75,32
58,75,32
59,75,32
60,75,32
61,75,32
62,75,32
63,75,32
64,75,32
65,75,32
66,75,32
67,75,32
68,75,32
69,75,32
70,75,32
71,75,32
72,75,32
73,75,32
74,75,32
75,75,32
76,75,32
77,75,32
78,75,32
79,75,32
80,75,32
81,75,32
82,75,32
83,75,32
84,75,32
85,75,32
86,75,32
87,75,32
88,75,32
89,75,32
90,75,32
91,75,32
92,75,32
93,75,32
94,75,32
95,75,32
96,75,32
97,75,32
98,75,32
99,75,32
100,75,32
101,75,32
102,75,32
103,75,32
104,75,32
105,75,32
106,75,32
107,75,32
108,75,32
109,75,32
110,75,32
111,75,32
112,75,32
113,75,32
114,75,32
115,75,32
116,75,32
117,75,32
118,75,32
119,75,32
120,75,32
121,75,32
122,75,32
123,75,32
124,75,32
125,75,32
126,75,32
127,75,32
128,75,32
129,75,32
130,75,32
131,75,32
132,75,32
133,75,32
134,75,32
135,75,32
136,75,32
137,75,32
138,75,32
139,75,32
140,75,32
141,75,32
142,75,32
143,75,32
144,75,32
145,75,32
146,75,32
147,75,32
148,75,32
149,75,32
150,75,32
151,75,32
152,75,32
153,75,32
154,75,32
155,75,32
156,75,32
157,75,32
158,75,32
159,75,32
160,75,32
161,75,32
162,75,32
163,75,32
164,75,32
165,75,32
166,75,32
167,75,32
168,75,32
169,75,32
170,75,32
171,75,32
172,75,32
173,75,32
174,75,32
175,75,32
176,75,32
177,75,32
178,75,32
179,75,32
180,75,32
181,75,32
182,75,32
183,75,32
184,75,32
185,75,32
186,75,32
187,75,32
188,75,32
189,75,32
190,75,32
191,75,32
192,75,32
193,75,32
194,75,32
195,75,32
196,75,32
197,75,32
198,75,32
199,75,32
200,75,32
201,75,32
202,75,32
203,75,32
204,75,32
205,75,32
206,75,32
207,75,32
208,75,32
209,75,32
210,75,32
211,75,32
212,75,32
213,75,32
214,75,32
215,75,32
216,75,32
217,75,32
218,75,32
219,75,32
220,75,32
221,75,32
222,75,32
223,75,32
224,75,32
225,75,32
226,75,32
227,75,32
228,75,32
229,75,32
230,75,32
231,75,32
232,75,32
233,75,32
234,75,32
235,75,32
236,75,32
237,75,32
238,75,32
239,75,32
240,75,32
241,75,32
242,75,32
243,75,32
244,75,32
245,75,32
246,75,32
247,75,32
248,75,32
249,75,32
250,75,32
251,75,32
252,75,32
253,75,32
254,75,32
255,75,32
256,75,32
257,75,32
258,75,32
259,75,32
260,75,32
261,75,32
262,75,32
263,75,32
264,75,32
265,75,32
266,75,32
267,75,32
268,75,32
269,75,32
270,75,32
271,75,32
272,75,32
273,75,32
274,75,32
275,75,32
276,75,32
277,75,32
278,75,32
279,75,32
280,75,32
281,75,32
282,75,32
283,75,32
284,75,32
285,75,32
286,75,32
287,75,32
288,75,32
289,75,32
290,75,32
291,75,32
292,75,32
293,75,32
294,75,32
295,75,32
296,75,32
297,75,32
298,75,32
299,75,32
300,75,32
301,75,32
302,75,32
303,75,32
304,75,32
305,75,32
306,75,32
307,75,32
308,75,32
309,75,32
310,75,32
311,75,32
312,75,32
313,75,32
314,75,32
315,75,32
316,75,32
317,75,32
318,75,32
319,75,32
0,76,32
1,76,32
2,76,32
3,76,32
4,76,32
5,76,32
6,76,32
7,76,32
8,76,32
9,76,32
10,76,32
11,76,32
12,76,32
13,76,32
14,76,32
15,76,32
16,76,32
17,76,32
18,76,32
19,76,32
20,76,32
21,76,32
22,76,32
23,76,32
24,76,32
25,76,32
26,76,32
27,76,32
28,76,32
29,76,32
30,76,32
31,76,32
32,76,32
33,76,32
34,76,32
35,76,32
36,76,32
37,76,32
38,76,32
39,76,32
40,76,32
41,76,32
42,76,32
43,76,32
44,76,32
45,76,32
46,76,32
47,76,32
48,76,32
49,76,32
50,76,32
51,76,32
52,76,32
53,76,32
54,76,32
55,76,32
56,76,32
57,76,32
58,76,32
59,76,32
60,76,32
61,76,32
62,76,32
63,76,32
64,76,32
65,76,32
66,76,32
67,76,32
68,76,32
69,76,32
70,76,32
71,76,32
72,76,32
73,76,32
74,76,32
75,76,32
76,76,32
77,76,32
78,76,32
79,76,32
80,76,32
81,76,32
82,76,32
83,76,32
84,76,32
85,76,32
86,76,32
87,76,32
88,76,32
89,76,32
90,76,32
91,76,32
92,76,32
93,76,32
94,76,32
95,76,32
96,76,32
97,76,32
98,76,32
99,76,32
100,76,32
101,76,32
102,76,32
103,76,32
104,76,32
105,76,32
106,76,32
107,76,32
108,76,32
109,76,32
110,76,32
111,76,32
112,76,32
113,76,32
114,76,32
115,76,32
116,76,32
117,76,32
118,76,32
119,76,32
120,76,32
121,76,32
122,76,32
123,76,32
124,76,32
125,76,32
126,76,32
127,76,32
128,76,32
129,76,32
130,76,32
131,76,32
132,76,32
133,76,32
134,76,32
135,76,32
136,76,32
137,76,32
138,76,32
139,76,32
140,76,32
141,76,32
142,76,32
143,76,32
144,76,32
145,76,32
146,76,32
147,76,32
148,76,32
149,76,32
150,76,32
151,76,32
152,76,32
153,76,32
154,76,32
155,76,32
156,76,32
157,76,32
158,76,32
159,76,32
160,76,32
161,76,32
162,76,32
163,76,32
164,76,32
165,76,32
166,76,32
167,76,32
168,76,32
169,76,32
170,76,32
171,76,32
172,76,32
173,76,32
174,76,32
175,76,32
176,76,32
177,76,32
178,76,32
179,76,32
180,76,32
181,76,32
182,76,32
183,76,32
184,76,32
185,76,32
186,76,32
187,76,32
188,76,32
189,76,32
190,76,32
191,76,32
192,76,32
193,76,32
194,76,32
195,76,32
196,76,32
197,76,32
198,76,32
199,76,32
200,76,32
201,76,32
202,76,32
203,76,32
204,76,32
205,76,32
206,76,32
207,76,32
208,76,32
209,76,32
210,76,32
211,76,32
212,76,32
213,76,32
214,76,32
215,76,32
216,76,32
217,76,32
218,76,32
219,76,32
220,76,32
221,76,32
222,76,32
223,76,32
224,76,32
225,76,32
226,76,32
227,76,32
228,76,32
229,76,32
230,76,32
231,76,32
232,76,32
233,76,32
234,76,32
235,76,32
236,76,32
237,76,32
238,76,32
239,76,32
240,76,32
241,76,32
242,76,32
243,76,32
244,76,32
245,76,32
246,76,32
247,76,32
248,76,32
249,76,32
250,76,32
251,76,32
252,76,32
253,76,32
254,76,32
255,76,32
256,76,32
257,76,32
258,76,32
259,76,32
260,76,32
261,76,32
262,76,32
263,76,32
264,76,32
265,76,32
266,76,32
267,76,32
268,76,32
269,76,32
270,76,32
271,76,32
272,76,32
273,76,32
274,76,32
275,76,32
276,76,32
277,76,32
278,76,32
279,76,32
280,76,32
281,76,32
282,76,32
283,76,32
284,76,32
285,76,32
286,76,32
287,76,32
288,76,32
289,76,32
290,76,32
291,76,32
292,76,32
293,76,32
294,76,32
295,76,32
296,76,32
297,76,32
298,76,32
299,76,32
300,76,32
301,76,32
302,76,32
303,76,32
304,76,32
305,76,32
306,76,32
307,76,32
308,76,32
309,76,32
310,76,32
311,76,32
312,76,32
313,76,32
314,76,32
315,76,32
316,76,32
317,76,32
318,76,32
319,76,32
0,77,32
1,77,32
2,77,32
3,77,32
4,77,32
5,77,32
6,77,32
7,77,32
8,77,32
9,77,32
10,77,32
11,77,32
12,77,32
13,77,32
14,77,32
15,77,32
16,77,32
17,77,32
18,77,32
19,77,32
20,77,32
21,77,32
22,77,32
23,77,32
24,77,32
25,77,32
26,77,32
27,77,32
28,77,32
29,77,32
30,77,32
31,77,32
32,77,32
33,77,32
34,77,32
35,77,32
36,77,32
37,77,32
38,77,32
39,77,32
40,77,32
41,77,32
42,77,32
43,77,32
44,77,32
45,77,32
46,77,32
47,77,32
48,77,32
49,77,32
50,77,32
51,77,32
52,77,32
53,77,32
54,77,32
55,77,32
56,77,32
57,77,32
58,77,32
59,77,32
60,77,32
61,77,32
62,77,32
63,77,32
64,77,32
65,77,32
66,77,32
67,77,32
68,77,32
69,77,32
70,77,32
71,77,32
72,77,32
73,77,32
74,77,32
75,77,32
76,77,32
77,77,32
78,77,32
79,77,32
80,77,32
81,77,32
82,77,32
83,77,32
84,77,32
85,77,32
86,77,32
87,77,32
88,77,32
89,77,32
90,77,32
91,77,32
92,77,32
93,77,32
94,77,32
95,77,32
96,77,32
97,77,32
98,77,32
99,77,32
100,77,32
101,77,32
102,77,32
103,77,32
104,77,32
105,77,32
106,77,32
107,77,32
108,77,32
109,77,32
110,77,32
111,77,32
112,77,32
113,77,32
114,77,32
115,77,32
116,77,32
117,77,32
118,77,32
119,77,32
120,77,32
121,77,32
122,77,32
123,77,32
124,77,32
125,77,32
126,77,32
127,77,32
128,77,32
129,77,32
130,77,32
131,77,32
132,77,32
133,77,32
134,77,32
135,77,32
136,77,32
137,77,32
138,77,32
139,77,32
140,77,32
141,77,32
142,77,32
143,77,32
144,77,32
145,77,32
146,77,32
147,77,32
148,77,32
149,77,32
150,77,32
151,77,32
152,77,32
153,77,32
154,77,32
155,77,32
156,77,32
157,77,32
158,77,32
159,77,32
160,77,32
161,77,32
162,77,32
163,77,32
164,77,32
165,77,32
166,77,32
167,77,32
168,77,32
169,77,32
170,77,32
171,77,32
172,77,32
173,77,32
174,77,32
175,77,32
176,77,32
177,77,32
178,77,32
179,77,32
180,77,32
181,77,32
182,77,32
183,77,32
184,77,32
185,77,32
186,77,32
187,77,32
188,77,32
189,77,32
190,77,32
191,77,32
192,77,32
193,77,32
194,77,32
195,77,32
196,77,32
197,77,32
198,77,32
199,77,32
200,77,32
201,77,32
202,77,32
203,77,32
204,77,32
205,77,32
206,77,32
207,77,32
208,77,32
209,77,32
210,77,32
211,77,32
212,77,32
213,77,32
214,77,32
215,77,32
216,77,32
217,77,32
218,77,32
219,77,32
220,77,32
221,77,32
222,77,32
223,77,32
224,77,32
225,77,32
226,77,32
227,77,32
228,77,32
229,77,32
230,77,32
231,77,32
232,77,32
233,77,32
234,77,32
235,77,32
236,77,32
237,77,32
238,77,32
239,77,32
240,77,32
241,77,32
242,77,32
243,77,32
244,77,32
245,77,32
246,77,32
247,77,32
248,77,32
249,77,32
250,77,32
251,77,32
252,77,32
253,77,32
254,77,32
255,77,32
256,77,32
257,77,32
258,77,32
259,77,32
260,77,32
261,77,32
262,77,32
263,77,32
264,77,32
265,77,32
266,77,32
267,77,32
268,77,32
269,77,32
270,77,32
271,77,32
272,77,32
273,77,32
274,77,32
275,77,32
276,77,32
277,77,32
278,77,32
279,77,32
280,77,32
281,77,32
282,77,32
283,77,32
284,77,32
285,77,32
286,77,32
287,77,32
288,77,32
289,77,32
290,77,32
291,77,32
292,77,32
293,77,32
294,77,32
295,77,32
296,77,32
297,77,32
298,77,32
299,77,32
300,77,32
301,77,32
302,77,32
303,77,32
304,77,32
305,77,32
306,77,32
307,77,32
308,77,32
309,77,32
310,77,32
311,77,32
312,77,32
313,77,32
314,77,32
315,77,32
316,77,32
317,77,32
318,77,32
319,77,32
0,78,32
1,78,32
2,78,32
3,78,32
4,78,32
5,78,32
6,78,32
7,78,32
8,78,32
9,78,32
10,78,32
11,78,32
12,78,32
13,78,32
14,78,32
15,78,32
16,78,32
17,78,32
18,78,32
19,78,32
20,78,32
21,78,32
22,78,32
23,78,32
24,78,32
25,78,32
26,78,32
27,78,32
28,78,32
29,78,32
30,78,32
31,78,32
32,78,32
33,78,32
34,78,32
35,78,32
36,78,32
37,78,32
38,78,32
39,78,32
40,78,32
41,78,32
42,78,32
43,78,32
44,78,32
45,78,32
46,78,32
47,78,32
48,78,32
49,78,32
50,78,32
51,78,32
52,78,32
53,78,32
54,78,32
55,78,32
56,78,32
57,78,32
58,78,32
59,78,32
60,78,32
61,78,32
62,78,32
63,78,32
64,78,32
65,78,32
66,78,32
67,78,32
68,78,32
69,78,32
70,78,32
71,78,32
72,78,32
73,78,32
74,78,32
75,78,32
76,78,32
77,78,32
78,78,32
79,78,32
80,78,32
81,78,32
82,78,32
83,78,32
84,78,32
85,78,32
86,78,32
87,78,32
88,78,32
89,78,32
90,78,32
91,78,32
92,78,32
93,78,32
94,78,32
95,78,32
96,78,32
97,78,32
98,78,32
99,78,32
100,78,32
101,78,32
102,78,32
103,78,32
104,78,32
105,78,32
106,78,32
107,78,32
108,78,32
109,78,32
110,78,32
111,78,32
112,78,32
113,78,32
114,78,32
115,78,32
116,78,32
117,78,32
118,78,32
119,78,32
120,78,32
121,78,32
122,78,32
123,78,32
124,78,32
125,78,32
126,78,32
127,78,32
128,78,32
129,78,32
130,78,32
131,78,32
132,78,32
133,78,32
134,78,32
135,78,32
136,78,32
137,78,32
138,78,32
139,78,32
140,78,32
141,78,32
142,78,32
143,78,32
144,78,32
145,78,32
146,78,32
147,78,32
148,78,32
149,78,32
150,78,32
151,78,32
152,78,32
153,78,32
154,78,32
155,78,32
156,78,32
157,78,32
158,78,32
159,78,32
160,78,32
161,78,32
162,78,32
163,78,32
164,78,32
165,78,32
166,78,32
167,78,32
168,78,32
169,78,32
170,78,32
171,78,32
172,78,32
173,78,32
174,78,32
175,78,32
176,78,32
177,78,32
178,78,32
179,78,32
180,78,32
181,78,32
182,78,32
183,78,32
184,78,32
185,78,32
186,78,32
187,78,32
188,78,32
189,78,32
190,78,32
191,78,32
192,78,32
193,78,32
194,78,32
195,78,32
196,78,32
197,78,32
198,78,32
199,78,32
200,78,32
201,78,32
202,78,32
203,78,32
204,78,32
205,78,32
206,78,32
207,78,32
208,78,32
209,78,32
210,78,32
211,78,32
212,78,32
213,78,32
214,78,32
215,78,32
216,78,32
217,78,32
218,78,32
219,78,32
220,78,32
221,78,32
222,78,32
223,78,32
224,78,32
225,78,32
226,78,32
227,78,32
228,78,32
229,78,32
230,78,32
231,78,32
232,78,32
233,78,32
234,78,32
235,78,32
236,78,32
237,78,32
238,78,32
239,78,32
240,78,32
241,78,32
242,78,32
243,78,32
244,78,32
245,78,32
246,78,32
247,78,32
248,78,32
249,78,32
250,78,32
251,78,32
252,78,32
253,78,32
254,78,32
255,78,32
256,78,32
257,78,32
258,78,32
259,78,32
260,78,32
261,78,32
262,78,32
263,78,32
264,78,32
265,78,32
266,78,32
267,78,32
268,78,32
269,78,32
270,78,32
271,78,32
272,78,32
273,78,32
274,78,32
275,78,32
276,78,32
277,78,32
278,78,32
279,78,32
280,78,32
281,78,32
282,78,32
283,78,32
284,78,32
285,78,32
286,78,32
287,78,32
288,78,32
289,78,32
290,78,32
291,78,32
292,78,32
293,78,32
294,78,32
295,78,32
296,78,32
297,78,32
298,78,32
299,78,32
300,78,32
301,78,32
302,78,32
303,78,32
304,78,32
305,78,32
306,78,32
307,78,32
308,78,32
309,78,32
310,78,32
311,78,32
312,78,32
313,78,32
314,78,32
315,78,32
316,78,32
317,78,32
318,78,32
319,78,32
0,79,32
1,79,32
2,79,32
3,79,32
4,79,32
5,79,32
6,79,32
7,79,32
8,79,32
9,79,32
10,79,32
11,79,32
12,79,32
13,79,32
14,79,32
15,79,32
16,79,32
17,79,32
18,79,32
19,79,32
20,79,32
21,79,32
22,79,32
23,79,32
24,79,32
25,79,32
26,79,32
27,79,32
28,79,32
29,79,32
30,79,32
31,79,32
32,79,32
33,79,32
34,79,32
35,79,32
36,79,32
37,79,32
38,79,32
39,79,32
40,79,32
41,79,32
42,79,32
43,79,32
44,79,32
45,79,32
46,79,32
47,79,32
48,79,32
49,79,32
50,79,32
51,79,32
52,79,32
53,79,32
54,79,32
55,79,32
56,79,32
57,79,32
58,79,32
59,79,32
60,79,32
61,79,32
62,79,32
63,79,32
64,79,32
65,79,32
66,79,32
67,79,32
68,79,32
69,79,32
70,79,32
71,79,32
72,79,32
73,79,32
74,79,32
75,79,32
76,79,32
77,79,32
78,79,32
79,79,32
80,79,32
81,79,32
82,79,32
83,79,32
84,79,32
85,79,32
86,79,32
87,79,32
88,79,32
89,79,32
90,79,32
91,79,32
92,79,32
93,79,32
94,79,32
95,79,32
96,79,32
97,79,32
98,79,32
99,79,32
100,79,32
101,79,32
102,79,32
103,79,32
104,79,32
105,79,32
106,79,32
107,79,32
108,79,32
109,79,32
110,79,32
111,79,32
112,79,32
113,79,32
114,79,32
115,79,32
116,79,32
117,79,32
118,79,32
119,79,32
120,79,32
121,79,32
122,79,32
123,79,32
124,79,32
125,79,32
126,79,32
127,79,32
128,79,32
129,79,32
130,79,32
131,79,32
132,79,32
133,79,32
134,79,32
135,79,32
136,79,32
137,79,32
138,79,32
139,79,32
140,79,32
141,79,32
142,79,32
143,79,32
144,79,32
145,79,32
146,79,32
147,79,32
148,79,32
149,79,32
150,79,32
151,79,32
152,79,32
153,79,32
154,79,32
155,79,32
156,79,32
157,79,32
158,79,32
159,79,32
160,79,32
161,79,32
162,79,32
163,79,32
164,79,32
165,79,32
166,79,32
167,79,32
168,79,32
169,79,32
170,79,32
171,79,32
172,79,32
173,79,32
174,79,32
175,79,32
176,79,32
177,79,32
178,79,32
179,79,32
180,79,32
181,79,32
182,79,32
183,79,32
184,79,32
185,79,32
186,79,32
187,79,32
188,79,32
189,79,32
190,79,32
191,79,32
192,79,32
193,79,32
194,79,32
195,79,32
196,79,32
197,79,32
198,79,32
199,79,32
200,79,32
201,79,32
202,79,32
203,79,32
204,79,32
205,79,32
206,79,32
207,79,32
208,79,32
209,79,32
210,79,32
211,79,32
212,79,32
213,79,32
214,79,32
215,79,32
216,79,32
217,79,32
218,79,32
219,79,32
220,79,32
221,79,32
222,79,32
223,79,32
224,79,32
225,79,32
226,79,32
227,79,32
228,79,32
229,79,32
230,79,32
231,79,32
232,79,32
233,79,32
234,79,32
235,79,32
236,79,32
237,79,32
238,79,32
239,79,32
240,79,32
241,79,32
242,79,32
243,79,32
244,79,32
245,79,32
246,79,32
247,79,32
248,79,32
249,79,32
250,79,32
251,79,32
252,79,32
253,79,32
254,79,32
255,79,32
256,79,32
257,79,32
258,79,32
259,79,32
260,79,32
261,79,32
262,79,32
263,79,32
264,79,32
265,79,32
266,79,32
267,79,32
268,79,32
269,79,32
270,79,32
271,79,32
272,79,32
273,79,32
274,79,32
275,79,32
276,79,32
277,79,32
278,79,32
279,79,32
280,79,32
281,79,32
282,79,32
283,79,32
284,79,32
285,79,32
286,79,32
287,79,32
288,79,32
289,79,32
290,79,32
291,79,32
292,79,32
293,79,32
294,79,32
295,79,32
296,79,32
297,79,32
298,79,32
299,79,32
300,79,32
301,79,32
302,79,32
303,79,32
304,79,32
305,79,32
306,79,32
307,79,32
308,79,32
309,79,32
310,79,32
311,79,32
312,79,32
313,79,32
314,79,32
315,79,32
316,79,32
317,79,32
318,79,32
319,79,32
0,80,32
1,80,32
2,80,32
3,80,32
4,80,32
5,80,32
6,80,32
7,80,32
8,80,32
9,80,32
10,80,32
11,80,32
12,80,32
13,80,32
14,80,32
15,80,32
16,80,32
17,80,32
18,80,32
19,80,32
20,80,32
21,80,32
22,80,32
23,80,32
24,80,32
25,80,32
26,80,32
27,80,32
28,80,32
29,80,32
30,80,32
31,80,32
32,80,32
33,80,32
34,80,32
35,80,32
36,80,32
37,80,32
38,80,32
39,80,32
40,80,32
41,80,32
42,80,32
43,80,32
44,80,32
45,80,32
46,80,32
47,80,32
48,80,32
49,80,32
50,80,32
51,80,32
52,80,32
53,80,32
54,80,32
55,80,32
56,80,32
57,80,32
58,80,32
59,80,32
60,80,32
61,80,32
62,80,32
63,80,32
64,80,32
65,80,32
66,80,32
67,80,32
68,80,32
69,80,32
70,80,32
71,80,32
72,80,32
73,80,32
74,80,32
75,80,32
76,80,32
77,80,32
78,80,32
79,80,32
80,80,32
81,80,32
82,80,32
83,80,32
84,80,32
85,80,32
86,80,32
87,80,32
88,80,32
89,80,32
90,80,32
91,80,32
92,80,32
93,80,32
94,80,32
95,80,32
96,80,32
97,80,32
98,80,32
99,80,32
100,80,32
101,80,32
102,80,32
103,80,32
104,80,32
105,80,32
106,80,32
107,80,32
108,80,32
109,80,32
110,80,32
111,80,32
112,80,32
113,80,32
114,80,32
115,80,32
116,80,32
117,80,32
118,80,32
119,80,32
120,80,32
121,80,32
122,80,32
123,80,32
124,80,32
125,80,32
126,80,32
127,80,32
128,80,32
129,80,32
130,80,32
131,80,32
132,80,32
133,80,32
134,80,32
135,80,32
136,80,32
137,80,32
138,80,32
139,80,32
140,80,32
141,80,32
142,80,32
143,80,32
144,80,32
145,80,32
146,80,32
147,80,32
148,80,32
149,80,32
150,80,32
151,80,32
152,80,32
153,80,32
154,80,32
155,80,32
156,80,32
157,80,32
158,80,32
159,80,32
160,80,32
161,80,32
162,80,32
163,80,32
164,80,32
165,80,32
166,80,32
167,80,32
168,80,32
169,80,32
170,80,32
171,80,32
172,80,32
173,80,32
174,80,32
175,80,32
176,80,32
177,80,32
178,80,32
179,80,32
180,80,32
181,80,32
182,80,32
183,80,32
184,80,32
185,80,32
186,80,32
187,80,32
188,80,32
189,80,32
190,80,32
191,80,32
192,80,32
193,80,32
194,80,32
195,80,32
196,80,32
197,80,32
198,80,32
199,80,32
200,80,32
201,80,32
202,80,32
203,80,32
204,80,32
205,80,32
206,80,32
207,80,32
208,80,32
209,80,32
210,80,32
211,80,32
212,80,32
213,80,32
214,80,32
215,80,32
216,80,32
217,80,32
218,80,32
219,80,32
220,80,32
221,80,32
222,80,32
223,80,32
224,80,32
225,80,32
226,80,32
227,80,32
228,80,32
229,80,32
230,80,32
231,80,32
232,80,32
233,80,32
234,80,32
235,80,32
236,80,32
237,80,32
238,80,32
239,80,32
240,80,32
241,80,32
242,80,32
243,80,32
244,80,32
245,80,32
246,80,32
247,80,32
248,80,32
249,80,32
250,80,32
251,80,32
252,80,32
253,80,32
254,80,32
255,80,32
256,80,32
257,80,32
258,80,32
259,80,32
260,80,32
261,80,32
262,80,32
263,80,32
264,80,32
265,80,32
266,80,32
267,80,32
268,80,32
269,80,32
270,80,32
271,80,32
272,80,32
273,80,32
274,80,32
275,80,32
276,80,32
277,80,32
278,80,32
279,80,32
280,80,32
281,80,32
282,80,32
283,80,32
284,80,32
285,80,32
286,80,32
287,80,32
288,80,32
289,80,32
290,80,32
291,80,32
292,80,32
293,80,32
294,80,32
295,80,32
296,80,32
297,80,32
298,80,32
299,80,32
300,80,32
301,80,32
302,80,32
303,80,32
304,80,32
305,80,32
306,80,32
307,80,32
308,80,32
309,80,32
310,80,32
311,80,32
312,80,32
313,80,32
314,80,32
315,80,32
316,80,32
317,80,32
318,80,32
319,80,32
0,81,32
1,81,32
2,81,32
3,81,32
4,81,32
5,81,32
6,81,32
7,81,32
8,81,32
9,81,32
10,81,32
11,81,32
12,81,32
13,81,32
14,81,32
15,81,32
16,81,32
17,81,32
18,81,32
19,81,32
20,81,32
21,81,32
22,81,32
23,81,32
24,81,32
25,81,32
26,81,32
27,81,32
28,81,32
29,81,32
30,81,32
31,81,32
32,81,32
33,81,32
34,81,32
35,81,32
36,81,32
37,81,32
38,81,32
39,81,32
40,81,32
41,81,32
42,81,32
43,81,32
44,81,32
45,81,32
46,81,32
47,81,32
48,81,32
49,81,32
50,81,32
51,81,32
52,81,32
53,81,32
54,81,32
55,81,32
56,81,32
57,81,32
58,81,32
59,81,32
60,81,32
61,81,32
62,81,32
63,81,32
64,81,32
65,81,32
66,81,32
67,81,32
68,81,32
69,81,32
70,81,32
71,81,32
72,81,32
73,81,32
74,81,32
75,81,32
76,81,32
77,81,32
78,81,32
79,81,32
80,81,32
81,81,32
82,81,32
83,81,32
84,81,32
85,81,32
86,81,32
87,81,32
88,81,32
89,81,32
90,81,32
91,81,32
92,81,32
93,81,32
94,81,32
95,81,32
96,81,32
97,81,32
98,81,32
99,81,32
100,81,32
101,81,32
102,81,32
103,81,32
104,81,32
105,81,32
106,81,32
107,81,32
108,81,32
109,81,32
110,81,32
111,81,32
112,81,32
113,81,32
114,81,32
115,81,32
116,81,32
117,81,32
118,81,32
119,81,32
120,81,32
121,81,32
122,81,32
123,81,32
124,81,32
125,81,32
126,81,32
127,81,32
128,81,32
129,81,32
130,81,32
131,81,32
132,81,32
133,81,32
134,81,32
135,81,32
136,81,32
137,81,32
138,81,32
139,81,32
140,81,32
141,81,32
142,81,32
143,81,32
144,81,32
145,81,32
146,81,32
147,81,32
148,81,32
149,81,32
150,81,32
151,81,32
152,81,32
153,81,32
154,81,32
155,81,32
156,81,32
157,81,32
158,81,32
159,81,32
160,81,32
161,81,32
162,81,32
163,81,32
164,81,32
165,81,32
166,81,32
167,81,32
168,81,32
169,81,32
170,81,32
171,81,32
172,81,32
173,81,32
174,81,32
175,81,32
176,81,32
177,81,32
178,81,32
179,81,32
180,81,32
181,81,32
182,81,32
183,81,32
184,81,32
185,81,32
186,81,32
187,81,32
188,81,32
189,81,32
190,81,32
191,81,32
192,81,32
193,81,32
194,81,32
195,81,32
196,81,32
197,81,32
198,81,32
199,81,32
200,81,32
201,81,32
202,81,32
203,81,32
204,81,32
205,81,32
206,81,32
207,81,32
208,81,32
209,81,32
210,81,32
211,81,32
212,81,32
213,81,32
214,81,32
215,81,32
216,81,32
217,81,32
218,81,32
219,81,32
220,81,32
221,81,32
222,81,32
223,81,32
224,81,32
225,81,32
226,81,32
227,81,32
228,81,32
229,81,32
230,81,32
231,81,32
232,81,32
233,81,32
234,81,32
235,81,32
236,81,32
237,81,32
238,81,32
239,81,32
240,81,32
241,81,32
242,81,32
243,81,32
244,81,32
245,81,32
246,81,32
247,81,32
248,81,32
249,81,32
250,81,32
251,81,32
252,81,32
253,81,32
254,81,32
255,81,32
256,81,32
257,81,32
258,81,32
259,81,32
260,81,32
261,81,32
262,81,32
263,81,32
264,81,32
265,81,32
266,81,32
267,81,32
268,81,32
269,81,32
270,81,32
271,81,32
272,81,32
273,81,32
274,81,32
275,81,32
276,81,32
277,81,32
278,81,32
279,81,32
280,81,32
281,81,32
282,81,32
283,81,32
284,81,32
285,81,32
286,81,32
287,81,32
288,81,32
289,81,32
290,81,32
291,81,32
292,81,32
293,81,32
294,81,32
295,81,32
296,81,32
297,81,32
298,81,32
299,81,32
300,81,32
301,81,32
302,81,32
303,81,32
304,81,32
305,81,32
306,81,32
307,81,32
308,81,32
309,81,32
310,81,32
311,81,32
312,81,32
313,81,32
314,81,32
315,81,32
316,81,32
317,81,32
318,81,32
319,81,32
0,82,32
1,82,32
2,82,32
3,82,32
4,82,32
5,82,32
6,82,32
7,82,32
8,82,32
9,82,32
10,82,32
11,82,32
12,82,32
13,82,32
14,82,32
15,82,32
16,82,32
17,82,32
18,82,32
19,82,32
20,82,32
21,82,32
22,82,32
23,82,32
24,82,32
25,82,32
26,82,32
27,82,32
28,82,32
29,82,32
30,82,32
31,82,32
32,82,32
33,82,32
34,82,32
35,82,32
36,82,32
37,82,32
38,82,32
39,82,32
40,82,32
41,82,32
42,82,32
43,82,32
44,82,32
45,82,32
46,82,32
47,82,32
48,82,32
49,82,32
50,82,32
51,82,32
52,82,32
53,82,32
54,82,32
55,82,32
56,82,32
57,82,32
58,82,32
59,82,32
60,82,32
61,82,32
62,82,32
63,82,32
64,82,32
65,82,32
66,82,32
67,82,32
68,82,32
69,82,32
70,82,32
71,82,32
72,82,32
73,82,32
74,82,32
75,82,32
76,82,32
77,82,32
78,82,32
79,82,32
80,82,32
81,82,32
82,82,32
83,82,32
84,82,32
85,82,32
86,82,32
87,82,32
88,82,32
89,82,32
90,82,32
91,82,32
92,82,32
93,82,32
94,82,32
95,82,32
96,82,32
97,82,32
98,82,32
99,82,32
100,82,32
101,82,32
102,82,32
103,82,32
104,82,32
105,82,32
106,82,32
107,82,32
108,82,32
109,82,32
110,82,32
111,82,32
112,82,32
113,82,32
114,82,32
115,82,32
116,82,32
117,82,32
118,82,32
119,82,32
120,82,32
121,82,32
122,82,32
123,82,32
124,82,32
125,82,32
126,82,32
127,82,32
128,82,32
129,82,32
130,82,32
131,82,32
132,82,32
133,82,32
134,82,32
135,82,32
136,82,32
137,82,32
138,82,32
139,82,32
140,82,32
141,82,32
142,82,32
143,82,32
144,82,32
145,82,32
146,82,32
147,82,32
148,82,32
149,82,32
150,82,32
151,82,32
152,82,32
153,82,32
154,82,32
155,82,32
156,82,32
157,82,32
158,82,32
159,82,32
160,82,32
161,82,32
162,82,32
163,82,32
164,82,32
165,82,32
166,82,32
167,82,32
168,82,32
169,82,32
170,82,32
171,82,32
172,82,32
173,82,32
174,82,32
175,82,32
176,82,32
177,82,32
178,82,32
179,82,32
180,82,32
181,82,32
182,82,32
183,82,32
184,82,32
185,82,32
186,82,32
187,82,32
188,82,32
189,82,32
190,82,32
191,82,32
192,82,32
193,82,32
194,82,32
195,82,32
196,82,32
197,82,32
198,82,32
199,82,32
200,82,32
201,82,32
202,82,32
203,82,32
204,82,32
205,82,32
206,82,32
207,82,32
208,82,32
209,82,32
210,82,32
211,82,32
212,82,32
213,82,32
214,82,32
215,82,32
216,82,32
217,82,32
218,82,32
219,82,32
220,82,32
221,82,32
222,82,32
223,82,32
224,82,32
225,82,32
226,82,32
227,82,32
228,82,32
229,82,32
230,82,32
231,82,32
232,82,32
233,82,32
234,82,32
235,82,32
236,82,32
237,82,32
238,82,32
239,82,32
240,82,32
241,82,32
242,82,32
243,82,32
244,82,32
245,82,32
246,82,32
247,82,32
248,82,32
249,82,32
250,82,32
251,82,32
252,82,32
253,82,32
254,82,32
255,82,32
256,82,32
257,82,32
258,82,32
259,82,32
260,82,32
261,82,32
262,82,32
263,82,32
264,82,32
265,82,32
266,82,32
267,82,32
268,82,32
269,82,32
270,82,32
271,82,32
272,82,32
273,82,32
274,82,32
275,82,32
276,82,32
277,82,32
278,82,32
279,82,32
280,82,32
281,82,32
282,82,32
283,82,32
284,82,32
285,82,32
286,82,32
287,82,32
288,82,32
289,82,32
290,82,32
291,82,32
292,82,32
293,82,32
294,82,32
295,82,32
296,82,32
297,82,32
298,82,32
299,82,32
300,82,32
301,82,32
302,82,32
303,82,32
304,82,32
305,82,32
306,82,32
307,82,32
308,82,32
309,82,32
310,82,32
311,82,32
312,82,32
313,82,32
314,82,32
315,82,32
316,82,32
317,82,32
318,82,32
319,82,32
0,83,32
1,83,32
2,83,32
3,83,32
4,83,32
5,83,32
6,83,32
7,83,32
8,83,32
9,83,32
10,83,32
11,83,32
12,83,32
13,83,32
14,83,32
15,83,32
16,83,32
17,83,32
18,83,32
19,83,32
20,83,32
21,83,32
22,83,32
23,83,32
24,83,32
25,83,32
26,83,32
27,83,32
28,83,32
29,83,32
30,83,32
31,83,32
32,83,32
33,83,32
34,83,32
35,83,32
36,83,32
37,83,32
38,83,32
39,83,32
40,83,32
41,83,32
42,83,32
43,83,32
44,83,32
45,83,32
46,83,32
47,83,32
48,83,32
49,83,32
50,83,32
51,83,32
52,83,32
53,83,32
54,83,32
55,83,32
56,83,32
57,83,32
58,83,32
59,83,32
60,83,32
61,83,32
62,83,32
63,83,32
64,83,32
65,83,32
66,83,32
67,83,32
68,83,32
69,83,32
70,83,32
71,83,32
72,83,32
73,83,32
74,83,32
75,83,32
76,83,32
77,83,32
78,83,32
79,83,32
80,83,32
81,83,32
82,83,32
83,83,32
84,83,32
85,83,32
86,83,32
87,83,32
88,83,32
89,83,32
90,83,32
91,83,32
92,83,32
93,83,32
94,83,32
95,83,32
96,83,32
97,83,32
98,83,32
99,83,32
100,83,32
101,83,32
102,83,32
103,83,32
104,83,32
105,83,32
106,83,32
107,83,32
108,83,32
109,83,32
110,83,32
111,83,32
112,83,32
113,83,32
114,83,32
115,83,32
116,83,32
117,83,32
118,83,32
119,83,32
120,83,32
121,83,32
122,83,32
123,83,32
124,83,32
125,83,32
126,83,32
127,83,32
128,83,32
129,83,32
130,83,32
131,83,32
132,83,32
133,83,32
134,83,32
135,83,32
136,83,32
137,83,32
138,83,32
139,83,32
140,83,32
141,83,32
142,83,32
143,83,32
144,83,32
145,83,32
146,83,32
147,83,32
148,83,32
149,83,32
150,83,32
151,83,32
152,83,32
153,83,32
154,83,32
155,83,32
156,83,32
157,83,32
158,83,32
159,83,32
160,83,32
161,83,32
162,83,32
163,83,32
164,83,32
165,83,32
166,83,32
167,83,32
168,83,32
169,83,32
170,83,32
171,83,32
172,83,32
173,83,32
174,83,32
175,83,32
176,83,32
177,83,32
178,83,32
179,83,32
180,83,32
181,83,32
182,83,32
183,83,32
184,83,32
185,83,32
186,83,32
187,83,32
188,83,32
189,83,32
190,83,32
191,83,32
192,83,32
193,83,32
194,83,32
195,83,32
196,83,32
197,83,32
198,83,32
199,83,32
200,83,32
201,83,32
202,83,32
203,83,32
204,83,32
205,83,32
206,83,32
207,83,32
208,83,32
209,83,32
210,83,32
211,83,32
212,83,32
213,83,32
214,83,32
215,83,32
216,83,32
217,83,32
218,83,32
219,83,32
220,83,32
221,83,32
222,83,32
223,83,32
224,83,32
225,83,32
226,83,32
227,83,32
228,83,32
229,83,32
230,83,32
231,83,32
232,83,32
233,83,32
234,83,32
235,83,32
236,83,32
237,83,32
238,83,32
239,83,32
240,83,32
241,83,32
242,83,32
243,83,32
244,83,32
245,83,32
246,83,32
247,83,32
248,83,32
249,83,32
250,83,32
251,83,32
252,83,32
253,83,32
254,83,32
255,83,32
256,83,32
257,83,32
258,83,32
259,83,32
260,83,32
261,83,32
262,83,32
263,83,32
264,83,32
265,83,32
266,83,32
267,83,32
268,83,32
269,83,32
270,83,32
271,83,32
272,83,32
273,83,32
274,83,32
275,83,32
276,83,32
277,83,32
278,83,32
279,83,32
280,83,32
281,83,32
282,83,32
283,83,32
284,83,32
285,83,32
286,83,32
287,83,32
288,83,32
289,83,32
290,83,32
291,83,32
292,83,32
293,83,32
294,83,32
295,83,32
296,83,32
297,83,32
298,83,32
299,83,32
300,83,32
301,83,32
302,83,32
303,83,32
304,83,32
305,83,32
306,83,32
307,83,32
308,83,32
309,83,32
310,83,32
311,83,32
312,83,32
313,83,32
314,83,32
315,83,32
316,83,32
317,83,32
318,83,32
319,83,32
0,84,32
1,84,32
2,84,32
3,84,32
4,84,32
5,84,32
6,84,32
7,84,32
8,84,32
9,84,32
10,84,32
11,84,32
12,84,32
13,84,32
14,84,32
15,84,32
16,84,32
17,84,32
18,84,32
19,84,32
20,84,32
21,84,32
22,84,32
23,84,32
24,84,32
25,84,32
26,84,32
27,84,32
28,84,32
29,84,32
30,84,32
31,84,32
32,84,32
33,84,32
34,84,32
35,84,32
36,84,32
37,84,32
38,84,32
39,84,32
40,84,32
41,84,32
42,84,32
43,84,32
44,84,32
45,84,32
46,84,32
47,84,32
48,84,32
49,84,32
50,84,32
51,84,32
52,84,32
53,84,32
54,84,32
55,84,32
56,84,32
57,84,32
58,84,32
59,84,32
60,84,32
61,84,32
62,84,32
63,84,32
64,84,32
65,84,32
66,84,32
67,84,32
68,84,32
69,84,32
70,84,32
71,84,32
72,84,32
73,84,32
74,84,32
75,84,32
76,84,32
77,84,32
78,84,32
79,84,32
80,84,32
81,84,32
82,84,32
83,84,32
84,84,32
85,84,32
86,84,32
87,84,32
88,84,32
89,84,32
90,84,32
91,84,32
92,84,32
93,84,32
94,84,32
95,84,32
96,84,32
97,84,32
98,84,32
99,84,32
100,84,32
101,84,32
102,84,32
103,84,32
104,84,32
105,84,32
106,84,32
107,84,32
108,84,32
109,84,32
110,84,32
111,84,32
112,84,32
113,84,32
114,84,32
115,84,32
116,84,32
117,84,32
118,84,32
119,84,32
120,84,32
121,84,32
122,84,32
123,84,32
124,84,32
125,84,32
126,84,32
127,84,32
128,84,32
129,84,32
130,84,32
131,84,32
132,84,32
133,84,32
134,84,32
135,84,32
136,84,32
137,84,32
138,84,32
139,84,32
140,84,32
141,84,32
142,84,32
143,84,32
144,84,32
145,84,32
146,84,32
147,84,32
148,84,32
149,84,32
150,84,32
151,84,32
152,84,32
153,84,32
154,84,32
155,84,32
156,84,32
157,84,32
158,84,32
159,84,32
160,84,32
161,84,32
162,84,32
163,84,32
164,84,32
165,84,32
166,84,32
167,84,32
168,84,32
169,84,32
170,84,32
171,84,32
172,84,32
173,84,32
174,84,32
175,84,32
176,84,32
177,84,32
178,84,32
179,84,32
180,84,32
181,84,32
182,84,32
183,84,32
184,84,32
185,84,32
186,84,32
187,84,32
188,84,32
189,84,32
190,84,32
191,84,32
192,84,32
193,84,32
194,84,32
195,84,32
196,84,32
197,84,32
198,84,32
199,84,32
200,84,32
201,84,32
202,84,32
203,84,32
204,84,32
205,84,32
206,84,32
207,84,32
208,84,32
209,84,32
210,84,32
211,84,32
212,84,32
213,84,32
214,84,32
215,84,32
216,84,32
217,84,32
218,84,32
219,84,32
220,84,32
221,84,32
222,84,32
223,84,32
224,84,32
225,84,32
226,84,32
227,84,32
228,84,32
229,84,32
230,84,32
231,84,32
232,84,32
233,84,32
234,84,32
235,84,32
236,84,32
237,84,32
238,84,32
239,84,32
240,84,32
241,84,32
242,84,32
243,84,32
244,84,32
245,84,32
246,84,32
247,84,32
248,84,32
249,84,32
250,84,32
251,84,32
252,84,32
253,84,32
254,84,32
255,84,32
256,84,32
257,84,32
258,84,32
259,84,32
260,84,32
261,84,32
262,84,32
263,84,32
264,84,32
265,84,32
266,84,32
267,84,32
268,84,32
269,84,32
270,84,32
271,84,32
272,84,32
273,84,32
274,84,32
275,84,32
276,84,32
277,84,32
278,84,32
279,84,32
280,84,32
281,84,32
282,84,32
283,84,32
284,84,32
285,84,32
286,84,32
287,84,32
288,84,32
289,84,32
290,84,32
291,84,32
292,84,32
293,84,32
294,84,32
295,84,32
296,84,32
297,84,32
298,84,32
299,84,32
300,84,32
301,84,32
302,84,32
303,84,32
304,84,32
305,84,32
306,84,32
307,84,32
308,84,32
309,84,32
310,84,32
311,84,32
312,84,32
313,84,32
314,84,32
315,84,32
316,84,32
317,84,32
318,84,32
319,84,32
0,85,32
1,85,32
2,85,32
3,85,32
4,85,32
5,85,32
6,85,32
7,85,32
8,85,32
9,85,32
10,85,32
11,85,32
12,85,32
13,85,32
14,85,32
15,85,32
16,85,32
17,85,32
18,85,32
19,85,32
20,85,32
21,85,32
22,85,32
23,85,32
24,85,32
25,85,32
26,85,32
27,85,32
28,85,32
29,85,32
30,85,32
31,85,32
32,85,32
33,85,32
34,85,32
35,85,32
36,85,32
37,85,32
38,85,32
39,85,32
40,85,32
41,85,32
42,85,32
43,85,32
44,85,32
45,85,32
46,85,32
47,85,32
48,85,32
49,85,32
50,85,32
51,85,32
52,85,32
53,85,32
54,85,32
55,85,32
56,85,32
57,85,32
58,85,32
59,85,32
60,85,32
61,85,32
62,85,32
63,85,32
64,85,32
65,85,32
66,85,32
67,85,32
68,85,32
69,85,32
70,85,32
71,85,32
72,85,32
73,85,32
74,85,32
75,85,32
76,85,32
77,85,32
78,85,32
79,85,32
80,85,32
81,85,32
82,85,32
83,85,32
84,85,32
85,85,32
86,85,32
87,85,32
88,85,32
89,85,32
90,85,32
91,85,32
92,85,32
93,85,32
94,85,32
95,85,32
96,85,32
97,85,32
98,85,32
99,85,32
100,85,32
101,85,32
102,85,32
103,85,32
104,85,32
105,85,32
106,85,32
107,85,32
108,85,32
109,85,32
110,85,32
111,85,32
112,85,32
113,85,32
114,85,32
115,85,32
116,85,32
117,85,32
118,85,32
119,85,32
120,85,32
121,85,32
122,85,32
123,85,32
124,85,32
125,85,32
126,85,32
127,85,32
128,85,32
129,85,32
130,85,32
131,85,32
132,85,32
133,85,32
134,85,32
135,85,32
136,85,32
137,85,32
138,85,32
139,85,32
140,85,32
141,85,32
142,85,32
143,85,32
144,85,32
145,85,32
146,85,32
147,85,32
148,85,32
149,85,32
150,85,32
151,85,32
152,85,32
153,85,32
154,85,32
155,85,32
156,85,32
157,85,32
158,85,32
159,85,32
160,85,32
161,85,32
162,85,32
163,85,32
164,85,32
165,85,32
166,85,32
167,85,32
168,85,32
169,85,32
170,85,32
171,85,32
172,85,32
173,85,32
174,85,32
175,85,32
176,85,32
177,85,32
178,85,32
179,85,32
180,85,32
181,85,32
182,85,32
183,85,32
184,85,32
185,85,32
186,85,32
187,85,32
188,85,32
189,85,32
190,85,32
191,85,32
192,85,32
193,85,32
194,85,32
195,85,32
196,85,32
197,85,32
198,85,32
199,85,32
200,85,32
201,85,32
202,85,32
203,85,32
204,85,32
205,85,32
206,85,32
207,85,32
208,85,32
209,85,32
210,85,32
211,85,32
212,85,32
213,85,32
214,85,32
215,85,32
216,85,32
217,85,32
218,85,32
219,85,32
220,85,32
221,85,32
222,85,32
223,85,32
224,85,32
225,85,32
226,85,32
227,85,32
228,85,32
229,85,32
230,85,32
231,85,32
232,85,32
233,85,32
234,85,32
235,85,32
236,85,32
237,85,32
238,85,32
239,85,32
240,85,32
241,85,32
242,85,32
243,85,32
244,85,32
245,85,32
246,85,32
247,85,32
248,85,32
249,85,32
250,85,32
251,85,32
252,85,32
253,85,32
254,85,32
255,85,32
256,85,32
257,85,32
258,85,32
259,85,32
260,85,32
261,85,32
262,85,32
263,85,32
264,85,32
265,85,32
266,85,32
267,85,32
268,85,32
269,85,32
270,85,32
271,85,32
272,85,32
273,85,32
274,85,32
275,85,32
276,85,32
277,85,32
278,85,32
279,85,32
280,85,32
281,85,32
282,85,32
283,85,32
284,85,32
285,85,32
286,85,32
287,85,32
288,85,32
289,85,32
290,85,32
291,85,32
292,85,32
293,85,32
294,85,32
295,85,32
296,85,32
297,85,32
298,85,32
299,85,32
300,85,32
301,85,32
302,85,32
303,85,32
304,85,32
305,85,32
306,85,32
307,85,32
308,85,32
309,85,32
310,85,32
311,85,32
312,85,32
313,85,32
314,85,32
315,85,32
316,85,32
317,85,32
318,85,32
319,85,32
0,86,32
1,86,32
2,86,32
3,86,32
4,86,32
5,86,32
6,86,32
7,86,32
8,86,32
9,86,32
10,86,32
11,86,32
12,86,32
13,86,32
14,86,32
15,86,32
16,86,32
17,86,32
18,86,32
19,86,32
20,86,32
21,86,32
22,86,32
23,86,32
24,86,32
25,86,32
26,86,32
27,86,32
28,86,32
29,86,32
30,86,32
31,86,32
32,86,32
33,86,32
34,86,32
35,86,32
36,86,32
37,86,32
38,86,32
39,86,32
40,86,32
41,86,32
42,86,32
43,86,32
44,86,32
45,86,32
46,86,32
47,86,32
48,86,32
49,86,32
50,86,32
51,86,32
52,86,32
53,86,32
54,86,32
55,86,32
56,86,32
57,86,32
58,86,32
59,86,32
60,86,32
61,86,32
62,86,32
63,86,32
64,86,32
65,86,32
66,86,32
67,86,32
68,86,32
69,86,32
70,86,32
71,86,32
72,86,32
73,86,32
74,86,32
75,86,32
76,86,32
77,86,32
78,86,32
79,86,32
80,86,32
81,86,32
82,86,32
83,86,32
84,86,32
85,86,32
86,86,32
87,86,32
88,86,32
89,86,32
90,86,32
91,86,32
92,86,32
93,86,32
94,86,32
95,86,32
96,86,32
97,86,32
98,86,32
99,86,32
100,86,32
101,86,32
102,86,32
103,86,32
104,86,32
105,86,32
106,86,32
107,86,32
108,86,32
109,86,32
110,86,32
111,86,32
112,86,32
113,86,32
114,86,32
115,86,32
116,86,32
117,86,32
118,86,32
119,86,32
120,86,32
121,86,32
122,86,32
123,86,32
124,86,32
125,86,32
126,86,32
127,86,32
128,86,32
129,86,32
130,86,32
131,86,32
132,86,32
133,86,32
134,86,32
135,86,32
136,86,32
137,86,32
138,86,32
139,86,32
140,86,32
141,86,32
142,86,32
143,86,32
144,86,32
145,86,32
146,86,32
147,86,32
148,86,32
149,86,32
150,86,32
151,86,32
152,86,32
153,86,32
154,86,32
155,86,32
156,86,32
157,86,32
158,86,32
159,86,32
160,86,32
161,86,32
162,86,32
163,86,32
164,86,32
165,86,32
166,86,32
167,86,32
168,86,32
169,86,32
170,86,32
171,86,32
172,86,32
173,86,32
174,86,32
175,86,32
176,86,32
177,86,32
178,86,32
179,86,32
180,86,32
181,86,32
182,86,32
183,86,32
184,86,32
185,86,32
186,86,32
187,86,32
188,86,32
189,86,32
190,86,32
191,86,32
192,86,32
193,86,32
194,86,32
195,86,32
196,86,32
197,86,32
198,86,32
199,86,32
200,86,32
201,86,32
202,86,32
203,86,32
204,86,32
205,86,32
206,86,32
207,86,32
208,86,32
209,86,32
210,86,32
211,86,32
212,86,32
213,86,32
214,86,32
215,86,32
216,86,32
217,86,32
218,86,32
219,86,32
220,86,32
221,86,32
222,86,32
223,86,32
224,86,32
225,86,32
226,86,32
227,86,32
228,86,32
229,86,32
230,86,32
231,86,32
232,86,32
233,86,32
234,86,32
235,86,32
236,86,32
237,86,32
238,86,32
239,86,32
240,86,32
241,86,32
242,86,32
243,86,32
244,86,32
245,86,32
246,86,32
247,86,32
248,86,32
249,86,32
250,86,32
251,86,32
252,86,32
253,86,32
254,86,32
255,86,32
256,86,32
257,86,32
258,86,32
259,86,32
260,86,32
261,86,32
262,86,32
263,86,32
264,86,32
265,86,32
266,86,32
267,86,32
268,86,32
269,86,32
270,86,32
271,86,32
272,86,32
273,86,32
274,86,32
275,86,32
276,86,32
277,86,32
278,86,32
279,86,32
280,86,32
281,86,32
282,86,32
283,86,32
284,86,32
285,86,32
286,86,32
287,86,32
288,86,32
289,86,32
290,86,32
291,86,32
292,86,32
293,86,32
294,86,32
295,86,32
296,86,32
297,86,32
298,86,32
299,86,32
300,86,32
301,86,32
302,86,32
303,86,32
304,86,32
305,86,32
306,86,32
307,86,32
308,86,32
309,86,32
310,86,32
311,86,32
312,86,32
313,86,32
314,86,32
315,86,32
316,86,32
317,86,32
318,86,32
319,86,32
0,87,32
1,87,32
2,87,32
3,87,32
4,87,32
5,87,32
6,87,32
7,87,32
8,87,32
9,87,32
10,87,32
11,87,32
12,87,32
13,87,32
14,87,32
15,87,32
16,87,32
17,87,32
18,87,32
19,87,32
20,87,32
21,87,32
22,87,32
23,87,32
24,87,32
25,87,32
26,87,32
27,87,32
28,87,32
29,87,32
30,87,32
31,87,32
32,87,32
33,87,32
34,87,32
35,87,32
36,87,32
37,87,32
38,87,32
39,87,32
40,87,32
41,87,32
42,87,32
43,87,32
44,87,32
45,87,32
46,87,32
47,87,32
48,87,32
49,87,32
50,87,32
51,87,32
52,87,32
53,87,32
54,87,32
55,87,32
56,87,32
57,87,32
58,87,32
59,87,32
60,87,32
61,87,32
62,87,32
63,87,32
64,87,32
65,87,32
66,87,32
67,87,32
68,87,32
69,87,32
70,87,32
71,87,32
72,87,32
73,87,32
74,87,32
75,87,32
76,87,32
77,87,32
78,87,32
79,87,32
80,87,32
81,87,32
82,87,32
83,87,32
84,87,32
85,87,32
86,87,32
87,87,32
88,87,32
89,87,32
90,87,32
91,87,32
92,87,32
93,87,32
94,87,32
95,87,32
96,87,32
97,87,32
98,87,32
99,87,32
100,87,32
101,87,32
102,87,32
103,87,32
104,87,32
105,87,32
106,87,32
107,87,32
108,87,32
109,87,32
110,87,32
111,87,32
112,87,32
113,87,32
114,87,32
115,87,32
116,87,32
117,87,32
118,87,32
119,87,32
120,87,32
121,87,32
122,87,32
123,87,32
124,87,32
125,87,32
126,87,32
127,87,32
128,87,32
129,87,32
130,87,32
131,87,32
132,87,32
133,87,32
134,87,32
135,87,32
136,87,32
137,87,32
138,87,32
139,87,32
140,87,32
141,87,32
142,87,32
143,87,32
144,87,32
145,87,32
146,87,32
147,87,32
148,87,32
149,87,32
150,87,32
151,87,32
152,87,32
153,87,32
154,87,32
155,87,32
156,87,32
157,87,32
158,87,32
159,87,32
160,87,32
161,87,32
162,87,32
163,87,32
164,87,32
165,87,32
166,87,32
167,87,32
168,87,32
169,87,32
170,87,32
171,87,32
172,87,32
173,87,32
174,87,32
175,87,32
176,87,32
177,87,32
178,87,32
179,87,32
180,87,32
181,87,32
182,87,32
183,87,32
184,87,32
185,87,32
186,87,32
187,87,32
188,87,32
189,87,32
190,87,32
191,87,32
192,87,32
193,87,32
194,87,32
195,87,32
196,87,32
197,87,32
198,87,32
199,87,32
200,87,32
201,87,32
202,87,32
203,87,32
204,87,32
205,87,32
206,87,32
207,87,32
208,87,32
209,87,32
210,87,32
211,87,32
212,87,32
213,87,32
214,87,32
215,87,32
216,87,32
217,87,32
218,87,32
219,87,32
220,87,32
221,87,32
222,87,32
223,87,32
224,87,32
225,87,32
226,87,32
227,87,32
228,87,32
229,87,32
230,87,32
231,87,32
232,87,32
233,87,32
234,87,32
235,87,32
236,87,32
237,87,32
238,87,32
239,87,32
240,87,32
241,87,32
242,87,32
243,87,32
244,87,32
245,87,32
246,87,32
247,87,32
248,87,32
249,87,32
250,87,32
251,87,32
252,87,32
253,87,32
254,87,32
255,87,32
256,87,32
257,87,32
258,87,32
259,87,32
260,87,32
261,87,32
262,87,32
263,87,32
264,87,32
265,87,32
266,87,32
267,87,32
268,87,32
269,87,32
270,87,32
271,87,32
272,87,32
273,87,32
274,87,32
275,87,32
276,87,32
277,87,32
278,87,32
279,87,32
280,87,32
281,87,32
282,87,32
283,87,32
284,87,32
285,87,32
286,87,32
287,87,32
288,87,32
289,87,32
290,87,32
291,87,32
292,87,32
293,87,32
294,87,32
295,87,32
296,87,32
297,87,32
298,87,32
299,87,32
300,87,32
301,87,32
302,87,32
303,87,32
304,87,32
305,87,32
306,87,32
307,87,32
308,87,32
309,87,32
310,87,32
311,87,32
312,87,32
313,87,32
314,87,32
315,87,32
316,87,32
317,87,32
318,87,32
319,87,32
0,88,32
1,88,32
2,88,32
3,88,32
4,88,32
5,88,32
6,88,32
7,88,32
8,88,32
9,88,32
10,88,32
11,88,32
12,88,32
13,88,32
14,88,32
15,88,32
16,88,32
17,88,32
18,88,32
19,88,32
20,88,32
21,88,32
22,88,32
23,88,32
24,88,32
25,88,32
26,88,32
27,88,32
28,88,32
29,88,32
30,88,32
31,88,32
32,88,32
33,88,32
34,88,32
35,88,32
36,88,32
37,88,32
38,88,32
39,88,32
40,88,32
41,88,32
42,88,32
43,88,32
44,88,32
45,88,32
46,88,32
47,88,32
48,88,32
49,88,32
50,88,32
51,88,32
52,88,32
53,88,32
54,88,32
55,88,32
56,88,32
57,88,32
58,88,32
59,88,32
60,88,32
61,88,32
62,88,32
63,88,32
64,88,32
65,88,32
66,88,32
67,88,32
68,88,32
69,88,32
70,88,32
71,88,32
72,88,32
73,88,32
74,88,32
75,88,32
76,88,32
77,88,32
78,88,32
79,88,32
80,88,32
81,88,32
82,88,32
83,88,32
84,88,32
85,88,32
86,88,32
87,88,32
88,88,32
89,88,32
90,88,32
91,88,32
92,88,32
93,88,32
94,88,32
95,88,32
96,88,32
97,88,32
98,88,32
99,88,32
100,88,32
101,88,32
102,88,32
103,88,32
104,88,32
105,88,32
106,88,32
107,88,32
108,88,32
109,88,32
110,88,32
111,88,32
112,88,32
113,88,32
114,88,32
115,88,32
116,88,32
117,88,32
118,88,32
119,88,32
120,88,32
121,88,32
122,88,32
123,88,32
124,88,32
125,88,32
126,88,32
127,88,32
128,88,32
129,88,32
130,88,32
131,88,32
132,88,32
133,88,32
134,88,32
135,88,32
136,88,32
137,88,32
138,88,32
139,88,32
140,88,32
141,88,32
142,88,32
143,88,32
144,88,32
145,88,32
146,88,32
147,88,32
148,88,32
149,88,32
150,88,32
151,88,32
152,88,32
153,88,32
154,88,32
155,88,32
156,88,32
157,88,32
158,88,32
159,88,32
160,88,32
161,88,32
162,88,32
163,88,32
164,88,32
165,88,32
166,88,32
167,88,32
168,88,32
169,88,32
170,88,32
171,88,32
172,88,32
173,88,32
174,88,32
175,88,32
176,88,32
177,88,32
178,88,32
179,88,32
180,88,32
181,88,32
182,88,32
183,88,32
184,88,32
185,88,32
186,88,32
187,88,32
188,88,32
189,88,32
190,88,32
191,88,32
192,88,32
193,88,32
194,88,32
195,88,32
196,88,32
197,88,32
198,88,32
199,88,32
200,88,32
201,88,32
202,88,32
203,88,32
204,88,32
205,88,32
206,88,32
207,88,32
208,88,32
209,88,32
210,88,32
211,88,32
212,88,32
213,88,32
214,88,32
215,88,32
216,88,32
217,88,32
218,88,32
219,88,32
220,88,32
221,88,32
222,88,32
223,88,32
224,88,32
225,88,32
226,88,32
227,88,32
228,88,32
229,88,32
230,88,32
231,88,32
232,88,32
233,88,32
234,88,32
235,88,32
236,88,32
237,88,32
238,88,32
239,88,32
240,88,32
241,88,32
242,88,32
243,88,32
244,88,32
245,88,32
246,88,32
247,88,32
248,88,32
249,88,32
250,88,32
251,88,32
252,88,32
253,88,32
254,88,32
255,88,32
256,88,32
257,88,32
258,88,32
259,88,32
260,88,32
261,88,32
262,88,32
263,88,32
264,88,32
265,88,32
266,88,32
267,88,32
268,88,32
269,88,32
270,88,32
271,88,32
272,88,32
273,88,32
274,88,32
275,88,32
276,88,32
277,88,32
278,88,32
279,88,32
280,88,32
281,88,32
282,88,32
283,88,32
284,88,32
285,88,32
286,88,32
287,88,32
288,88,32
289,88,32
290,88,32
291,88,32
292,88,32
293,88,32
294,88,32
295,88,32
296,88,32
297,88,32
298,88,32
299,88,32
300,88,32
301,88,32
302,88,32
303,88,32
304,88,32
305,88,32
306,88,32
307,88,32
308,88,32
309,88,32
310,88,32
311,88,32
312,88,32
313,88,32
314,88,32
315,88,32
316,88,32
317,88,32
318,88,32
319,88,32
0,89,32
1,89,32
2,89,32
3,89,32
4,89,32
5,89,32
6,89,32
7,89,32
8,89,32
9,89,32
10,89,32
11,89,32
12,89,32
13,89,32
14,89,32
15,89,32
16,89,32
17,89,32
18,89,32
19,89,32
20,89,32
21,89,32
22,89,32
23,89,32
24,89,32
25,89,32
26,89,32
27,89,32
28,89,32
29,89,32
30,89,32
31,89,32
32,89,32
33,89,32
34,89,32
35,89,32
36,89,32
37,89,32
38,89,32
39,89,32
40,89,32
41,89,32
42,89,32
43,89,32
44,89,32
45,89,32
46,89,32
47,89,32
48,89,32
49,89,32
50,89,32
51,89,32
52,89,32
53,89,32
54,89,32
55,89,32
56,89,32
57,89,32
58,89,32
59,89,32
60,89,32
61,89,32
62,89,32
63,89,32
64,89,32
65,89,32
66,89,32
67,89,32
68,89,32
69,89,32
70,89,32
71,89,32
72,89,32
73,89,32
74,89,32
75,89,32
76,89,32
77,89,32
78,89,32
79,89,32
80,89,32
81,89,32
82,89,32
83,89,32
84,89,32
85,89,32
86,89,32
87,89,32
88,89,32
89,89,32
90,89,32
91,89,32
92,89,32
93,89,32
94,89,32
95,89,32
96,89,32
97,89,32
98,89,32
99,89,32
100,89,32
101,89,32
102,89,32
103,89,32
104,89,32
105,89,32
106,89,32
107,89,32
108,89,32
109,89,32
110,89,32
111,89,32
112,89,32
113,89,32
114,89,32
115,89,32
116,89,32
117,89,32
118,89,32
119,89,32
120,89,32
121,89,32
122,89,32
123,89,32
124,89,32
125,89,32
126,89,32
127,89,32
128,89,32
129,89,32
130,89,32
131,89,32
132,89,32
133,89,32
134,89,32
135,89,32
136,89,32
137,89,32
138,89,32
139,89,32
140,89,32
141,89,32
142,89,32
143,89,32
144,89,32
145,89,32
146,89,32
147,89,32
148,89,32
149,89,32
150,89,32
151,89,32
152,89,32
153,89,32
154,89,32
155,89,32
156,89,32
157,89,32
158,89,32
159,89,32
160,89,32
161,89,32
162,89,32
163,89,32
164,89,32
165,89,32
166,89,32
167,89,32
168,89,32
169,89,32
170,89,32
171,89,32
172,89,32
173,89,32
174,89,32
175,89,32
176,89,32
177,89,32
178,89,32
179,89,32
180,89,32
181,89,32
182,89,32
183,89,32
184,89,32
185,89,32
186,89,32
187,89,32
188,89,32
189,89,32
190,89,32
191,89,32
192,89,32
193,89,32
194,89,32
195,89,32
196,89,32
197,89,32
198,89,32
199,89,32
200,89,32
201,89,32
202,89,32
203,89,32
204,89,32
205,89,32
206,89,32
207,89,32
208,89,32
209,89,32
210,89,32
211,89,32
212,89,32
213,89,32
214,89,32
215,89,32
216,89,32
217,89,32
218,89,32
219,89,32
220,89,32
221,89,32
222,89,32
223,89,32
224,89,32
225,89,32
226,89,32
227,89,32
228,89,32
229,89,32
230,89,32
231,89,32
232,89,32
233,89,32
234,89,32
235,89,32
236,89,32
237,89,32
238,89,32
239,89,32
240,89,32
241,89,32
242,89,32
243,89,32
244,89,32
245,89,32
246,89,32
247,89,32
248,89,32
249,89,32
250,89,32
251,89,32
252,89,32
253,89,32
254,89,32
255,89,32
256,89,32
257,89,32
258,89,32
259,89,32
260,89,32
261,89,32
262,89,32
263,89,32
264,89,32
265,89,32
266,89,32
267,89,32
268,89,32
269,89,32
270,89,32
271,89,32
272,89,32
273,89,32
274,89,32
275,89,32
276,89,32
277,89,32
278,89,32
279,89,32
280,89,32
281,89,32
282,89,32
283,89,32
284,89,32
285,89,32
286,89,32
287,89,32
288,89,32
289,89,32
290,89,32
291,89,32
292,89,32
293,89,32
294,89,32
295,89,32
296,89,32
297,89,32
298,89,32
299,89,32
300,89,32
301,89,32
302,89,32
303,89,32
304,89,32
305,89,32
306,89,32
307,89,32
308,89,32
309,89,32
310,89,32
311,89,32
312,89,32
313,89,32
314,89,32
315,89,32
316,89,32
317,89,32
318,89,32
319,89,32
0,90,32
1,90,32
2,90,32
3,90,32
4,90,32
5,90,32
6,90,32
7,90,32
8,90,32
9,90,32
10,90,32
11,90,32
12,90,32
13,90,32
14,90,32
15,90,32
16,90,32
17,90,32
18,90,32
19,90,32
20,90,32
21,90,32
22,90,32
23,90,32
24,90,32
25,90,32
26,90,32
27,90,32
28,90,32
29,90,32
30,90,32
31,90,32
32,90,32
33,90,32
34,90,32
35,90,32
36,90,32
37,90,32
38,90,32
39,90,32
40,90,32
41,90,32
42,90,32
43,90,32
44,90,32
45,90,32
46,90,32
47,90,32
48,90,32
49,90,32
50,90,32
51,90,32
52,90,32
53,90,32
54,90,32
55,90,32
56,90,32
57,90,32
58,90,32
59,90,32
60,90,32
61,90,32
62,90,32
63,90,32
64,90,32
65,90,32
66,90,32
67,90,32
68,90,32
69,90,32
70,90,32
71,90,32
72,90,32
73,90,32
74,90,32
75,90,32
76,90,32
77,90,32
78,90,32
79,90,32
80,90,32
81,90,32
82,90,32
83,90,32
84,90,32
85,90,32
86,90,32
87,90,32
88,90,32
89,90,32
90,90,32
91,90,32
92,90,32
93,90,32
94,90,32
95,90,32
96,90,32
97,90,32
98,90,32
99,90,32
100,90,32
101,90,32
102,90,32
103,90,32
104,90,32
105,90,32
106,90,32
107,90,32
108,90,32
109,90,32
110,90,32
111,90,32
112,90,32
113,90,32
114,90,32
115,90,32
116,90,32
117,90,32
118,90,32
119,90,32
120,90,32
121,90,32
122,90,32
123,90,32
124,90,32
125,90,32
126,90,32
127,90,32
128,90,32
129,90,32
130,90,32
131,90,32
132,90,32
133,90,32
134,90,32
135,90,32
136,90,32
137,90,32
138,90,32
139,90,32
140,90,32
141,90,32
142,90,32
143,90,32
144,90,32
145,90,32
146,90,32
147,90,32
148,90,32
149,90,32
150,90,32
151,90,32
152,90,32
153,90,32
154,90,32
155,90,32
156,90,32
157,90,32
158,90,32
159,90,32
160,90,32
161,90,32
162,90,32
163,90,32
164,90,32
165,90,32
166,90,32
167,90,32
168,90,32
169,90,32
170,90,32
171,90,32
172,90,32
173,90,32
174,90,32
175,90,32
176,90,32
177,90,32
178,90,32
179,90,32
180,90,32
181,90,32
182,90,32
183,90,32
184,90,32
185,90,32
186,90,32
187,90,32
188,90,32
189,90,32
190,90,32
191,90,32
192,90,32
193,90,32
194,90,32
195,90,32
196,90,32
197,90,32
198,90,32
199,90,32
200,90,32
201,90,32
202,90,32
203,90,32
204,90,32
205,90,32
206,90,32
207,90,32
208,90,32
209,90,32
210,90,32
211,90,32
212,90,32
213,90,32
214,90,32
215,90,32
216,90,32
217,90,32
218,90,32
219,90,32
220,90,32
221,90,32
222,90,32
223,90,32
224,90,32
225,90,32
226,90,32
227,90,32
228,90,32
229,90,32
230,90,32
231,90,32
232,90,32
233,90,32
234,90,32
235,90,32
236,90,32
237,90,32
238,90,32
239,90,32
240,90,32
241,90,32
242,90,32
243,90,32
244,90,32
245,90,32
246,90,32
247,90,32
248,90,32
249,90,32
250,90,32
251,90,32
252,90,32
253,90,32
254,90,32
255,90,32
256,90,32
257,90,32
258,90,32
259,90,32
260,90,32
261,90,32
262,90,32
263,90,32
264,90,32
265,90,32
266,90,32
267,90,32
268,90,32
269,90,32
270,90,32
271,90,32
272,90,32
273,90,32
274,90,32
275,90,32
276,90,32
277,90,32
278,90,32
279,90,32
280,90,32
281,90,32
282,90,32
283,90,32
284,90,32
285,90,32
286,90,32
287,90,32
288,90,32
289,90,32
290,90,32
291,90,32
292,90,32
293,90,32
294,90,32
295,90,32
296,90,32
297,90,32
298,90,32
299,90,32
300,90,32
301,90,32
302,90,32
303,90,32
304,90,32
305,90,32
306,90,32
307,90,32
308,90,32
309,90,32
310,90,32
311,90,32
312,90,32
313,90,32
314,90,32
315,90,32
316,90,32
317,90,32
318,90,32
319,90,32
0,91,32
1,91,32
2,91,32
3,91,32
4,91,32
5,91,32
6,91,32
7,91,32
8,91,32
9,91,32
10,91,32
11,91,32
12,91,32
13,91,32
14,91,32
15,91,32
16,91,32
17,91,32
18,91,32
19,91,32
20,91,32
21,91,32
22,91,32
23,91,32
24,91,32
25,91,32
26,91,32
27,91,32
28,91,32
29,91,32
30,91,32
31,91,32
32,91,32
33,91,32
34,91,32
35,91,32
36,91,32
37,91,32
38,91,32
39,91,32
40,91,32
41,91,32
42,91,32
43,91,32
44,91,32
45,91,32
46,91,32
47,91,32
48,91,32
49,91,32
50,91,32
51,91,32
52,91,32
53,91,32
54,91,32
55,91,32
56,91,32
57,91,32
58,91,32
59,91,32
60,91,32
61,91,32
62,91,32
63,91,32
64,91,32
65,91,32
66,91,32
67,91,32
68,91,32
69,91,32
70,91,32
71,91,32
72,91,32
73,91,32
74,91,32
75,91,32
76,91,32
77,91,32
78,91,32
79,91,32
80,91,32
81,91,32
82,91,32
83,91,32
84,91,32
85,91,32
86,91,32
87,91,32
88,91,32
89,91,32
90,91,32
91,91,32
92,91,32
93,91,32
94,91,32
95,91,32
96,91,32
97,91,32
98,91,32
99,91,32
100,91,32
101,91,32
102,91,32
103,91,32
104,91,32
105,91,32
106,91,32
107,91,32
108,91,32
109,91,32
110,91,32
111,91,32
112,91,32
113,91,32
114,91,32
115,91,32
116,91,32
117,91,32
118,91,32
119,91,32
120,91,32
121,91,32
122,91,32
123,91,32
124,91,32
125,91,32
126,91,32
127,91,32
128,91,32
129,91,32
130,91,32
131,91,32
132,91,32
133,91,32
134,91,32
135,91,32
136,91,32
137,91,32
138,91,32
139,91,32
140,91,32
141,91,32
142,91,32
143,91,32
144,91,32
145,91,32
146,91,32
147,91,32
148,91,32
149,91,32
150,91,32
151,91,32
152,91,32
153,91,32
154,91,32
155,91,32
156,91,32
157,91,32
158,91,32
159,91,32
160,91,32
161,91,32
162,91,32
163,91,32
164,91,32
165,91,32
166,91,32
167,91,32
168,91,32
169,91,32
170,91,32
171,91,32
172,91,32
173,91,32
174,91,32
175,91,32
176,91,32
177,91,32
178,91,32
179,91,32
180,91,32
181,91,32
182,91,32
183,91,32
184,91,32
185,91,32
186,91,32
187,91,32
188,91,32
189,91,32
190,91,32
191,91,32
192,91,32
193,91,32
194,91,32
195,91,32
196,91,32
197,91,32
198,91,32
199,91,32
200,91,32
201,91,32
202,91,32
203,91,32
204,91,32
205,91,32
206,91,32
207,91,32
208,91,32
209,91,32
210,91,32
211,91,32
212,91,32
213,91,32
214,91,32
215,91,32
216,91,32
217,91,32
218,91,32
219,91,32
220,91,32
221,91,32
222,91,32
223,91,32
224,91,32
225,91,32
226,91,32
227,91,32
228,91,32
229,91,32
230,91,32
231,91,32
232,91,32
233,91,32
234,91,32
235,91,32
236,91,32
237,91,32
238,91,32
239,91,32
240,91,32
241,91,32
242,91,32
243,91,32
244,91,32
245,91,32
246,91,32
247,91,32
248,91,32
249,91,32
250,91,32
251,91,32
252,91,32
253,91,32
254,91,32
255,91,32
256,91,32
257,91,32
258,91,32
259,91,32
260,91,32
261,91,32
262,91,32
263,91,32
264,91,32
265,91,32
266,91,32
267,91,32
268,91,32
269,91,32
270,91,32
271,91,32
272,91,32
273,91,32
274,91,32
275,91,32
276,91,32
277,91,32
278,91,32
279,91,32
280,91,32
281,91,32
282,91,32
283,91,32
284,91,32
285,91,32
286,91,32
287,91,32
288,91,32
289,91,32
290,91,32
291,91,32
292,91,32
293,91,32
294,91,32
295,91,32
296,91,32
297,91,32
298,91,32
299,91,32
300,91,32
301,91,32
302,91,32
303,91,32
304,91,32
305,91,32
306,91,32
307,91,32
308,91,32
309,91,32
310,91,32
311,91,32
312,91,32
313,91,32
314,91,32
315,91,32
316,91,32
317,91,32
318,91,32
319,91,32
0,92,32
1,92,32
2,92,32
3,92,32
4,92,32
5,92,32
6,92,32
7,92,32
8,92,32
9,92,32
10,92,32
11,92,32
12,92,32
13,92,32
14,92,32
15,92,32
16,92,32
17,92,32
18,92,32
19,92,32
20,92,32
21,92,32
22,92,32
23,92,32
24,92,32
25,92,32
26,92,32
27,92,32
28,92,32
29,92,32
30,92,32
31,92,32
32,92,32
33,92,32
34,92,32
35,92,32
36,92,32
37,92,32
38,92,32
39,92,32
40,92,32
41,92,32
42,92,32
43,92,32
44,92,32
45,92,32
46,92,32
47,92,32
48,92,32
49,92,32
50,92,32
51,92,32
52,92,32
53,92,32
54,92,32
55,92,32
56,92,32
57,92,32
58,92,32
59,92,32
60,92,32
61,92,32
62,92,32
63,92,32
64,92,32
65,92,32
66,92,32
67,92,32
68,92,32
69,92,32
70,92,32
71,92,32
72,92,32
73,92,32
74,92,32
75,92,32
76,92,32
77,92,32
78,92,32
79,92,32
80,92,32
81,92,32
82,92,32
83,92,32
84,92,32
85,92,32
86,92,32
87,92,32
88,92,32
89,92,32
90,92,32
91,92,32
92,92,32
93,92,32
94,92,32
95,92,32
96,92,32
97,92,32
98,92,32
99,92,32
100,92,32
101,92,32
102,92,32
103,92,32
104,92,32
105,92,32
106,92,32
107,92,32
108,92,32
109,92,32
110,92,32
111,92,32
112,92,32
113,92,32
114,92,32
115,92,32
116,92,32
117,92,32
118,92,32
119,92,32
120,92,32
121,92,32
122,92,32
123,92,32
124,92,32
125,92,32
126,92,32
127,92,32
128,92,32
129,92,32
130,92,32
131,92,32
132,92,32
133,92,32
134,92,32
135,92,32
136,92,32
137,92,32
138,92,32
139,92,32
140,92,32
141,92,32
142,92,32
143,92,32
144,92,32
145,92,32
146,92,32
147,92,32
148,92,32
149,92,32
150,92,32
151,92,32
152,92,32
153,92,32
154,92,32
155,92,32
156,92,32
157,92,32
158,92,32
159,92,32
160,92,32
161,92,32
162,92,32
163,92,32
164,92,32
165,92,32
166,92,32
167,92,32
168,92,32
169,92,32
170,92,32
171,92,32
172,92,32
173,92,32
174,92,32
175,92,32
176,92,32
177,92,32
178,92,32
179,92,32
180,92,32
181,92,32
182,92,32
183,92,32
184,92,32
185,92,32
186,92,32
187,92,32
188,92,32
189,92,32
190,92,32
191,92,32
192,92,32
193,92,32
194,92,32
195,92,32
196,92,32
197,92,32
198,92,32
199,92,32
200,92,32
201,92,32
202,92,32
203,92,32
204,92,32
205,92,32
206,92,32
207,92,32
208,92,32
209,92,32
210,92,32
211,92,32
212,92,32
213,92,32
214,92,32
215,92,32
216,92,32
217,92,32
218,92,32
219,92,32
220,92,32
221,92,32
222,92,32
223,92,32
224,92,32
225,92,32
226,92,32
227,92,32
228,92,32
229,92,32
230,92,32
231,92,32
232,92,32
233,92,32
234,92,32
235,92,32
236,92,32
237,92,32
238,92,32
239,92,32
240,92,32
241,92,32
242,92,32
243,92,32
244,92,32
245,92,32
246,92,32
247,92,32
248,92,32
249,92,32
250,92,32
251,92,32
252,92,32
253,92,32
254,92,32
255,92,32
256,92,32
257,92,32
258,92,32
259,92,32
260,92,32
261,92,32
262,92,32
263,92,32
264,92,32
265,92,32
266,92,32
267,92,32
268,92,32
269,92,32
270,92,32
271,92,32
272,92,32
273,92,32
274,92,32
275,92,32
276,92,32
277,92,32
278,92,32
279,92,32
280,92,32
281,92,32
282,92,32
283,92,32
284,92,32
285,92,32
286,92,32
287,92,32
288,92,32
289,92,32
290,92,32
291,92,32
292,92,32
293,92,32
294,92,32
295,92,32
296,92,32
297,92,32
298,92,32
299,92,32
300,92,32
301,92,32
302,92,32
303,92,32
304,92,32
305,92,32
306,92,32
307,92,32
308,92,32
309,92,32
310,92,32
311,92,32
312,92,32
313,92,32
314,92,32
315,92,32
316,92,32
317,92,32
318,92,32
319,92,32
0,93,32
1,93,32
2,93,32
3,93,32
4,93,32
5,93,32
6,93,32
7,93,32
8,93,32
9,93,32
10,93,32
11,93,32
12,93,32
13,93,32
14,93,32
15,93,32
16,93,32
17,93,32
18,93,32
19,93,32
20,93,32
21,93,32
22,93,32
23,93,32
24,93,32
25,93,32
26,93,32
27,93,32
28,93,32
29,93,32
30,93,32
31,93,32
32,93,32
33,93,32
34,93,32
35,93,32
36,93,32
37,93,32
38,93,32
39,93,32
40,93,32
41,93,32
42,93,32
43,93,32
44,93,32
45,93,32
46,93,32
47,93,32
48,93,32
49,93,32
50,93,32
51,93,32
52,93,32
53,93,32
54,93,32
55,93,32
56,93,32
57,93,32
58,93,32
59,93,32
60,93,32
61,93,32
62,93,32
63,93,32
64,93,32
65,93,32
66,93,32
67,93,32
68,93,32
69,93,32
70,93,32
71,93,32
72,93,32
73,93,32
74,93,32
75,93,32
76,93,32
77,93,32
78,93,32
79,93,32
80,93,32
81,93,32
82,93,32
83,93,32
84,93,32
85,93,32
86,93,32
87,93,32
88,93,32
89,93,32
90,93,32
91,93,32
92,93,32
93,93,32
94,93,32
95,93,32
96,93,32
97,93,32
98,93,32
99,93,32
100,93,32
101,93,32
102,93,32
103,93,32
104,93,32
105,93,32
106,93,32
107,93,32
108,93,32
109,93,32
110,93,32
111,93,32
112,93,32
113,93,32
114,93,32
115,93,32
116,93,32
117,93,32
118,93,32
119,93,32
120,93,32
121,93,32
122,93,32
123,93,32
124,93,32
125,93,32
126,93,32
127,93,32
128,93,32
129,93,32
130,93,32
131,93,32
132,93,32
133,93,32
134,93,32
135,93,32
136,93,32
137,93,32
138,93,32
139,93,32
140,93,32
141,93,32
142,93,32
143,93,32
144,93,32
145,93,32
146,93,32
147,93,32
148,93,32
149,93,32
150,93,32
151,93,32
152,93,32
153,93,32
154,93,32
155,93,32
156,93,32
157,93,32
158,93,32
159,93,32
160,93,32
161,93,32
162,93,32
163,93,32
164,93,32
165,93,32
166,93,32
167,93,32
168,93,32
169,93,32
170,93,32
171,93,32
172,93,32
173,93,32
174,93,32
175,93,32
176,93,32
177,93,32
178,93,32
179,93,32
180,93,32
181,93,32
182,93,32
183,93,32
184,93,32
185,93,32
186,93,32
187,93,32
188,93,32
189,93,32
190,93,32
191,93,32
192,93,32
193,93,32
194,93,32
195,93,32
196,93,32
197,93,32
198,93,32
199,93,32
200,93,32
201,93,32
202,93,32
203,93,32
204,93,32
205,93,32
206,93,32
207,93,32
208,93,32
209,93,32
210,93,32
211,93,32
212,93,32
213,93,32
214,93,32
215,93,32
216,93,32
217,93,32
218,93,32
219,93,32
220,93,32
221,93,32
222,93,32
223,93,32
224,93,32
225,93,32
226,93,32
227,93,32
228,93,32
229,93,32
230,93,32
231,93,32
232,93,32
233,93,32
234,93,32
235,93,32
236,93,32
237,93,32
238,93,32
239,93,32
240,93,32
241,93,32
242,93,32
243,93,32
244,93,32
245,93,32
246,93,32
247,93,32
248,93,32
249,93,32
250,93,32
251,93,32
252,93,32
253,93,32
254,93,32
255,93,32
256,93,32
257,93,32
258,93,32
259,93,32
260,93,32
261,93,32
262,93,32
263,93,32
264,93,32
265,93,32
266,93,32
267,93,32
268,93,32
269,93,32
270,93,32
271,93,32
272,93,32
273,93,32
274,93,32
275,93,32
276,93,32
277,93,32
278,93,32
279,93,32
280,93,32
281,93,32
282,93,32
283,93,32
284,93,32
285,93,32
286,93,32
287,93,32
288,93,32
289,93,32
290,93,32
291,93,32
292,93,32
293,93,32
294,93,32
295,93,32
296,93,32
297,93,32
298,93,32
299,93,32
300,93,32
301,93,32
302,93,32
303,93,32
304,93,32
305,93,32
306,93,32
307,93,32
308,93,32
309,93,32
310,93,32
311,93,32
312,93,32
313,93,32
314,93,32
315,93,32
316,93,32
317,93,32
318,93,32
319,93,32
0,94,32
1,94,32
2,94,32
3,94,32
4,94,32
5,94,32
6,94,32
7,94,32
8,94,32
9,94,32
10,94,32
11,94,32
12,94,32
13,94,32
14,94,32
15,94,32
16,94,32
17,94,32
18,94,32
19,94,32
20,94,32
21,94,32
22,94,32
23,94,32
24,94,32
25,94,32
26,94,32
27,94,32
28,94,32
29,94,32
30,94,32
31,94,32
32,94,32
33,94,32
34,94,32
35,94,32
36,94,32
37,94,32
38,94,32
39,94,32
40,94,32
41,94,32
42,94,32
43,94,32
44,94,32
45,94,32
46,94,32
47,94,32
48,94,32
49,94,32
50,94,32
51,94,32
52,94,32
53,94,32
54,94,32
55,94,32
56,94,32
57,94,32
58,94,32
59,94,32
60,94,32
61,94,32
62,94,32
63,94,32
64,94,32
65,94,32
66,94,32
67,94,32
68,94,32
69,94,32
70,94,32
71,94,32
72,94,32
73,94,32
74,94,32
75,94,32
76,94,32
77,94,32
78,94,32
79,94,32
80,94,32
81,94,32
82,94,32
83,94,32
84,94,32
85,94,32
86,94,32
87,94,32
88,94,32
89,94,32
90,94,32
91,94,32
92,94,32
93,94,32
94,94,32
95,94,32
96,94,32
97,94,32
98,94,32
99,94,32
100,94,32
101,94,32
102,94,32
103,94,32
104,94,32
105,94,32
106,94,32
107,94,32
108,94,32
109,94,32
110,94,32
111,94,32
112,94,32
113,94,32
114,94,32
115,94,32
116,94,32
117,94,32
118,94,32
119,94,32
120,94,32
121,94,32
122,94,32
123,94,32
124,94,32
125,94,32
126,94,32
127,94,32
128,94,32
129,94,32
130,94,32
131,94,32
132,94,32
133,94,32
134,94,32
135,94,32
136,94,32
137,94,32
138,94,32
139,94,32
140,94,32
141,94,32
142,94,32
143,94,32
144,94,32
145,94,32
146,94,32
147,94,32
148,94,32
149,94,32
150,94,32
151,94,32
152,94,32
153,94,32
154,94,32
155,94,32
156,94,32
157,94,32
158,94,32
159,94,32
160,94,32
161,94,32
162,94,32
163,94,32
164,94,32
165,94,32
166,94,32
167,94,32
168,94,32
169,94,32
170,94,32
171,94,32
172,94,32
173,94,32
174,94,32
175,94,32
176,94,32
177,94,32
178,94,32
179,94,32
180,94,32
181,94,32
182,94,32
183,94,32
184,94,32
185,94,32
186,94,32
187,94,32
188,94,32
189,94,32
190,94,32
191,94,32
192,94,32
193,94,32
194,94,32
195,94,32
196,94,32
197,94,32
198,94,32
199,94,32
200,94,32
201,94,32
202,94,32
203,94,32
204,94,32
205,94,32
206,94,32
207,94,32
208,94,32
209,94,32
210,94,32
211,94,32
212,94,32
213,94,32
214,94,32
215,94,32
216,94,32
217,94,32
218,94,32
219,94,32
220,94,32
221,94,32
222,94,32
223,94,32
224,94,32
225,94,32
226,94,32
227,94,32
228,94,32
229,94,32
230,94,32
231,94,32
232,94,32
233,94,32
234,94,32
235,94,32
236,94,32
237,94,32
238,94,32
239,94,32
240,94,32
241,94,32
242,94,32
243,94,32
244,94,32
245,94,32
246,94,32
247,94,32
248,94,32
249,94,32
250,94,32
251,94,32
252,94,32
253,94,32
254,94,32
255,94,32
256,94,32
257,94,32
258,94,32
259,94,32
260,94,32
261,94,32
262,94,32
263,94,32
264,94,32
265,94,32
266,94,32
267,94,32
268,94,32
269,94,32
270,94,32
271,94,32
272,94,32
273,94,32
274,94,32
275,94,32
276,94,32
277,94,32
278,94,32
279,94,32
280,94,32
281,94,32
282,94,32
283,94,32
284,94,32
285,94,32
286,94,32
287,94,32
288,94,32
289,94,32
290,94,32
291,94,32
292,94,32
293,94,32
294,94,32
295,94,32
296,94,32
297,94,32
298,94,32
299,94,32
300,94,32
301,94,32
302,94,32
303,94,32
304,94,32
305,94,32
306,94,32
307,94,32
308,94,32
309,94,32
310,94,32
311,94,32
312,94,32
313,94,32
314,94,32
315,94,32
316,94,32
317,94,32
318,94,32
319,94,32
0,95,32
1,95,32
2,95,32
3,95,32
4,95,32
5,95,32
6,95,32
7,95,32
8,95,32
9,95,32
10,95,32
11,95,32
12,95,32
13,95,32
14,95,32
15,95,32
16,95,32
17,95,32
18,95,32
19,95,32
20,95,32
21,95,32
22,95,32
23,95,32
24,95,32
25,95,32
26,95,32
27,95,32
28,95,32
29,95,32
30,95,32
31,95,32
32,95,32
33,95,32
34,95,32
35,95,32
36,95,32
37,95,32
38,95,32
39,95,32
40,95,32
41,95,32
42,95,32
43,95,32
44,95,32
45,95,32
46,95,32
47,95,32
48,95,32
49,95,32
50,95,32
51,95,32
52,95,32
53,95,32
54,95,32
55,95,32
56,95,32
57,95,32
58,95,32
59,95,32
60,95,32
61,95,32
62,95,32
63,95,32
64,95,32
65,95,32
66,95,32
67,95,32
68,95,32
69,95,32
70,95,32
71,95,32
72,95,32
73,95,32
74,95,32
75,95,32
76,95,32
77,95,32
78,95,32
79,95,32
80,95,32
81,95,32
82,95,32
83,95,32
84,95,32
85,95,32
86,95,32
87,95,32
88,95,32
89,95,32
90,95,32
91,95,32
92,95,32
93,95,32
94,95,32
95,95,32
96,95,32
97,95,32
98,95,32
99,95,32
100,95,32
101,95,32
102,95,32
103,95,32
104,95,32
105,95,32
106,95,32
107,95,32
108,95,32
109,95,32
110,95,32
111,95,32
112,95,32
113,95,32
114,95,32
115,95,32
116,95,32
117,95,32
118,95,32
119,95,32
120,95,32
121,95,32
122,95,32
123,95,32
124,95,32
125,95,32
126,95,32
127,95,32
128,95,32
129,95,32
130,95,32
131,95,32
132,95,32
133,95,32
134,95,32
135,95,32
136,95,32
137,95,32
138,95,32
139,95,32
140,95,32
141,95,32
142,95,32
143,95,32
144,95,32
145,95,32
146,95,32
147,95,32
148,95,32
149,95,32
150,95,32
151,95,32
152,95,32
153,95,32
154,95,32
155,95,32
156,95,32
157,95,32
158,95,32
159,95,32
160,95,32
161,95,32
162,95,32
163,95,32
164,95,32
165,95,32
166,95,32
167,95,32
168,95,32
169,95,32
170,95,32
171,95,32
172,95,32
173,95,32
174,95,32
175,95,32
176,95,32
177,95,32
178,95,32
179,95,32
180,95,32
181,95,32
182,95,32
183,95,32
184,95,32
185,95,32
186,95,32
187,95,32
188,95,32
189,95,32
190,95,32
191,95,32
192,95,32
193,95,32
194,95,32
195,95,32
196,95,32
197,95,32
198,95,32
199,95,32
200,95,32
201,95,32
202,95,32
203,95,32
204,95,32
205,95,32
206,95,32
207,95,32
208,95,32
209,95,32
210,95,32
211,95,32
212,95,32
213,95,32
214,95,32
215,95,32
216,95,32
217,95,32
218,95,32
219,95,32
220,95,32
221,95,32
222,95,32
223,95,32
224,95,32
225,95,32
226,95,32
227,95,32
228,95,32
229,95,32
230,95,32
231,95,32
232,95,32
233,95,32
234,95,32
235,95,32
236,95,32
237,95,32
238,95,32
239,95,32
240,95,32
241,95,32
242,95,32
243,95,32
244,95,32
245,95,32
246,95,32
247,95,32
248,95,32
249,95,32
250,95,32
251,95,32
252,95,32
253,95,32
254,95,32
255,95,32
256,95,32
257,95,32
258,95,32
259,95,32
260,95,32
261,95,32
262,95,32
263,95,32
264,95,32
265,95,32
266,95,32
267,95,32
268,95,32
269,95,32
270,95,32
271,95,32
272,95,32
273,95,32
274,95,32
275,95,32
276,95,32
277,95,32
278,95,32
279,95,32
280,95,32
281,95,32
282,95,32
283,95,32
284,95,32
285,95,32
286,95,32
287,95,32
288,95,32
289,95,32
290,95,32
291,95,32
292,95,32
293,95,32
294,95,32
295,95,32
296,95,32
297,95,32
298,95,32
299,95,32
300,95,32
301,95,32
302,95,32
303,95,32
304,95,32
305,95,32
306,95,32
307,95,32
308,95,32
309,95,32
310,95,32
311,95,32
312,95,32
313,95,32
314,95,32
315,95,32
316,95,32
317,95,32
318,95,32
319,95,32
0,96,32
1,96,32
2,96,32
3,96,32
4,96,32
5,96,32
6,96,32
7,96,32
8,96,32
9,96,32
10,96,32
11,96,32
12,96,32
13,96,32
14,96,32
15,96,32
16,96,32
17,96,32
18,96,32
19,96,32
20,96,32
21,96,32
22,96,32
23,96,32
24,96,32
25,96,32
26,96,32
27,96,32
28,96,32
29,96,32
30,96,32
31,96,32
32,96,32
33,96,32
34,96,32
35,96,32
36,96,32
37,96,32
38,96,32
39,96,32
40,96,32
41,96,32
42,96,32
43,96,32
44,96,32
45,96,32
46,96,32
47,96,32
48,96,32
49,96,32
50,96,32
51,96,32
52,96,32
53,96,32
54,96,32
55,96,32
56,96,32
57,96,32
58,96,32
59,96,32
60,96,32
61,96,32
62,96,32
63,96,32
64,96,32
65,96,32
66,96,32
67,96,32
68,96,32
69,96,32
70,96,32
71,96,32
72,96,32
73,96,32
74,96,32
75,96,32
76,96,32
77,96,32
78,96,32
79,96,32
80,96,32
81,96,32
82,96,32
83,96,32
84,96,32
85,96,32
86,96,32
87,96,32
88,96,32
89,96,32
90,96,32
91,96,32
92,96,32
93,96,32
94,96,32
95,96,32
96,96,32
97,96,32
98,96,32
99,96,32
100,96,32
101,96,32
102,96,32
103,96,32
104,96,32
105,96,32
106,96,32
107,96,32
108,96,32
109,96,32
110,96,32
111,96,32
112,96,32
113,96,32
114,96,32
115,96,32
116,96,32
117,96,32
118,96,32
119,96,32
120,96,32
121,96,32
122,96,32
123,96,32
124,96,32
125,96,32
126,96,32
127,96,32
128,96,32
129,96,32
130,96,32
131,96,32
132,96,32
133,96,32
134,96,32
135,96,32
136,96,32
137,96,32
138,96,32
139,96,32
140,96,32
141,96,32
142,96,32
143,96,32
144,96,32
145,96,32
146,96,32
147,96,32
148,96,32
149,96,32
150,96,32
151,96,32
152,96,32
153,96,32
154,96,32
155,96,32
156,96,32
157,96,32
158,96,32
159,96,32
160,96,32
161,96,32
162,96,32
163,96,32
164,96,32
165,96,32
166,96,32
167,96,32
168,96,32
169,96,32
170,96,32
171,96,32
172,96,32
173,96,32
174,96,32
175,96,32
176,96,32
177,96,32
178,96,32
179,96,32
180,96,32
181,96,32
182,96,32
183,96,32
184,96,32
185,96,32
186,96,32
187,96,32
188,96,32
189,96,32
190,96,32
191,96,32
192,96,32
193,96,32
194,96,32
195,96,32
196,96,32
197,96,32
198,96,32
199,96,32
200,96,32
201,96,32
202,96,32
203,96,32
204,96,32
205,96,32
206,96,32
207,96,32
208,96,32
209,96,32
210,96,32
211,96,32
212,96,32
213,96,32
214,96,32
215,96,32
216,96,32
217,96,32
218,96,32
219,96,32
220,96,32
221,96,32
222,96,32
223,96,32
224,96,32
225,96,32
226,96,32
227,96,32
228,96,32
229,96,32
230,96,32
231,96,32
232,96,32
233,96,32
234,96,32
235,96,32
236,96,32
237,96,32
238,96,32
239,96,32
240,96,32
241,96,32
242,96,32
243,96,32
244,96,32
245,96,32
246,96,32
247,96,32
248,96,32
249,96,32
250,96,32
251,96,32
252,96,32
253,96,32
254,96,32
255,96,32
256,96,32
257,96,32
258,96,32
259,96,32
260,96,32
261,96,32
262,96,32
263,96,32
264,96,32
265,96,32
266,96,32
267,96,32
268,96,32
269,96,32
270,96,32
271,96,32
272,96,32
273,96,32
274,96,32
275,96,32
276,96,32
277,96,32
278,96,32
279,96,32
280,96,32
281,96,32
282,96,32
283,96,32
284,96,32
285,96,32
286,96,32
287,96,32
288,96,32
289,96,32
290,96,32
291,96,32
292,96,32
293,96,32
294,96,32
295,96,32
296,96,32
297,96,32
298,96,32
299,96,32
300,96,32
301,96,32
302,96,32
303,96,32
304,96,32
305,96,32
306,96,32
307,96,32
308,96,32
309,96,32
310,96,32
311,96,32
312,96,32
313,96,32
314,96,32
315,96,32
316,96,32
317,96,32
318,96,32
319,96,32
0,97,32
1,97,32
2,97,32
3,97,32
4,97,32
5,97,32
6,97,32
7,97,32
8,97,32
9,97,32
10,97,32
11,97,32
12,97,32
13,97,32
14,97,32
15,97,32
16,97,32
17,97,32
18,97,32
19,97,32
20,97,32
21,97,32
22,97,32
23,97,32
24,97,32
25,97,32
26,97,32
27,97,32
28,97,32
29,97,32
30,97,32
31,97,32
32,97,32
33,97,32
34,97,32
35,97,32
36,97,32
37,97,32
38,97,32
39,97,32
40,97,32
41,97,32
42,97,32
43,97,32
44,97,32
45,97,32
46,97,32
47,97,32
48,97,32
49,97,32
50,97,32
51,97,32
52,97,32
53,97,32
54,97,32
55,97,32
56,97,32
57,97,32
58,97,32
59,97,32
60,97,32
61,97,32
62,97,32
63,97,32
64,97,32
65,97,32
66,97,32
67,97,32
68,97,32
69,97,32
70,97,32
71,97,32
72,97,32
73,97,32
74,97,32
75,97,32
76,97,32
77,97,32
78,97,32
79,97,32
80,97,32
81,97,32
82,97,32
83,97,32
84,97,32
85,97,32
86,97,32
87,97,32
88,97,32
89,97,32
90,97,32
91,97,32
92,97,32
93,97,32
94,97,32
95,97,32
96,97,32
97,97,32
98,97,32
99,97,32
100,97,32
101,97,32
102,97,32
103,97,32
104,97,32
105,97,32
106,97,32
107,97,32
108,97,32
109,97,32
110,97,32
111,97,32
112,97,32
113,97,32
114,97,32
115,97,32
116,97,32
117,97,32
118,97,32
119,97,32
120,97,32
121,97,32
122,97,32
123,97,32
124,97,32
125,97,32
126,97,32
127,97,32
128,97,32
129,97,32
130,97,32
131,97,32
132,97,32
133,97,32
134,97,32
135,97,32
136,97,32
137,97,32
138,97,32
139,97,32
140,97,32
141,97,32
142,97,32
143,97,32
144,97,32
145,97,32
146,97,32
147,97,32
148,97,32
149,97,32
150,97,32
151,97,32
152,97,32
153,97,32
154,97,32
155,97,32
156,97,32
157,97,32
158,97,32
159,97,32
160,97,32
161,97,32
162,97,32
163,97,32
164,97,32
165,97,32
166,97,32
167,97,32
168,97,32
169,97,32
170,97,32
171,97,32
172,97,32
173,97,32
174,97,32
175,97,32
176,97,32
177,97,32
178,97,32
179,97,32
180,97,32
181,97,32
182,97,32
183,97,32
184,97,32
185,97,32
186,97,32
187,97,32
188,97,32
189,97,32
190,97,32
191,97,32
192,97,32
193,97,32
194,97,32
195,97,32
196,97,32
197,97,32
198,97,32
199,97,32
200,97,32
201,97,32
202,97,32
203,97,32
204,97,32
205,97,32
206,97,32
207,97,32
208,97,32
209,97,32
210,97,32
211,97,32
212,97,32
213,97,32
214,97,32
215,97,32
216,97,32
217,97,32
218,97,32
219,97,32
220,97,32
221,97,32
222,97,32
223,97,32
224,97,32
225,97,32
226,97,32
227,97,32
228,97,32
229,97,32
230,97,32
231,97,32
232,97,32
233,97,32
234,97,32
235,97,32
236,97,32
237,97,32
238,97,32
239,97,32
240,97,32
241,97,32
242,97,32
243,97,32
244,97,32
245,97,32
246,97,32
247,97,32
248,97,32
249,97,32
250,97,32
251,97,32
252,97,32
253,97,32
254,97,32
255,97,32
256,97,32
257,97,32
258,97,32
259,97,32
260,97,32
261,97,32
262,97,32
263,97,32
264,97,32
265,97,32
266,97,32
267,97,32
268,97,32
269,97,32
270,97,32
271,97,32
272,97,32
273,97,32
274,97,32
275,97,32
276,97,32
277,97,32
278,97,32
279,97,32
280,97,32
281,97,32
282,97,32
283,97,32
284,97,32
285,97,32
286,97,32
287,97,32
288,97,32
289,97,32
290,97,32
291,97,32
292,97,32
293,97,32
294,97,32
295,97,32
296,97,32
297,97,32
298,97,32
299,97,32
300,97,32
301,97,32
302,97,32
303,97,32
304,97,32
305,97,32
306,97,32
307,97,32
308,97,32
309,97,32
310,97,32
311,97,32
312,97,32
313,97,32
314,97,32
315,97,32
316,97,32
317,97,32
318,97,32
319,97,32
0,98,32
1,98,32
2,98,32
3,98,32
4,98,32
5,98,32
6,98,32
7,98,32
8,98,32
9,98,32
10,98,32
11,98,32
12,98,32
13,98,32
14,98,32
15,98,32
16,98,32
17,98,32
18,98,32
19,98,32
20,98,32
21,98,32
22,98,32
23,98,32
24,98,32
25,98,32
26,98,32
27,98,32
28,98,32
29,98,32
30,98,32
31,98,32
32,98,32
33,98,32
34,98,32
35,98,32
36,98,32
37,98,32
38,98,32
39,98,32
40,98,32
41,98,32
42,98,32
43,98,32
44,98,32
45,98,32
46,98,32
47,98,32
48,98,32
49,98,32
50,98,32
51,98,32
52,98,32
53,98,32
54,98,32
55,98,32
56,98,32
57,98,32
58,98,32
59,98,32
60,98,32
61,98,32
62,98,32
63,98,32
64,98,32
65,98,32
66,98,32
67,98,32
68,98,32
69,98,32
70,98,32
71,98,32
72,98,32
73,98,32
74,98,32
75,98,32
76,98,32
77,98,32
78,98,32
79,98,32
80,98,32
81,98,32
82,98,32
83,98,32
84,98,32
85,98,32
86,98,32
87,98,32
88,98,32
89,98,32
90,98,32
91,98,32
92,98,32
93,98,32
94,98,32
95,98,32
96,98,32
97,98,32
98,98,32
99,98,32
100,98,32
101,98,32
102,98,32
103,98,32
104,98,32
105,98,32
106,98,32
107,98,32
108,98,32
109,98,32
110,98,32
111,98,32
112,98,32
113,98,32
114,98,32
115,98,32
116,98,32
117,98,32
118,98,32
119,98,32
120,98,32
121,98,32
122,98,32
123,98,32
124,98,32
125,98,32
126,98,32
127,98,32
128,98,32
129,98,32
130,98,32
131,98,32
132,98,32
133,98,32
134,98,32
135,98,32
136,98,32
137,98,32
138,98,32
139,98,32
140,98,32
141,98,32
142,98,32
143,98,32
144,98,32
145,98,32
146,98,32
147,98,32
148,98,32
149,98,32
150,98,32
151,98,32
152,98,32
153,98,32
154,98,32
155,98,32
156,98,32
157,98,32
158,98,32
159,98,32
160,98,32
161,98,32
162,98,32
163,98,32
164,98,32
165,98,32
166,98,32
167,98,32
168,98,32
169,98,32
170,98,32
171,98,32
172,98,32
173,98,32
174,98,32
175,98,32
176,98,32
177,98,32
178,98,32
179,98,32
180,98,32
181,98,32
182,98,32
183,98,32
184,98,32
185,98,32
186,98,32
187,98,32
188,98,32
189,98,32
190,98,32
191,98,32
192,98,32
193,98,32
194,98,32
195,98,32
196,98,32
197,98,32
198,98,32
199,98,32
200,98,32
201,98,32
202,98,32
203,98,32
204,98,32
205,98,32
206,98,32
207,98,32
208,98,32
209,98,32
210,98,32
211,98,32
212,98,32
213,98,32
214,98,32
215,98,32
216,98,32
217,98,32
218,98,32
219,98,32
220,98,32
221,98,32
222,98,32
223,98,32
224,98,32
225,98,32
226,98,32
227,98,32
228,98,32
229,98,32
230,98,32
231,98,32
232,98,32
233,98,32
234,98,32
235,98,32
236,98,32
237,98,32
238,98,32
239,98,32
240,98,32
241,98,32
242,98,32
243,98,32
244,98,32
245,98,32
246,98,32
247,98,32
248,98,32
249,98,32
250,98,32
251,98,32
252,98,32
253,98,32
254,98,32
255,98,32
256,98,32
257,98,32
258,98,32
259,98,32
260,98,32
261,98,32
262,98,32
263,98,32
264,98,32
265,98,32
266,98,32
267,98,32
268,98,32
269,98,32
270,98,32
271,98,32
272,98,32
273,98,32
274,98,32
275,98,32
276,98,32
277,98,32
278,98,32
279,98,32
280,98,32
281,98,32
282,98,32
283,98,32
284,98,32
285,98,32
286,98,32
287,98,32
288,98,32
289,98,32
290,98,32
291,98,32
292,98,32
293,98,32
294,98,32
295,98,32
296,98,32
297,98,32
298,98,32
299,98,32
300,98,32
301,98,32
302,98,32
303,98,32
304,98,32
305,98,32
306,98,32
307,98,32
308,98,32
309,98,32
310,98,32
311,98,32
312,98,32
313,98,32
314,98,32
315,98,32
316,98,32
317,98,32
318,98,32
319,98,32
0,99,32
1,99,32
2,99,32
3,99,32
4,99,32
5,99,32
6,99,32
7,99,32
8,99,32
9,99,32
10,99,32
11,99,32
12,99,32
13,99,32
14,99,32
15,99,32
16,99,32
17,99,32
18,99,32
19,99,32
20,99,32
21,99,32
22,99,32
23,99,32
24,99,32
25,99,32
26,99,32
27,99,32
28,99,32
29,99,32
30,99,32
31,99,32
32,99,32
33,99,32
34,99,32
35,99,32
36,99,32
37,99,32
38,99,32
39,99,32
40,99,32
41,99,32
42,99,32
43,99,32
44,99,32
45,99,32
46,99,32
47,99,32
48,99,32
49,99,32
50,99,32
51,99,32
52,99,32
53,99,32
54,99,32
55,99,32
56,99,32
57,99,32
58,99,32
59,99,32
60,99,32
61,99,32
62,99,32
63,99,32
64,99,32
65,99,32
66,99,32
67,99,32
68,99,32
69,99,32
70,99,32
71,99,32
72,99,32
73,99,32
74,99,32
75,99,32
76,99,32
77,99,32
78,99,32
79,99,32
80,99,32
81,99,32
82,99,32
83,99,32
84,99,32
85,99,32
86,99,32
87,99,32
88,99,32
89,99,32
90,99,32
91,99,32
92,99,32
93,99,32
94,99,32
95,99,32
96,99,32
97,99,32
98,99,32
99,99,32
100,99,32
101,99,32
102,99,32
103,99,32
104,99,32
105,99,32
106,99,32
107,99,32
108,99,32
109,99,32
110,99,32
111,99,32
112,99,32
113,99,32
114,99,32
115,99,32
116,99,32
117,99,32
118,99,32
119,99,32
120,99,32
121,99,32
122,99,32
123,99,32
124,99,32
125,99,32
126,99,32
127,99,32
128,99,32
129,99,32
130,99,32
131,99,32
132,99,32
133,99,32
134,99,32
135,99,32
136,99,32
137,99,32
138,99,32
139,99,32
140,99,32
141,99,32
142,99,32
143,99,32
144,99,32
145,99,32
146,99,32
147,99,32
148,99,32
149,99,32
150,99,32
151,99,32
152,99,32
153,99,32
154,99,32
155,99,32
156,99,32
157,99,32
158,99,32
159,99,32
160,99,32
161,99,32
162,99,32
163,99,32
164,99,32
165,99,32
166,99,32
167,99,32
168,99,32
169,99,32
170,99,32
171,99,32
172,99,32
173,99,32
174,99,32
175,99,32
176,99,32
177,99,32
178,99,32
179,99,32
180,99,32
181,99,32
182,99,32
183,99,32
184,99,32
185,99,32
186,99,32
187,99,32
188,99,32
189,99,32
190,99,32
191,99,32
192,99,32
193,99,32
194,99,32
195,99,32
196,99,32
197,99,32
198,99,32
199,99,32
200,99,32
201,99,32
202,99,32
203,99,32
204,99,32
205,99,32
206,99,32
207,99,32
208,99,32
209,99,32
210,99,32
211,99,32
212,99,32
213,99,32
214,99,32
215,99,32
216,99,32
217,99,32
218,99,32
219,99,32
220,99,32
221,99,32
222,99,32
223,99,32
224,99,32
225,99,32
226,99,32
227,99,32
228,99,32
229,99,32
230,99,32
231,99,32
232,99,32
233,99,32
234,99,32
235,99,32
236,99,32
237,99,32
238,99,32
239,99,32
240,99,32
241,99,32
242,99,32
243,99,32
244,99,32
245,99,32
246,99,32
247,99,32
248,99,32
249,99,32
250,99,32
251,99,32
252,99,32
253,99,32
254,99,32
255,99,32
256,99,32
257,99,32
258,99,32
259,99,32
260,99,32
261,99,32
262,99,32
263,99,32
264,99,32
265,99,32
266,99,32
267,99,32
268,99,32
269,99,32
270,99,32
271,99,32
272,99,32
273,99,32
274,99,32
275,99,32
276,99,32
277,99,32
278,99,32
279,99,32
280,99,32
281,99,32
282,99,32
283,99,32
284,99,32
285,99,32
286,99,32
287,99,32
288,99,32
289,99,32
290,99,32
291,99,32
292,99,32
293,99,32
294,99,32
295,99,32
296,99,32
297,99,32
298,99,32
299,99,32
300,99,32
301,99,32
302,99,32
303,99,32
304,99,32
305,99,32
306,99,32
307,99,32
308,99,32
309,99,32
310,99,32
311,99,32
312,99,32
313,99,32
314,99,32
315,99,32
316,99,32
317,99,32
318,99,32
319,99,32
0,100,32
1,100,32
2,100,32
3,100,32
4,100,32
5,100,32
6,100,32
7,100,32
8,100,32
9,100,32
10,100,32
11,100,32
12,100,32
13,100,32
14,100,32
15,100,32
16,100,32
17,100,32
18,100,32
19,100,32
20,100,32
21,100,32
22,100,32
23,100,32
24,100,32
25,100,32
26,100,32
27,100,32
28,100,32
29,100,32
30,100,32
31,100,32
32,100,32
33,100,32
34,100,32
35,100,32
36,100,32
37,100,32
38,100,32
39,100,32
40,100,32
41,100,32
42,100,32
43,100,32
44,100,32
45,100,32
46,100,32
47,100,32
48,100,32
49,100,32
50,100,32
51,100,32
52,100,32
53,100,32
54,100,32
55,100,32
56,100,32
57,100,32
58,100,32
59,100,32
60,100,32
61,100,32
62,100,32
63,100,32
64,100,32
65,100,32
66,100,32
67,100,32
68,100,32
69,100,32
70,100,32
71,100,32
72,100,32
73,100,32
74,100,32
75,100,32
76,100,32
77,100,32
78,100,32
79,100,32
80,100,32
81,100,32
82,100,32
83,100,32
84,100,32
85,100,32
86,100,32
87,100,32
88,100,32
89,100,32
90,100,32
91,100,32
92,100,32
93,100,32
94,100,32
95,100,32
96,100,32
97,100,32
98,100,32
99,100,32
100,100,32
101,100,32
102,100,32
103,100,32
104,100,32
105,100,32
106,100,32
107,100,32
108,100,32
109,100,32
110,100,32
111,100,32
112,100,32
113,100,32
114,100,32
115,100,32
116,100,32
117,100,32
118,100,32
119,100,32
120,100,32
121,100,32
122,100,32
123,100,32
124,100,32
125,100,32
126,100,32
127,100,32
128,100,32
129,100,32
130,100,32
131,100,32
132,100,32
133,100,32
134,100,32
135,100,32
136,100,32
137,100,32
138,100,32
139,100,32
140,100,32
141,100,32
142,100,32
143,100,32
144,100,32
145,100,32
146,100,32
147,100,32
148,100,32
149,100,32
150,100,32
151,100,32
152,100,32
153,100,32
154,100,32
155,100,32
156,100,32
157,100,32
158,100,32
159,100,32
160,100,32
161,100,32
162,100,32
163,100,32
164,100,32
165,100,32
166,100,32
167,100,32
168,100,32
169,100,32
170,100,32
171,100,32
172,100,32
173,100,32
174,100,32
175,100,32
176,100,32
177,100,32
178,100,32
179,100,32
180,100,32
181,100,32
182,100,32
183,100,32
184,100,32
185,100,32
186,100,32
187,100,32
188,100,32
189,100,32
190,100,32
191,100,32
192,100,32
193,100,32
194,100,32
195,100,32
196,100,32
197,100,32
198,100,32
199,100,32
200,100,32
201,100,32
202,100,32
203,100,32
204,100,32
205,100,32
206,100,32
207,100,32
208,100,32
209,100,32
210,100,32
211,100,32
212,100,32
213,100,32
214,100,32
215,100,32
216,100,32
217,100,32
218,100,32
219,100,32
220,100,32
221,100,32
222,100,32
223,100,32
224,100,32
225,100,32
226,100,32
227,100,32
228,100,32
229,100,32
230,100,32
231,100,32
232,100,32
233,100,32
234,100,32
235,100,32
236,100,32
237,100,32
238,100,32
239,100,32
240,100,32
241,100,32
242,100,32
243,100,32
244,100,32
245,100,32
246,100,32
247,100,32
248,100,32
249,100,32
250,100,32
251,100,32
252,100,32
253,100,32
254,100,32
255,100,32
256,100,32
257,100,32
258,100,32
259,100,32
260,100,32
261,100,32
262,100,32
263,100,32
264,100,32
265,100,32
266,100,32
267,100,32
268,100,32
269,100,32
270,100,32
271,100,32
272,100,32
273,100,32
274,100,32
275,100,32
276,100,32
277,100,32
278,100,32
279,100,32
280,100,32
281,100,32
282,100,32
283,100,32
284,100,32
285,100,32
286,100,32
287,100,32
288,100,32
289,100,32
290,100,32
291,100,32
292,100,32
293,100,32
294,100,32
295,100,32
296,100,32
297,100,32
298,100,32
299,100,32
300,100,32
301,100,32
302,100,32
303,100,32
304,100,32
305,100,32
306,100,32
307,100,32
308,100,32
309,100,32
310,100,32
311,100,32
312,100,32
313,100,32
314,100,32
315,100,32
316,100,32
317,100,32
318,100,32
319,100,32
0,101,32
1,101,32
2,101,32
3,101,32
4,101,32
5,101,32
6,101,32
7,101,32
8,101,32
9,101,32
10,101,32
11,101,32
12,101,32
13,101,32
14,101,32
15,101,32
16,101,32
17,101,32
18,101,32
19,101,32
20,101,32
21,101,32
22,101,32
23,101,32
24,101,32
25,101,32
26,101,32
27,101,32
28,101,32
29,101,32
30,101,32
31,101,32
32,101,32
33,101,32
34,101,32
35,101,32
36,101,32
37,101,32
38,101,32
39,101,32
40,101,32
41,101,32
42,101,32
43,101,32
44,101,32
45,101,32
46,101,32
47,101,32
48,101,32
49,101,32
50,101,32
51,101,32
52,101,32
53,101,32
54,101,32
55,101,32
56,101,32
57,101,32
58,101,32
59,101,32
60,101,32
61,101,32
62,101,32
63,101,32
64,101,32
65,101,32
66,101,32
67,101,32
68,101,32
69,101,32
70,101,32
71,101,32
72,101,32
73,101,32
74,101,32
75,101,32
76,101,32
77,101,32
78,101,32
79,101,32
80,101,32
81,101,32
82,101,32
83,101,32
84,101,32
85,101,32
86,101,32
87,101,32
88,101,32
89,101,32
90,101,32
91,101,32
92,101,32
93,101,32
94,101,32
95,101,32
96,101,32
97,101,32
98,101,32
99,101,32
100,101,32
101,101,32
102,101,32
103,101,32
104,101,32
105,101,32
106,101,32
107,101,32
108,101,32
109,101,32
110,101,32
111,101,32
112,101,32
113,101,32
114,101,32
115,101,32
116,101,32
117,101,32
118,101,32
119,101,32
120,101,32
121,101,32
122,101,32
123,101,32
124,101,32
125,101,32
126,101,32
127,101,32
128,101,32
129,101,32
130,101,32
131,101,32
132,101,32
133,101,32
134,101,32
135,101,32
136,101,32
137,101,32
138,101,32
139,101,32
140,101,32
141,101,32
142,101,32
143,101,32
144,101,32
145,101,32
146,101,32
147,101,32
148,101,32
149,101,32
150,101,32
151,101,32
152,101,32
153,101,32
154,101,32
155,101,32
156,101,32
157,101,32
158,101,32
159,101,32
160,101,32
161,101,32
162,101,32
163,101,32
164,101,32
165,101,32
166,101,32
167,101,32
168,101,32
169,101,32
170,101,32
171,101,32
172,101,32
173,101,32
174,101,32
175,101,32
176,101,32
177,101,32
178,101,32
179,101,32
180,101,32
181,101,32
182,101,32
183,101,32
184,101,32
185,101,32
186,101,32
187,101,32
188,101,32
189,101,32
190,101,32
191,101,32
192,101,32
193,101,32
194,101,32
195,101,32
196,101,32
197,101,32
198,101,32
199,101,32
200,101,32
201,101,32
202,101,32
203,101,32
204,101,32
205,101,32
206,101,32
207,101,32
208,101,32
209,101,32
210,101,32
211,101,32
212,101,32
213,101,32
214,101,32
215,101,32
216,101,32
217,101,32
218,101,32
219,101,32
220,101,32
221,101,32
222,101,32
223,101,32
224,101,32
225,101,32
226,101,32
227,101,32
228,101,32
229,101,32
230,101,32
231,101,32
232,101,32
233,101,32
234,101,32
235,101,32
236,101,32
237,101,32
238,101,32
239,101,32
240,101,32
241,101,32
242,101,32
243,101,32
244,101,32
245,101,32
246,101,32
247,101,32
248,101,32
249,101,32
250,101,32
251,101,32
252,101,32
253,101,32
254,101,32
255,101,32
256,101,32
257,101,32
258,101,32
259,101,32
260,101,32
261,101,32
262,101,32
263,101,32
264,101,32
265,101,32
266,101,32
267,101,32
268,101,32
269,101,32
270,101,32
271,101,32
272,101,32
273,101,32
274,101,32
275,101,32
276,101,32
277,101,32
278,101,32
279,101,32
280,101,32
281,101,32
282,101,32
283,101,32
284,101,32
285,101,32
286,101,32
287,101,32
288,101,32
289,101,32
290,101,32
291,101,32
292,101,32
293,101,32
294,101,32
295,101,32
296,101,32
297,101,32
298,101,32
299,101,32
300,101,32
301,101,32
302,101,32
303,101,32
304,101,32
305,101,32
306,101,32
307,101,32
308,101,32
309,101,32
310,101,32
311,101,32
312,101,32
313,101,32
314,101,32
315,101,32
316,101,32
317,101,32
318,101,32
319,101,32
0,102,32
1,102,32
2,102,32
3,102,32
4,102,32
5,102,32
6,102,32
7,102,32
8,102,32
9,102,32
10,102,32
11,102,32
12,102,32
13,102,32
14,102,32
15,102,32
16,102,32
17,102,32
18,102,32
19,102,32
20,102,32
21,102,32
22,102,32
23,102,32
24,102,32
25,102,32
26,102,32
27,102,32
28,102,32
29,102,32
30,102,32
31,102,32
32,102,32
33,102,32
34,102,32
35,102,32
36,102,32
37,102,32
38,102,32
39,102,32
40,102,32
41,102,32
42,102,32
43,102,32
44,102,32
45,102,32
46,102,32
47,102,32
48,102,32
49,102,32
50,102,32
51,102,32
52,102,32
53,102,32
54,102,32
55,102,32
56,102,32
57,102,32
58,102,32
59,102,32
60,102,32
61,102,32
62,102,32
63,102,32
64,102,32
65,102,32
66,102,32
67,102,32
68,102,32
69,102,32
70,102,32
71,102,32
72,102,32
73,102,32
74,102,32
75,102,32
76,102,32
77,102,32
78,102,32
79,102,32
80,102,32
81,102,32
82,102,32
83,102,32
84,102,32
85,102,32
86,102,32
87,102,32
88,102,32
89,102,32
90,102,32
91,102,32
92,102,32
93,102,32
94,102,32
95,102,32
96,102,32
97,102,32
98,102,32
99,102,32
100,102,32
101,102,32
102,102,32
103,102,32
104,102,32
105,102,32
106,102,32
107,102,32
108,102,32
109,102,32
110,102,32
111,102,32
112,102,32
113,102,32
114,102,32
115,102,32
116,102,32
117,102,32
118,102,32
119,102,32
120,102,32
121,102,32
122,102,32
123,102,32
124,102,32
125,102,32
126,102,32
127,102,32
128,102,32
129,102,32
130,102,32
131,102,32
132,102,32
133,102,32
134,102,32
135,102,32
136,102,32
137,102,32
138,102,32
139,102,32
140,102,32
141,102,32
142,102,32
143,102,32
144,102,32
145,102,32
146,102,32
147,102,32
148,102,32
149,102,32
150,102,32
151,102,32
152,102,32
153,102,32
154,102,32
155,102,32
156,102,32
157,102,32
158,102,32
159,102,32
160,102,32
161,102,32
162,102,32
163,102,32
164,102,32
165,102,32
166,102,32
167,102,32
168,102,32
169,102,32
170,102,32
171,102,32
172,102,32
173,102,32
174,102,32
175,102,32
176,102,32
177,102,32
178,102,32
179,102,32
180,102,32
181,102,32
182,102,32
183,102,32
184,102,32
185,102,32
186,102,32
187,102,32
188,102,32
189,102,32
190,102,32
191,102,32
192,102,32
193,102,32
194,102,32
195,102,32
196,102,32
197,102,32
198,102,32
199,102,32
200,102,32
201,102,32
202,102,32
203,102,32
204,102,32
205,102,32
206,102,32
207,102,32
208,102,32
209,102,32
210,102,32
211,102,32
212,102,32
213,102,32
214,102,32
215,102,32
216,102,32
217,102,32
218,102,32
219,102,32
220,102,32
221,102,32
222,102,32
223,102,32
224,102,32
225,102,32
226,102,32
227,102,32
228,102,32
229,102,32
230,102,32
231,102,32
232,102,32
233,102,32
234,102,32
235,102,32
236,102,32
237,102,32
238,102,32
239,102,32
240,102,32
241,102,32
242,102,32
243,102,32
244,102,32
245,102,32
246,102,32
247,102,32
248,102,32
249,102,32
250,102,32
251,102,32
252,102,32
253,102,32
254,102,32
255,102,32
256,102,32
257,102,32
258,102,32
259,102,32
260,102,32
261,102,32
262,102,32
263,102,32
264,102,32
265,102,32
266,102,32
267,102,32
268,102,32
269,102,32
270,102,32
271,102,32
272,102,32
273,102,32
274,102,32
275,102,32
276,102,32
277,102,32
278,102,32
279,102,32
280,102,32
281,102,32
282,102,32
283,102,32
284,102,32
285,102,32
286,102,32
287,102,32
288,102,32
289,102,32
290,102,32
291,102,32
292,102,32
293,102,32
294,102,32
295,102,32
296,102,32
297,102,32
298,102,32
299,102,32
300,102,32
301,102,32
302,102,32
303,102,32
304,102,32
305,102,32
306,102,32
307,102,32
308,102,32
309,102,32
310,102,32
311,102,32
312,102,32
313,102,32
314,102,32
315,102,32
316,102,32
317,102,32
318,102,32
319,102,32
0,103,32
1,103,32
2,103,32
3,103,32
4,103,32
5,103,32
6,103,32
7,103,32
8,103,32
9,103,32
10,103,32
11,103,32
12,103,32
13,103,32
14,103,32
15,103,32
16,103,32
17,103,32
18,103,32
19,103,32
20,103,32
21,103,32
22,103,32
23,103,32
24,103,32
25,103,32
26,103,32
27,103,32
28,103,32
29,103,32
30,103,32
31,103,32
32,103,32
33,103,32
34,103,32
35,103,32
36,103,32
37,103,32
38,103,32
39,103,32
40,103,32
41,103,32
42,103,32
43,103,32
44,103,32
45,103,32
46,103,32
47,103,32
48,103,32
49,103,32
50,103,32
51,103,32
52,103,32
53,103,32
54,103,32
55,103,32
56,103,32
57,103,32
58,103,32
59,103,32
60,103,32
61,103,32
62,103,32
63,103,32
64,103,32
65,103,32
66,103,32
67,103,32
68,103,32
69,103,32
70,103,32
71,103,32
72,103,32
73,103,32
74,103,32
75,103,32
76,103,32
77,103,32
78,103,32
79,103,32
80,103,32
81,103,32
82,103,32
83,103,32
84,103,32
85,103,32
86,103,32
87,103,32
88,103,32
89,103,32
90,103,32
91,103,32
92,103,32
93,103,32
94,103,32
95,103,32
96,103,32
97,103,32
98,103,32
99,103,32
100,103,32
101,103,32
102,103,32
103,103,32
104,103,32
105,103,32
106,103,32
107,103,32
108,103,32
109,103,32
110,103,32
111,103,32
112,103,32
113,103,32
114,103,32
115,103,32
116,103,32
117,103,32
118,103,32
119,103,32
120,103,32
121,103,32
122,103,32
123,103,32
124,103,32
125,103,32
126,103,32
127,103,32
128,103,32
129,103,32
130,103,32
131,103,32
132,103,32
133,103,32
134,103,32
135,103,32
136,103,32
137,103,32
138,103,32
139,103,32
140,103,32
141,103,32
142,103,32
143,103,32
144,103,32
145,103,32
146,103,32
147,103,32
148,103,32
149,103,32
150,103,32
151,103,32
152,103,32
153,103,32
154,103,32
155,103,32
156,103,32
157,103,32
158,103,32
159,103,32
160,103,32
161,103,32
162,103,32
163,103,32
164,103,32
165,103,32
166,103,32
167,103,32
168,103,32
169,103,32
170,103,32
171,103,32
172,103,32
173,103,32
174,103,32
175,103,32
176,103,32
177,103,32
178,103,32
179,103,32
180,103,32
181,103,32
182,103,32
183,103,32
184,103,32
185,103,32
186,103,32
187,103,32
188,103,32
189,103,32
190,103,32
191,103,32
192,103,32
193,103,32
194,103,32
195,103,32
196,103,32
197,103,32
198,103,32
199,103,32
200,103,32
201,103,32
202,103,32
203,103,32
204,103,32
205,103,32
206,103,32
207,103,32
208,103,32
209,103,32
210,103,32
211,103,32
212,103,32
213,103,32
214,103,32
215,103,32
216,103,32
217,103,32
218,103,32
219,103,32
220,103,32
221,103,32
222,103,32
223,103,32
224,103,32
225,103,32
226,103,32
227,103,32
228,103,32
229,103,32
230,103,32
231,103,32
232,103,32
233,103,32
234,103,32
235,103,32
236,103,32
237,103,32
238,103,32
239,103,32
240,103,32
241,103,32
242,103,32
243,103,32
244,103,32
245,103,32
246,103,32
247,103,32
248,103,32
249,103,32
250,103,32
251,103,32
252,103,32
253,103,32
254,103,32
255,103,32
256,103,32
257,103,32
258,103,32
259,103,32
260,103,32
261,103,32
262,103,32
263,103,32
264,103,32
265,103,32
266,103,32
267,103,32
268,103,32
269,103,32
270,103,32
271,103,32
272,103,32
273,103,32
274,103,32
275,103,32
276,103,32
277,103,32
278,103,32
279,103,32
280,103,32
281,103,32
282,103,32
283,103,32
284,103,32
285,103,32
286,103,32
287,103,32
288,103,32
289,103,32
290,103,32
291,103,32
292,103,32
293,103,32
294,103,32
295,103,32
296,103,32
297,103,32
298,103,32
299,103,32
300,103,32
301,103,32
302,103,32
303,103,32
304,103,32
305,103,32
306,103,32
307,103,32
308,103,32
309,103,32
310,103,32
311,103,32
312,103,32
313,103,32
314,103,32
315,103,32
316,103,32
317,103,32
318,103,32
319,103,32
0,104,32
1,104,32
2,104,32
3,104,32
4,104,32
5,104,32
6,104,32
7,104,32
8,104,32
9,104,32
10,104,32
11,104,32
12,104,32
13,104,32
14,104,32
15,104,32
16,104,32
17,104,32
18,104,32
19,104,32
20,104,32
21,104,32
22,104,32
23,104,32
24,104,32
25,104,32
26,104,32
27,104,32
28,104,32
29,104,32
30,104,32
31,104,32
32,104,32
33,104,32
34,104,32
35,104,32
36,104,32
37,104,32
38,104,32
39,104,32
40,104,32
41,104,32
42,104,32
43,104,32
44,104,32
45,104,32
46,104,32
47,104,32
48,104,32
49,104,32
50,104,32
51,104,32
52,104,32
53,104,32
54,104,32
55,104,32
56,104,32
57,104,32
58,104,32
59,104,32
60,104,32
61,104,32
62,104,32
63,104,32
64,104,32
65,104,32
66,104,32
67,104,32
68,104,32
69,104,32
70,104,32
71,104,32
72,104,32
73,104,32
74,104,32
75,104,32
76,104,32
77,104,32
78,104,32
79,104,32
80,104,32
81,104,32
82,104,32
83,104,32
84,104,32
85,104,32
86,104,32
87,104,32
88,104,32
89,104,32
90,104,32
91,104,32
92,104,32
93,104,32
94,104,32
95,104,32
96,104,32
97,104,32
98,104,32
99,104,32
100,104,32
101,104,32
102,104,32
103,104,32
104,104,32
105,104,32
106,104,32
107,104,32
108,104,32
109,104,32
110,104,32
111,104,32
112,104,32
113,104,32
114,104,32
115,104,32
116,104,32
117,104,32
118,104,32
119,104,32
120,104,32
121,104,32
122,104,32
123,104,32
124,104,32
125,104,32
126,104,32
127,104,32
128,104,32
129,104,32
130,104,32
131,104,32
132,104,32
133,104,32
134,104,32
135,104,32
136,104,32
137,104,32
138,104,32
139,104,32
140,104,32
141,104,32
142,104,32
143,104,32
144,104,32
145,104,32
146,104,32
147,104,32
148,104,32
149,104,32
150,104,32
151,104,32
152,104,32
153,104,32
154,104,32
155,104,32
156,104,32
157,104,32
158,104,32
159,104,32
160,104,32
161,104,32
162,104,32
163,104,32
164,104,32
165,104,32
166,104,32
167,104,32
168,104,32
169,104,32
170,104,32
171,104,32
172,104,32
173,104,32
174,104,32
175,104,32
176,104,32
177,104,32
178,104,32
179,104,32
180,104,32
181,104,32
182,104,32
183,104,32
184,104,32
185,104,32
186,104,32
187,104,32
188,104,32
189,104,32
190,104,32
191,104,32
192,104,32
193,104,32
194,104,32
195,104,32
196,104,32
197,104,32
198,104,32
199,104,32
200,104,32
201,104,32
202,104,32
203,104,32
204,104,32
205,104,32
206,104,32
207,104,32
208,104,32
209,104,32
210,104,32
211,104,32
212,104,32
213,104,32
214,104,32
215,104,32
216,104,32
217,104,32
218,104,32
219,104,32
220,104,32
221,104,32
222,104,32
223,104,32
224,104,32
225,104,32
226,104,32
227,104,32
228,104,32
229,104,32
230,104,32
231,104,32
232,104,32
233,104,32
234,104,32
235,104,32
236,104,32
237,104,32
238,104,32
239,104,32
240,104,32
241,104,32
242,104,32
243,104,32
244,104,32
245,104,32
246,104,32
247,104,32
248,104,32
249,104,32
250,104,32
251,104,32
252,104,32
253,104,32
254,104,32
255,104,32
256,104,32
257,104,32
258,104,32
259,104,32
260,104,32
261,104,32
262,104,32
263,104,32
264,104,32
265,104,32
266,104,32
267,104,32
268,104,32
269,104,32
270,104,32
271,104,32
272,104,32
273,104,32
274,104,32
275,104,32
276,104,32
277,104,32
278,104,32
279,104,32
280,104,32
281,104,32
282,104,32
283,104,32
284,104,32
285,104,32
286,104,32
287,104,32
288,104,32
289,104,32
290,104,32
291,104,32
292,104,32
293,104,32
294,104,32
295,104,32
296,104,32
297,104,32
298,104,32
299,104,32
300,104,32
301,104,32
302,104,32
303,104,32
304,104,32
305,104,32
306,104,32
307,104,32
308,104,32
309,104,32
310,104,32
311,104,32
312,104,32
313,104,32
314,104,32
315,104,32
316,104,32
317,104,32
318,104,32
319,104,32
0,105,32
1,105,32
2,105,32
3,105,32
4,105,32
5,105,32
6,105,32
7,105,32
8,105,32
9,105,32
10,105,32
11,105,32
12,105,32
13,105,32
14,105,32
15,105,32
16,105,32
17,105,32
18,105,32
19,105,32
20,105,32
21,105,32
22,105,32
23,105,32
24,105,32
25,105,32
26,105,32
27,105,32
28,105,32
29,105,32
30,105,32
31,105,32
32,105,32
33,105,32
34,105,32
35,105,32
36,105,32
37,105,32
38,105,32
39,105,32
40,105,32
41,105,32
42,105,32
43,105,32
44,105,32
45,105,32
46,105,32
47,105,32
48,105,32
49,105,32
50,105,32
51,105,32
52,105,32
53,105,32
54,105,32
55,105,32
56,105,32
57,105,32
58,105,32
59,105,32
60,105,32
61,105,32
62,105,32
63,105,32
64,105,32
65,105,32
66,105,32
67,105,32
68,105,32
69,105,32
70,105,32
71,105,32
72,105,32
73,105,32
74,105,32
75,105,32
76,105,32
77,105,32
78,105,32
79,105,32
80,105,32
81,105,32
82,105,32
83,105,32
84,105,32
85,105,32
86,105,32
87,105,32
88,105,32
89,105,32
90,105,32
91,105,32
92,105,32
93,105,32
94,105,32
95,105,32
96,105,32
97,105,32
98,105,32
99,105,32
100,105,32
101,105,32
102,105,32
103,105,32
104,105,32
105,105,32
106,105,32
107,105,32
108,105,32
109,105,32
110,105,32
111,105,32
112,105,32
113,105,32
114,105,32
115,105,32
116,105,32
117,105,32
118,105,32
119,105,32
120,105,32
121,105,32
122,105,32
123,105,32
124,105,32
125,105,32
126,105,32
127,105,32
128,105,32
129,105,32
130,105,32
131,105,32
132,105,32
133,105,32
134,105,32
135,105,32
136,105,32
137,105,32
138,105,32
139,105,32
140,105,32
141,105,32
142,105,32
143,105,32
144,105,32
145,105,32
146,105,32
147,105,32
148,105,32
149,105,32
150,105,32
151,105,32
152,105,32
153,105,32
154,105,32
155,105,32
156,105,32
157,105,32
158,105,32
159,105,32
160,105,32
161,105,32
162,105,32
163,105,32
164,105,32
165,105,32
166,105,32
167,105,32
168,105,32
169,105,32
170,105,32
171,105,32
172,105,32
173,105,32
174,105,32
175,105,32
176,105,32
177,105,32
178,105,32
179,105,32
180,105,32
181,105,32
182,105,32
183,105,32
184,105,32
185,105,32
186,105,32
187,105,32
188,105,32
189,105,32
190,105,32
191,105,32
192,105,32
193,105,32
194,105,32
195,105,32
196,105,32
197,105,32
198,105,32
199,105,32
200,105,32
201,105,32
202,105,32
203,105,32
204,105,32
205,105,32
206,105,32
207,105,32
208,105,32
209,105,32
210,105,32
211,105,32
212,105,32
213,105,32
214,105,32
215,105,32
216,105,32
217,105,32
218,105,32
219,105,32
220,105,32
221,105,32
222,105,32
223,105,32
224,105,32
225,105,32
226,105,32
227,105,32
228,105,32
229,105,32
230,105,32
231,105,32
232,105,32
233,105,32
234,105,32
235,105,32
236,105,32
237,105,32
238,105,32
239,105,32
240,105,32
241,105,32
242,105,32
243,105,32
244,105,32
245,105,32
246,105,32
247,105,32
248,105,32
249,105,32
250,105,32
251,105,32
252,105,32
253,105,32
254,105,32
255,105,32
256,105,32
257,105,32
258,105,32
259,105,32
260,105,32
261,105,32
262,105,32
263,105,32
264,105,32
265,105,32
266,105,32
267,105,32
268,105,32
269,105,32
270,105,32
271,105,32
272,105,32
273,105,32
274,105,32
275,105,32
276,105,32
277,105,32
278,105,32
279,105,32
280,105,32
281,105,32
282,105,32
283,105,32
284,105,32
285,105,32
286,105,32
287,105,32
288,105,32
289,105,32
290,105,32
291,105,32
292,105,32
293,105,32
294,105,32
295,105,32
296,105,32
297,105,32
298,105,32
299,105,32
300,105,32
301,105,32
302,105,32
303,105,32
304,105,32
305,105,32
306,105,32
307,105,32
308,105,32
309,105,32
310,105,32
311,105,32
312,105,32
313,105,32
314,105,32
315,105,32
316,105,32
317,105,32
318,105,32
319,105,32
0,106,32
1,106,32
2,106,32
3,106,32
4,106,32
5,106,32
6,106,32
7,106,32
8,106,32
9,106,32
10,106,32
11,106,32
12,106,32
13,106,32
14,106,32
15,106,32
16,106,32
17,106,32
18,106,32
19,106,32
20,106,32
21,106,32
22,106,32
23,106,32
24,106,32
25,106,32
26,106,32
27,106,32
28,106,32
29,106,32
30,106,32
31,106,32
32,106,32
33,106,32
34,106,32
35,106,32
36,106,32
37,106,32
38,106,32
39,106,32
40,106,32
41,106,32
42,106,32
43,106,32
44,106,32
45,106,32
46,106,32
47,106,32
48,106,32
49,106,32
50,106,32
51,106,32
52,106,32
53,106,32
54,106,32
55,106,32
56,106,32
57,106,32
58,106,32
59,106,32
60,106,32
61,106,32
62,106,32
63,106,32
64,106,32
65,106,32
66,106,32
67,106,32
68,106,32
69,106,32
70,106,32
71,106,32
72,106,32
73,106,32
74,106,32
75,106,32
76,106,32
77,106,32
78,106,32
79,106,32
80,106,32
81,106,32
82,106,32
83,106,32
84,106,32
85,106,32
86,106,32
87,106,32
88,106,32
89,106,32
90,106,32
91,106,32
92,106,32
93,106,32
94,106,32
95,106,32
96,106,32
97,106,32
98,106,32
99,106,32
100,106,32
101,106,32
102,106,32
103,106,32
104,106,32
105,106,32
106,106,32
107,106,32
108,106,32
109,106,32
110,106,32
111,106,32
112,106,32
113,106,32
114,106,32
115,106,32
116,106,32
117,106,32
118,106,32
119,106,32
120,106,32
121,106,32
122,106,32
123,106,32
124,106,32
125,106,32
126,106,32
127,106,32
128,106,32
129,106,32
130,106,32
131,106,32
132,106,32
133,106,32
134,106,32
135,106,32
136,106,32
137,106,32
138,106,32
139,106,32
140,106,32
141,106,32
142,106,32
143,106,32
144,106,32
145,106,32
146,106,32
147,106,32
148,106,32
149,106,32
150,106,32
151,106,32
152,106,32
153,106,32
154,106,32
155,106,32
156,106,32
157,106,32
158,106,32
159,106,32
160,106,32
161,106,32
162,106,32
163,106,32
164,106,32
165,106,32
166,106,32
167,106,32
168,106,32
169,106,32
170,106,32
171,106,32
172,106,32
173,106,32
174,106,32
175,106,32
176,106,32
177,106,32
178,106,32
179,106,32
180,106,32
181,106,32
182,106,32
183,106,32
184,106,32
185,106,32
186,106,32
187,106,32
188,106,32
189,106,32
190,106,32
191,106,32
192,106,32
193,106,32
194,106,32
195,106,32
196,106,32
197,106,32
198,106,32
199,106,32
200,106,32
201,106,32
202,106,32
203,106,32
204,106,32
205,106,32
206,106,32
207,106,32
208,106,32
209,106,32
210,106,32
211,106,32
212,106,32
213,106,32
214,106,32
215,106,32
216,106,32
217,106,32
218,106,32
219,106,32
220,106,32
221,106,32
222,106,32
223,106,32
224,106,32
225,106,32
226,106,32
227,106,32
228,106,32
229,106,32
230,106,32
231,106,32
232,106,32
233,106,32
234,106,32
235,106,32
236,106,32
237,106,32
238,106,32
239,106,32
240,106,32
241,106,32
242,106,32
243,106,32
244,106,32
245,106,32
246,106,32
247,106,32
248,106,32
249,106,32
250,106,32
251,106,32
252,106,32
253,106,32
254,106,32
255,106,32
256,106,32
257,106,32
258,106,32
259,106,32
260,106,32
261,106,32
262,106,32
263,106,32
264,106,32
265,106,32
266,106,32
267,106,32
268,106,32
269,106,32
270,106,32
271,106,32
272,106,32
273,106,32
274,106,32
275,106,32
276,106,32
277,106,32
278,106,32
279,106,32
280,106,32
281,106,32
282,106,32
283,106,32
284,106,32
285,106,32
286,106,32
287,106,32
288,106,32
289,106,32
290,106,32
291,106,32
292,106,32
293,106,32
294,106,32
295,106,32
296,106,32
297,106,32
298,106,32
299,106,32
300,106,32
301,106,32
302,106,32
303,106,32
304,106,32
305,106,32
306,106,32
307,106,32
308,106,32
309,106,32
310,106,32
311,106,32
312,106,32
313,106,32
314,106,32
315,106,32
316,106,32
317,106,32
318,106,32
319,106,32
0,107,32
1,107,32
2,107,32
3,107,32
4,107,32
5,107,32
6,107,32
7,107,32
8,107,32
9,107,32
10,107,32
11,107,32
12,107,32
13,107,32
14,107,32
15,107,32
16,107,32
17,107,32
18,107,32
19,107,32
20,107,32
21,107,32
22,107,32
23,107,32
24,107,32
25,107,32
26,107,32
27,107,32
28,107,32
29,107,32
30,107,32
31,107,32
32,107,32
33,107,32
34,107,32
35,107,32
36,107,32
37,107,32
38,107,32
39,107,32
40,107,32
41,107,32
42,107,32
43,107,32
44,107,32
45,107,32
46,107,32
47,107,32
48,107,32
49,107,32
50,107,32
51,107,32
52,107,32
53,107,32
54,107,32
55,107,32
56,107,32
57,107,32
58,107,32
59,107,32
60,107,32
61,107,32
62,107,32
63,107,32
64,107,32
65,107,32
66,107,32
67,107,32
68,107,32
69,107,32
70,107,32
71,107,32
72,107,32
73,107,32
74,107,32
75,107,32
76,107,32
77,107,32
78,107,32
79,107,32
80,107,32
81,107,32
82,107,32
83,107,32
84,107,32
85,107,32
86,107,32
87,107,32
88,107,32
89,107,32
90,107,32
91,107,32
92,107,32
93,107,32
94,107,32
95,107,32
96,107,32
97,107,32
98,107,32
99,107,32
100,107,32
101,107,32
102,107,32
103,107,32
104,107,32
105,107,32
106,107,32
107,107,32
108,107,32
109,107,32
110,107,32
111,107,32
112,107,32
113,107,32
114,107,32
115,107,32
116,107,32
117,107,32
118,107,32
119,107,32
120,107,32
121,107,32
122,107,32
123,107,32
124,107,32
125,107,32
126,107,32
127,107,32
128,107,32
129,107,32
130,107,32
131,107,32
132,107,32
133,107,32
134,107,32
135,107,32
136,107,32
137,107,32
138,107,32
139,107,32
140,107,32
141,107,32
142,107,32
143,107,32
144,107,32
145,107,32
146,107,32
147,107,32
148,107,32
149,107,32
150,107,32
151,107,32
152,107,32
153,107,32
154,107,32
155,107,32
156,107,32
157,107,32
158,107,32
159,107,32
160,107,32
161,107,32
162,107,32
163,107,32
164,107,32
165,107,32
166,107,32
167,107,32
168,107,32
169,107,32
170,107,32
171,107,32
172,107,32
173,107,32
174,107,32
175,107,32
176,107,32
177,107,32
178,107,32
179,107,32
180,107,32
181,107,32
182,107,32
183,107,32
184,107,32
185,107,32
186,107,32
187,107,32
188,107,32
189,107,32
190,107,32
191,107,32
192,107,32
193,107,32
194,107,32
195,107,32
196,107,32
197,107,32
198,107,32
199,107,32
200,107,32
201,107,32
202,107,32
203,107,32
204,107,32
205,107,32
206,107,32
207,107,32
208,107,32
209,107,32
210,107,32
211,107,32
212,107,32
213,107,32
214,107,32
215,107,32
216,107,32
217,107,32
218,107,32
219,107,32
220,107,32
221,107,32
222,107,32
223,107,32
224,107,32
225,107,32
226,107,32
227,107,32
228,107,32
229,107,32
230,107,32
231,107,32
232,107,32
233,107,32
234,107,32
235,107,32
236,107,32
237,107,32
238,107,32
239,107,32
240,107,32
241,107,32
242,107,32
243,107,32
244,107,32
245,107,32
246,107,32
247,107,32
248,107,32
249,107,32
250,107,32
251,107,32
252,107,32
253,107,32
254,107,32
255,107,32
256,107,32
257,107,32
258,107,32
259,107,32
260,107,32
261,107,32
262,107,32
263,107,32
264,107,32
265,107,32
266,107,32
267,107,32
268,107,32
269,107,32
270,107,32
271,107,32
272,107,32
273,107,32
274,107,32
275,107,32
276,107,32
277,107,32
278,107,32
279,107,32
280,107,32
281,107,32
282,107,32
283,107,32
284,107,32
285,107,32
286,107,32
287,107,32
288,107,32
289,107,32
290,107,32
291,107,32
292,107,32
293,107,32
294,107,32
295,107,32
296,107,32
297,107,32
298,107,32
299,107,32
300,107,32
301,107,32
302,107,32
303,107,32
304,107,32
305,107,32
306,107,32
307,107,32
308,107,32
309,107,32
310,107,32
311,107,32
312,107,32
313,107,32
314,107,32
315,107,32
316,107,32
317,107,32
318,107,32
319,107,32
0,108,32
1,108,32
2,108,32
3,108,32
4,108,32
5,108,32
6,108,32
7,108,32
8,108,32
9,108,32
10,108,32
11,108,32
12,108,32
13,108,32
14,108,32
15,108,32
16,108,32
17,108,32
18,108,32
19,108,32
20,108,32
21,108,32
22,108,32
23,108,32
24,108,32
25,108,32
26,108,32
27,108,32
28,108,32
29,108,32
30,108,32
31,108,32
32,108,32
33,108,32
34,108,32
35,108,32
36,108,32
37,108,32
38,108,32
39,108,32
40,108,32
41,108,32
42,108,32
43,108,32
44,108,32
45,108,32
46,108,32
47,108,32
48,108,32
49,108,32
50,108,32
51,108,32
52,108,32
53,108,32
54,108,32
55,108,32
56,108,32
57,108,32
58,108,32
59,108,32
60,108,32
61,108,32
62,108,32
63,108,32
64,108,32
65,108,32
66,108,32
67,108,32
68,108,32
69,108,32
70,108,32
71,108,32
72,108,32
73,108,32
74,108,32
75,108,32
76,108,32
77,108,32
78,108,32
79,108,32
80,108,32
81,108,32
82,108,32
83,108,32
84,108,32
85,108,32
86,108,32
87,108,32
88,108,32
89,108,32
90,108,32
91,108,32
92,108,32
93,108,32
94,108,32
95,108,32
96,108,32
97,108,32
98,108,32
99,108,32
100,108,32
101,108,32
102,108,32
103,108,32
104,108,32
105,108,32
106,108,32
107,108,32
108,108,32
109,108,32
110,108,32
111,108,32
112,108,32
113,108,32
114,108,32
115,108,32
116,108,32
117,108,32
118,108,32
119,108,32
120,108,32
121,108,32
122,108,32
123,108,32
124,108,32
125,108,32
126,108,32
127,108,32
128,108,32
129,108,32
130,108,32
131,108,32
132,108,32
133,108,32
134,108,32
135,108,32
136,108,32
137,108,32
138,108,32
139,108,32
140,108,32
141,108,32
142,108,32
143,108,32
144,108,32
145,108,32
146,108,32
147,108,32
148,108,32
149,108,32
150,108,32
151,108,32
152,108,32
153,108,32
154,108,32
155,108,32
156,108,32
157,108,32
158,108,32
159,108,32
160,108,32
161,108,32
162,108,32
163,108,32
164,108,32
165,108,32
166,108,32
167,108,32
168,108,32
169,108,32
170,108,32
171,108,32
172,108,32
173,108,32
174,108,32
175,108,32
176,108,32
177,108,32
178,108,32
179,108,32
180,108,32
181,108,32
182,108,32
183,108,32
184,108,32
185,108,32
186,108,32
187,108,32
188,108,32
189,108,32
190,108,32
191,108,32
192,108,32
193,108,32
194,108,32
195,108,32
196,108,32
197,108,32
198,108,32
199,108,32
200,108,32
201,108,32
202,108,32
203,108,32
204,108,32
205,108,32
206,108,32
207,108,32
208,108,32
209,108,32
210,108,32
211,108,32
212,108,32
213,108,32
214,108,32
215,108,32
216,108,32
217,108,32
218,108,32
219,108,32
220,108,32
221,108,32
222,108,32
223,108,32
224,108,32
225,108,32
226,108,32
227,108,32
228,108,32
229,108,32
230,108,32
231,108,32
232,108,32
233,108,32
234,108,32
235,108,32
236,108,32
237,108,32
238,108,32
239,108,32
240,108,32
241,108,32
242,108,32
243,108,32
244,108,32
245,108,32
246,108,32
247,108,32
248,108,32
249,108,32
250,108,32
251,108,32
252,108,32
253,108,32
254,108,32
255,108,32
256,108,32
257,108,32
258,108,32
259,108,32
260,108,32
261,108,32
262,108,32
263,108,32
264,108,32
265,108,32
266,108,32
267,108,32
268,108,32
269,108,32
270,108,32
271,108,32
272,108,32
273,108,32
274,108,32
275,108,32
276,108,32
277,108,32
278,108,32
279,108,32
280,108,32
281,108,32
282,108,32
283,108,32
284,108,32
285,108,32
286,108,32
287,108,32
288,108,32
289,108,32
290,108,32
291,108,32
292,108,32
293,108,32
294,108,32
295,108,32
296,108,32
297,108,32
298,108,32
299,108,32
300,108,32
301,108,32
302,108,32
303,108,32
304,108,32
305,108,32
306,108,32
307,108,32
308,108,32
309,108,32
310,108,32
311,108,32
312,108,32
313,108,32
314,108,32
315,108,32
316,108,32
317,108,32
318,108,32
319,108,32
0,109,32
1,109,32
2,109,32
3,109,32
4,109,32
5,109,32
6,109,32
7,109,32
8,109,32
9,109,32
10,109,32
11,109,32
12,109,32
13,109,32
14,109,32
15,109,32
16,109,32
17,109,32
18,109,32
19,109,32
20,109,32
21,109,32
22,109,32
23,109,32
24,109,32
25,109,32
26,109,32
27,109,32
28,109,32
29,109,32
30,109,32
31,109,32
32,109,32
33,109,32
34,109,32
35,109,32
36,109,32
37,109,32
38,109,32
39,109,32
40,109,32
41,109,32
42,109,32
43,109,32
44,109,32
45,109,32
46,109,32
47,109,32
48,109,32
49,109,32
50,109,32
51,109,32
52,109,32
53,109,32
54,109,32
55,109,32
56,109,32
57,109,32
58,109,32
59,109,32
60,109,32
61,109,32
62,109,32
63,109,32
64,109,32
65,109,32
66,109,32
67,109,32
68,109,32
69,109,32
70,109,32
71,109,32
72,109,32
73,109,32
74,109,32
75,109,32
76,109,32
77,109,32
78,109,32
79,109,32
80,109,32
81,109,32
82,109,32
83,109,32
84,109,32
85,109,32
86,109,32
87,109,32
88,109,32
89,109,32
90,109,32
91,109,32
92,109,32
93,109,32
94,109,32
95,109,32
96,109,32
97,109,32
98,109,32
99,109,32
100,109,32
101,109,32
102,109,32
103,109,32
104,109,32
105,109,32
106,109,32
107,109,32
108,109,32
109,109,32
110,109,32
111,109,32
112,109,32
113,109,32
114,109,32
115,109,32
116,109,32
117,109,32
118,109,32
119,109,32
120,109,32
121,109,32
122,109,32
123,109,32
124,109,32
125,109,32
126,109,32
127,109,32
128,109,32
129,109,32
130,109,32
131,109,32
132,109,32
133,109,32
134,109,32
135,109,32
136,109,32
137,109,32
138,109,32
139,109,32
140,109,32
141,109,32
142,109,32
143,109,32
144,109,32
145,109,32
146,109,32
147,109,32
148,109,32
149,109,32
150,109,32
151,109,32
152,109,32
153,109,32
154,109,32
155,109,32
156,109,32
157,109,32
158,109,32
159,109,32
160,109,32
161,109,32
162,109,32
163,109,32
164,109,32
165,109,32
166,109,32
167,109,32
168,109,32
169,109,32
170,109,32
171,109,32
172,109,32
173,109,32
174,109,32
175,109,32
176,109,32
177,109,32
178,109,32
179,109,32
180,109,32
181,109,32
182,109,32
183,109,32
184,109,32
185,109,32
186,109,32
187,109,32
188,109,32
189,109,32
190,109,32
191,109,32
192,109,32
193,109,32
194,109,32
195,109,32
196,109,32
197,109,32
198,109,32
199,109,32
200,109,32
201,109,32
202,109,32
203,109,32
204,109,32
205,109,32
206,109,32
207,109,32
208,109,32
209,109,32
210,109,32
211,109,32
212,109,32
213,109,32
214,109,32
215,109,32
216,109,32
217,109,32
218,109,32
219,109,32
220,109,32
221,109,32
222,109,32
223,109,32
224,109,32
225,109,32
226,109,32
227,109,32
228,109,32
229,109,32
230,109,32
231,109,32
232,109,32
233,109,32
234,109,32
235,109,32
236,109,32
237,109,32
238,109,32
239,109,32
240,109,32
241,109,32
242,109,32
243,109,32
244,109,32
245,109,32
246,109,32
247,109,32
248,109,32
249,109,32
250,109,32
251,109,32
252,109,32
253,109,32
254,109,32
255,109,32
256,109,32
257,109,32
258,109,32
259,109,32
260,109,32
261,109,32
262,109,32
263,109,32
264,109,32
265,109,32
266,109,32
267,109,32
268,109,32
269,109,32
270,109,32
271,109,32
272,109,32
273,109,32
274,109,32
275,109,32
276,109,32
277,109,32
278,109,32
279,109,32
280,109,32
281,109,32
282,109,32
283,109,32
284,109,32
285,109,32
286,109,32
287,109,32
288,109,32
289,109,32
290,109,32
291,109,32
292,109,32
293,109,32
294,109,32
295,109,32
296,109,32
297,109,32
298,109,32
299,109,32
300,109,32
301,109,32
302,109,32
303,109,32
304,109,32
305,109,32
306,109,32
307,109,32
308,109,32
309,109,32
310,109,32
311,109,32
312,109,32
313,109,32
314,109,32
315,109,32
316,109,32
317,109,32
318,109,32
319,109,32
0,110,32
1,110,32
2,110,32
3,110,32
4,110,32
5,110,32
6,110,32
7,110,32
8,110,32
9,110,32
10,110,32
11,110,32
12,110,32
13,110,32
14,110,32
15,110,32
16,110,32
17,110,32
18,110,32
19,110,32
20,110,32
21,110,32
22,110,32
23,110,32
24,110,32
25,110,32
26,110,32
27,110,32
28,110,32
29,110,32
30,110,32
31,110,32
32,110,32
33,110,32
34,110,32
35,110,32
36,110,32
37,110,32
38,110,32
39,110,32
40,110,32
41,110,32
42,110,32
43,110,32
44,110,32
45,110,32
46,110,32
47,110,32
48,110,32
49,110,32
50,110,32
51,110,32
52,110,32
53,110,32
54,110,32
55,110,32
56,110,32
57,110,32
58,110,32
59,110,32
60,110,32
61,110,32
62,110,32
63,110,32
64,110,32
65,110,32
66,110,32
67,110,32
68,110,32
69,110,32
70,110,32
71,110,32
72,110,32
73,110,32
74,110,32
75,110,32
76,110,32
77,110,32
78,110,32
79,110,32
80,110,32
81,110,32
82,110,32
83,110,32
84,110,32
85,110,32
86,110,32
87,110,32
88,110,32
89,110,32
90,110,32
91,110,32
92,110,32
93,110,32
94,110,32
95,110,32
96,110,32
97,110,32
98,110,32
99,110,32
100,110,32
101,110,32
102,110,32
103,110,32
104,110,32
105,110,32
106,110,32
107,110,32
108,110,32
109,110,32
110,110,32
111,110,32
112,110,32
113,110,32
114,110,32
115,110,32
116,110,32
117,110,32
118,110,32
119,110,32
120,110,32
121,110,32
122,110,32
123,110,32
124,110,32
125,110,32
126,110,32
127,110,32
128,110,32
129,110,32
130,110,32
131,110,32
132,110,32
133,110,32
134,110,32
135,110,32
136,110,32
137,110,32
138,110,32
139,110,32
140,110,32
141,110,32
142,110,32
143,110,32
144,110,32
145,110,32
146,110,32
147,110,32
148,110,32
149,110,32
150,110,32
151,110,32
152,110,32
153,110,32
154,110,32
155,110,32
156,110,32
157,110,32
158,110,32
159,110,32
160,110,32
161,110,32
162,110,32
163,110,32
164,110,32
165,110,32
166,110,32
167,110,32
168,110,32
169,110,32
170,110,32
171,110,32
172,110,32
173,110,32
174,110,32
175,110,32
176,110,32
177,110,32
178,110,32
179,110,32
180,110,32
181,110,32
182,110,32
183,110,32
184,110,32
185,110,32
186,110,32
187,110,32
188,110,32
189,110,32
190,110,32
191,110,32
192,110,32
193,110,32
194,110,32
195,110,32
196,110,32
197,110,32
198,110,32
199,110,32
200,110,32
201,110,32
202,110,32
203,110,32
204,110,32
205,110,32
206,110,32
207,110,32
208,110,32
209,110,32
210,110,32
211,110,32
212,110,32
213,110,32
214,110,32
215,110,32
216,110,32
217,110,32
218,110,32
219,110,32
220,110,32
221,110,32
222,110,32
223,110,32
224,110,32
225,110,32
226,110,32
227,110,32
228,110,32
229,110,32
230,110,32
231,110,32
232,110,32
233,110,32
234,110,32
235,110,32
236,110,32
237,110,32
238,110,32
239,110,32
240,110,32
241,110,32
242,110,32
243,110,32
244,110,32
245,110,32
246,110,32
247,110,32
248,110,32
249,110,32
250,110,32
251,110,32
252,110,32
253,110,32
254,110,32
255,110,32
256,110,32
257,110,32
258,110,32
259,110,32
260,110,32
261,110,32
262,110,32
263,110,32
264,110,32
265,110,32
266,110,32
267,110,32
268,110,32
269,110,32
270,110,32
271,110,32
272,110,32
273,110,32
274,110,32
275,110,32
276,110,32
277,110,32
278,110,32
279,110,32
280,110,32
281,110,32
282,110,32
283,110,32
284,110,32
285,110,32
286,110,32
287,110,32
288,110,32
289,110,32
290,110,32
291,110,32
292,110,32
293,110,32
294,110,32
295,110,32
296,110,32
297,110,32
298,110,32
299,110,32
300,110,32
301,110,32
302,110,32
303,110,32
304,110,32
305,110,32
306,110,32
307,110,32
308,110,32
309,110,32
310,110,32
311,110,32
312,110,32
313,110,32
314,110,32
315,110,32
316,110,32
317,110,32
318,110,32
319,110,32
0,111,32
1,111,32
2,111,32
3,111,32
4,111,32
5,111,32
6,111,32
7,111,32
8,111,32
9,111,32
10,111,32
11,111,32
12,111,32
13,111,32
14,111,32
15,111,32
16,111,32
17,111,32
18,111,32
19,111,32
20,111,32
21,111,32
22,111,32
23,111,32
24,111,32
25,111,32
26,111,32
27,111,32
28,111,32
29,111,32
30,111,32
31,111,32
32,111,32
33,111,32
34,111,32
35,111,32
36,111,32
37,111,32
38,111,32
39,111,32
40,111,32
41,111,32
42,111,32
43,111,32
44,111,32
45,111,32
46,111,32
47,111,32
48,111,32
49,111,32
50,111,32
51,111,32
52,111,32
53,111,32
54,111,32
55,111,32
56,111,32
57,111,32
58,111,32
59,111,32
60,111,32
61,111,32
62,111,32
63,111,32
64,111,32
65,111,32
66,111,32
67,111,32
68,111,32
69,111,32
70,111,32
71,111,32
72,111,32
73,111,32
74,111,32
75,111,32
76,111,32
77,111,32
78,111,32
79,111,32
80,111,32
81,111,32
82,111,32
83,111,32
84,111,32
85,111,32
86,111,32
87,111,32
88,111,32
89,111,32
90,111,32
91,111,32
92,111,32
93,111,32
94,111,32
95,111,32
96,111,32
97,111,32
98,111,32
99,111,32
100,111,32
101,111,32
102,111,32
103,111,32
104,111,32
105,111,32
106,111,32
107,111,32
108,111,32
109,111,32
110,111,32
111,111,32
112,111,32
113,111,32
114,111,32
115,111,32
116,111,32
117,111,32
118,111,32
119,111,32
120,111,32
121,111,32
122,111,32
123,111,32
124,111,32
125,111,32
126,111,32
127,111,32
128,111,32
129,111,32
130,111,32
131,111,32
132,111,32
133,111,32
134,111,32
135,111,32
136,111,32
137,111,32
138,111,32
139,111,32
140,111,32
141,111,32
142,111,32
143,111,32
144,111,32
145,111,32
146,111,32
147,111,32
148,111,32
149,111,32
150,111,32
151,111,32
152,111,32
153,111,32
154,111,32
155,111,32
156,111,32
157,111,32
158,111,32
159,111,32
160,111,32
161,111,32
162,111,32
163,111,32
164,111,32
165,111,32
166,111,32
167,111,32
168,111,32
169,111,32
170,111,32
171,111,32
172,111,32
173,111,32
174,111,32
175,111,32
176,111,32
177,111,32
178,111,32
179,111,32
180,111,32
181,111,32
182,111,32
183,111,32
184,111,32
185,111,32
186,111,32
187,111,32
188,111,32
189,111,32
190,111,32
191,111,32
192,111,32
193,111,32
194,111,32
195,111,32
196,111,32
197,111,32
198,111,32
199,111,32
200,111,32
201,111,32
202,111,32
203,111,32
204,111,32
205,111,32
206,111,32
207,111,32
208,111,32
209,111,32
210,111,32
211,111,32
212,111,32
213,111,32
214,111,32
215,111,32
216,111,32
217,111,32
218,111,32
219,111,32
220,111,32
221,111,32
222,111,32
223,111,32
224,111,32
225,111,32
226,111,32
227,111,32
228,111,32
229,111,32
230,111,32
231,111,32
232,111,32
233,111,32
234,111,32
235,111,32
236,111,32
237,111,32
238,111,32
239,111,32
240,111,32
241,111,32
242,111,32
243,111,32
244,111,32
245,111,32
246,111,32
247,111,32
248,111,32
249,111,32
250,111,32
251,111,32
252,111,32
253,111,32
254,111,32
255,111,32
256,111,32
257,111,32
258,111,32
259,111,32
260,111,32
261,111,32
262,111,32
263,111,32
264,111,32
265,111,32
266,111,32
267,111,32
268,111,32
269,111,32
270,111,32
271,111,32
272,111,32
273,111,32
274,111,32
275,111,32
276,111,32
277,111,32
278,111,32
279,111,32
280,111,32
281,111,32
282,111,32
283,111,32
284,111,32
285,111,32
286,111,32
287,111,32
288,111,32
289,111,32
290,111,32
291,111,32
292,111,32
293,111,32
294,111,32
295,111,32
296,111,32
297,111,32
298,111,32
299,111,32
300,111,32
301,111,32
302,111,32
303,111,32
304,111,32
305,111,32
306,111,32
307,111,32
308,111,32
309,111,32
310,111,32
311,111,32
312,111,32
313,111,32
314,111,32
315,111,32
316,111,32
317,111,32
318,111,32
319,111,32
0,112,32
1,112,32
2,112,32
3,112,32
4,112,32
5,112,32
6,112,32
7,112,32
8,112,32
9,112,32
10,112,32
11,112,32
12,112,32
13,112,32
14,112,32
15,112,32
16,112,32
17,112,32
18,112,32
19,112,32
20,112,32
21,112,32
22,112,32
23,112,32
24,112,32
25,112,32
26,112,32
27,112,32
28,112,32
29,112,32
30,112,32
31,112,32
32,112,32
33,112,32
34,112,32
35,112,32
36,112,32
37,112,32
38,112,32
39,112,32
40,112,32
41,112,32
42,112,32
43,112,32
44,112,32
45,112,32
46,112,32
47,112,32
48,112,32
49,112,32
50,112,32
51,112,32
52,112,32
53,112,32
54,112,32
55,112,32
56,112,32
57,112,32
58,112,32
59,112,32
60,112,32
61,112,32
62,112,32
63,112,32
64,112,32
65,112,32
66,112,32
67,112,32
68,112,32
69,112,32
70,112,32
71,112,32
72,112,32
73,112,32
74,112,32
75,112,32
76,112,32
77,112,32
78,112,32
79,112,32
80,112,32
81,112,32
82,112,32
83,112,32
84,112,32
85,112,32
86,112,32
87,112,32
88,112,32
89,112,32
90,112,32
91,112,32
92,112,32
93,112,32
94,112,32
95,112,32
96,112,32
97,112,32
98,112,32
99,112,32
100,112,32
101,112,32
102,112,32
103,112,32
104,112,32
105,112,32
106,112,32
107,112,32
108,112,32
109,112,32
110,112,32
111,112,32
112,112,32
113,112,32
114,112,32
115,112,32
116,112,32
117,112,32
118,112,32
119,112,32
120,112,32
121,112,32
122,112,32
123,112,32
124,112,32
125,112,32
126,112,32
127,112,32
128,112,32
129,112,32
130,112,32
131,112,32
132,112,32
133,112,32
134,112,32
135,112,32
136,112,32
137,112,32
138,112,32
139,112,32
140,112,32
141,112,32
142,112,32
143,112,32
144,112,32
145,112,32
146,112,32
147,112,32
148,112,32
149,112,32
150,112,32
151,112,32
152,112,32
153,112,32
154,112,32
155,112,32
156,112,32
157,112,32
158,112,32
159,112,32
160,112,32
161,112,32
162,112,32
163,112,32
164,112,32
165,112,32
166,112,32
167,112,32
168,112,32
169,112,32
170,112,32
171,112,32
172,112,32
173,112,32
174,112,32
175,112,32
176,112,32
177,112,32
178,112,32
179,112,32
180,112,32
181,112,32
182,112,32
183,112,32
184,112,32
185,112,32
186,112,32
187,112,32
188,112,32
189,112,32
190,112,32
191,112,32
192,112,32
193,112,32
194,112,32
195,112,32
196,112,32
197,112,32
198,112,32
199,112,32
200,112,32
201,112,32
202,112,32
203,112,32
204,112,32
205,112,32
206,112,32
207,112,32
208,112,32
209,112,32
210,112,32
211,112,32
212,112,32
213,112,32
214,112,32
215,112,32
216,112,32
217,112,32
218,112,32
219,112,32
220,112,32
221,112,32
222,112,32
223,112,32
224,112,32
225,112,32
226,112,32
227,112,32
228,112,32
229,112,32
230,112,32
231,112,32
232,112,32
233,112,32
234,112,32
235,112,32
236,112,32
237,112,32
238,112,32
239,112,32
240,112,32
241,112,32
242,112,32
243,112,32
244,112,32
245,112,32
246,112,32
247,112,32
248,112,32
249,112,32
250,112,32
251,112,32
252,112,32
253,112,32
254,112,32
255,112,32
256,112,32
257,112,32
258,112,32
259,112,32
260,112,32
261,112,32
262,112,32
263,112,32
264,112,32
265,112,32
266,112,32
267,112,32
268,112,32
269,112,32
270,112,32
271,112,32
272,112,32
273,112,32
274,112,32
275,112,32
276,112,32
277,112,32
278,112,32
279,112,32
280,112,32
281,112,32
282,112,32
283,112,32
284,112,32
285,112,32
286,112,32
287,112,32
288,112,32
289,112,32
290,112,32
291,112,32
292,112,32
293,112,32
294,112,32
295,112,32
296,112,32
297,112,32
298,112,32
299,112,32
300,112,32
301,112,32
302,112,32
303,112,32
304,112,32
305,112,32
306,112,32
307,112,32
308,112,32
309,112,32
310,112,32
311,112,32
312,112,32
313,112,32
314,112,32
315,112,32
316,112,32
317,112,32
318,112,32
319,112,32
0,113,32
1,113,32
2,113,32
3,113,32
4,113,32
5,113,32
6,113,32
7,113,32
8,113,32
9,113,32
10,113,32
11,113,32
12,113,32
13,113,32
14,113,32
15,113,32
16,113,32
17,113,32
18,113,32
19,113,32
20,113,32
21,113,32
22,113,32
23,113,32
24,113,32
25,113,32
26,113,32
27,113,32
28,113,32
29,113,32
30,113,32
31,113,32
32,113,32
33,113,32
34,113,32
35,113,32
36,113,32
37,113,32
38,113,32
39,113,32
40,113,32
41,113,32
42,113,32
43,113,32
44,113,32
45,113,32
46,113,32
47,113,32
48,113,32
49,113,32
50,113,32
51,113,32
52,113,32
53,113,32
54,113,32
55,113,32
56,113,32
57,113,32
58,113,32
59,113,32
60,113,32
61,113,32
62,113,32
63,113,32
64,113,32
65,113,32
66,113,32
67,113,32
68,113,32
69,113,32
70,113,32
71,113,32
72,113,32
73,113,32
74,113,32
75,113,32
76,113,32
77,113,32
78,113,32
79,113,32
80,113,32
81,113,32
82,113,32
83,113,32
84,113,32
85,113,32
86,113,32
87,113,32
88,113,32
89,113,32
90,113,32
91,113,32
92,113,32
93,113,32
94,113,32
95,113,32
96,113,32
97,113,32
98,113,32
99,113,32
100,113,32
101,113,32
102,113,32
103,113,32
104,113,32
105,113,32
106,113,32
107,113,32
108,113,32
109,113,32
110,113,32
111,113,32
112,113,32
113,113,32
114,113,32
115,113,32
116,113,32
117,113,32
118,113,32
119,113,32
120,113,32
121,113,32
122,113,32
123,113,32
124,113,32
125,113,32
126,113,32
127,113,32
128,113,32
129,113,32
130,113,32
131,113,32
132,113,32
133,113,32
134,113,32
135,113,32
136,113,32
137,113,32
138,113,32
139,113,32
140,113,32
141,113,32
142,113,32
143,113,32
144,113,32
145,113,32
146,113,32
147,113,32
148,113,32
149,113,32
150,113,32
151,113,32
152,113,32
153,113,32
154,113,32
155,113,32
156,113,32
157,113,32
158,113,32
159,113,32
160,113,32
161,113,32
162,113,32
163,113,32
164,113,32
165,113,32
166,113,32
167,113,32
168,113,32
169,113,32
170,113,32
171,113,32
172,113,32
173,113,32
174,113,32
175,113,32
176,113,32
177,113,32
178,113,32
179,113,32
180,113,32
181,113,32
182,113,32
183,113,32
184,113,32
185,113,32
186,113,32
187,113,32
188,113,32
189,113,32
190,113,32
191,113,32
192,113,32
193,113,32
194,113,32
195,113,32
196,113,32
197,113,32
198,113,32
199,113,32
200,113,32
201,113,32
202,113,32
203,113,32
204,113,32
205,113,32
206,113,32
207,113,32
208,113,32
209,113,32
210,113,32
211,113,32
212,113,32
213,113,32
214,113,32
215,113,32
216,113,32
217,113,32
218,113,32
219,113,32
220,113,32
221,113,32
222,113,32
223,113,32
224,113,32
225,113,32
226,113,32
227,113,32
228,113,32
229,113,32
230,113,32
231,113,32
232,113,32
233,113,32
234,113,32
235,113,32
236,113,32
237,113,32
238,113,32
239,113,32
240,113,32
241,113,32
242,113,32
243,113,32
244,113,32
245,113,32
246,113,32
247,113,32
248,113,32
249,113,32
250,113,32
251,113,32
252,113,32
253,113,32
254,113,32
255,113,32
256,113,32
257,113,32
258,113,32
259,113,32
260,113,32
261,113,32
262,113,32
263,113,32
264,113,32
265,113,32
266,113,32
267,113,32
268,113,32
269,113,32
270,113,32
271,113,32
272,113,32
273,113,32
274,113,32
275,113,32
276,113,32
277,113,32
278,113,32
279,113,32
280,113,32
281,113,32
282,113,32
283,113,32
284,113,32
285,113,32
286,113,32
287,113,32
288,113,32
289,113,32
290,113,32
291,113,32
292,113,32
293,113,32
294,113,32
295,113,32
296,113,32
297,113,32
298,113,32
299,113,32
300,113,32
301,113,32
302,113,32
303,113,32
304,113,32
305,113,32
306,113,32
307,113,32
308,113,32
309,113,32
310,113,32
311,113,32
312,113,32
313,113,32
314,113,32
315,113,32
316,113,32
317,113,32
318,113,32
319,113,32
0,114,32
1,114,32
2,114,32
3,114,32
4,114,32
5,114,32
6,114,32
7,114,32
8,114,32
9,114,32
10,114,32
11,114,32
12,114,32
13,114,32
14,114,32
15,114,32
16,114,32
17,114,32
18,114,32
19,114,32
20,114,32
21,114,32
22,114,32
23,114,32
24,114,32
25,114,32
26,114,32
27,114,32
28,114,32
29,114,32
30,114,32
31,114,32
32,114,32
33,114,32
34,114,32
35,114,32
36,114,32
37,114,32
38,114,32
39,114,32
40,114,32
41,114,32
42,114,32
43,114,32
44,114,32
45,114,32
46,114,32
47,114,32
48,114,32
49,114,32
50,114,32
51,114,32
52,114,32
53,114,32
54,114,32
55,114,32
56,114,32
57,114,32
58,114,32
59,114,32
60,114,32
61,114,32
62,114,32
63,114,32
64,114,32
65,114,32
66,114,32
67,114,32
68,114,32
69,114,32
70,114,32
71,114,32
72,114,32
73,114,32
74,114,32
75,114,32
76,114,32
77,114,32
78,114,32
79,114,32
80,114,32
81,114,32
82,114,32
83,114,32
84,114,32
85,114,32
86,114,32
87,114,32
88,114,32
89,114,32
90,114,32
91,114,32
92,114,32
93,114,32
94,114,32
95,114,32
96,114,32
97,114,32
98,114,32
99,114,32
100,114,32
101,114,32
102,114,32
103,114,32
104,114,32
105,114,32
106,114,32
107,114,32
108,114,32
109,114,32
110,114,32
111,114,32
112,114,32
113,114,32
114,114,32
115,114,32
116,114,32
117,114,32
118,114,32
119,114,32
120,114,32
121,114,32
122,114,32
123,114,32
124,114,32
125,114,32
126,114,32
127,114,32
128,114,32
129,114,32
130,114,32
131,114,32
132,114,32
133,114,32
134,114,32
135,114,32
136,114,32
137,114,32
138,114,32
139,114,32
140,114,32
141,114,32
142,114,32
143,114,32
144,114,32
145,114,32
146,114,32
147,114,32
148,114,32
149,114,32
150,114,32
151,114,32
152,114,32
153,114,32
154,114,32
155,114,32
156,114,32
157,114,32
158,114,32
159,114,32
160,114,32
161,114,32
162,114,32
163,114,32
164,114,32
165,114,32
166,114,32
167,114,32
168,114,32
169,114,32
170,114,32
171,114,32
172,114,32
173,114,32
174,114,32
175,114,32
176,114,32
177,114,32
178,114,32
179,114,32
180,114,32
181,114,32
182,114,32
183,114,32
184,114,32
185,114,32
186,114,32
187,114,32
188,114,32
189,114,32
190,114,32
191,114,32
192,114,32
193,114,32
194,114,32
195,114,32
196,114,32
197,114,32
198,114,32
199,114,32
200,114,32
201,114,32
202,114,32
203,114,32
204,114,32
205,114,32
206,114,32
207,114,32
208,114,32
209,114,32
210,114,32
211,114,32
212,114,32
213,114,32
214,114,32
215,114,32
216,114,32
217,114,32
218,114,32
219,114,32
220,114,32
221,114,32
222,114,32
223,114,32
224,114,32
225,114,32
226,114,32
227,114,32
228,114,32
229,114,32
230,114,32
231,114,32
232,114,32
233,114,32
234,114,32
235,114,32
236,114,32
237,114,32
238,114,32
239,114,32
240,114,32
241,114,32
242,114,32
243,114,32
244,114,32
245,114,32
246,114,32
247,114,32
248,114,32
249,114,32
250,114,32
251,114,32
252,114,32
253,114,32
254,114,32
255,114,32
256,114,32
257,114,32
258,114,32
259,114,32
260,114,32
261,114,32
262,114,32
263,114,32
264,114,32
265,114,32
266,114,32
267,114,32
268,114,32
269,114,32
270,114,32
271,114,32
272,114,32
273,114,32
274,114,32
275,114,32
276,114,32
277,114,32
278,114,32
279,114,32
280,114,32
281,114,32
282,114,32
283,114,32
284,114,32
285,114,32
286,114,32
287,114,32
288,114,32
289,114,32
290,114,32
291,114,32
292,114,32
293,114,32
294,114,32
295,114,32
296,114,32
297,114,32
298,114,32
299,114,32
300,114,32
301,114,32
302,114,32
303,114,32
304,114,32
305,114,32
306,114,32
307,114,32
308,114,32
309,114,32
310,114,32
311,114,32
312,114,32
313,114,32
314,114,32
315,114,32
316,114,32
317,114,32
318,114,32
319,114,32
0,115,32
1,115,32
2,115,32
3,115,32
4,115,32
5,115,32
6,115,32
7,115,32
8,115,32
9,115,32
10,115,32
11,115,32
12,115,32
13,115,32
14,115,32
15,115,32
16,115,32
17,115,32
18,115,32
19,115,32
20,115,32
21,115,32
22,115,32
23,115,32
24,115,32
25,115,32
26,115,32
27,115,32
28,115,32
29,115,32
30,115,32
31,115,32
32,115,32
33,115,32
34,115,32
35,115,32
36,115,32
37,115,32
38,115,32
39,115,32
40,115,32
41,115,32
42,115,32
43,115,32
44,115,32
45,115,32
46,115,32
47,115,32
48,115,32
49,115,32
50,115,32
51,115,32
52,115,32
53,115,32
54,115,32
55,115,32
56,115,32
57,115,32
58,115,32
59,115,32
60,115,32
61,115,32
62,115,32
63,115,32
64,115,32
65,115,32
66,115,32
67,115,32
68,115,32
69,115,32
70,115,32
71,115,32
72,115,32
73,115,32
74,115,32
75,115,32
76,115,32
77,115,32
78,115,32
79,115,32
80,115,32
81,115,32
82,115,32
83,115,32
84,115,32
85,115,32
86,115,32
87,115,32
88,115,32
89,115,32
90,115,32
91,115,32
92,115,32
93,115,32
94,115,32
95,115,32
96,115,32
97,115,32
98,115,32
99,115,32
100,115,32
101,115,32
102,115,32
103,115,32
104,115,32
105,115,32
106,115,32
107,115,32
108,115,32
109,115,32
110,115,32
111,115,32
112,115,32
113,115,32
114,115,32
115,115,32
116,115,32
117,115,32
118,115,32
119,115,32
120,115,32
121,115,32
122,115,32
123,115,32
124,115,32
125,115,32
126,115,32
127,115,32
128,115,32
129,115,32
130,115,32
131,115,32
132,115,32
133,115,32
134,115,32
135,115,32
136,115,32
137,115,32
138,115,32
139,115,32
140,115,32
141,115,32
142,115,32
143,115,32
144,115,32
145,115,32
146,115,32
147,115,32
148,115,32
149,115,32
150,115,32
151,115,32
152,115,32
153,115,32
154,115,32
155,115,32
156,115,32
157,115,32
158,115,32
159,115,32
160,115,32
161,115,32
162,115,32
163,115,32
164,115,32
165,115,32
166,115,32
167,115,32
168,115,32
169,115,32
170,115,32
171,115,32
172,115,32
173,115,32
174,115,32
175,115,32
176,115,32
177,115,32
178,115,32
179,115,32
180,115,32
181,115,32
182,115,32
183,115,32
184,115,32
185,115,32
186,115,32
187,115,32
188,115,32
189,115,32
190,115,32
191,115,32
192,115,32
193,115,32
194,115,32
195,115,32
196,115,32
197,115,32
198,115,32
199,115,32
200,115,32
201,115,32
202,115,32
203,115,32
204,115,32
205,115,32
206,115,32
207,115,32
208,115,32
209,115,32
210,115,32
211,115,32
212,115,32
213,115,32
214,115,32
215,115,32
216,115,32
217,115,32
218,115,32
219,115,32
220,115,32
221,115,32
222,115,32
223,115,32
224,115,32
225,115,32
226,115,32
227,115,32
228,115,32
229,115,32
230,115,32
231,115,32
232,115,32
233,115,32
234,115,32
235,115,32
236,115,32
237,115,32
238,115,32
239,115,32
240,115,32
241,115,32
242,115,32
243,115,32
244,115,32
245,115,32
246,115,32
247,115,32
248,115,32
249,115,32
250,115,32
251,115,32
252,115,32
253,115,32
254,115,32
255,115,32
256,115,32
257,115,32
258,115,32
259,115,32
260,115,32
261,115,32
262,115,32
263,115,32
264,115,32
265,115,32
266,115,32
267,115,32
268,115,32
269,115,32
270,115,32
271,115,32
272,115,32
273,115,32
274,115,32
275,115,32
276,115,32
277,115,32
278,115,32
279,115,32
280,115,32
281,115,32
282,115,32
283,115,32
284,115,32
285,115,32
286,115,32
287,115,32
288,115,32
289,115,32
290,115,32
291,115,32
292,115,32
293,115,32
294,115,32
295,115,32
296,115,32
297,115,32
298,115,32
299,115,32
300,115,32
301,115,32
302,115,32
303,115,32
304,115,32
305,115,32
306,115,32
307,115,32
308,115,32
309,115,32
310,115,32
311,115,32
312,115,32
313,115,32
314,115,32
315,115,32
316,115,32
317,115,32
318,115,32
319,115,32
0,116,32
1,116,32
2,116,32
3,116,32
4,116,32
5,116,32
6,116,32
7,116,32
8,116,32
9,116,32
10,116,32
11,116,32
12,116,32
13,116,32
14,116,32
15,116,32
16,116,32
17,116,32
18,116,32
19,116,32
20,116,32
21,116,32
22,116,32
23,116,32
24,116,32
25,116,32
26,116,32
27,116,32
28,116,32
29,116,32
30,116,32
31,116,32
32,116,32
33,116,32
34,116,32
35,116,32
36,116,32
37,116,32
38,116,32
39,116,32
40,116,32
41,116,32
42,116,32
43,116,32
44,116,32
45,116,32
46,116,32
47,116,32
48,116,32
49,116,32
50,116,32
51,116,32
52,116,32
53,116,32
54,116,32
55,116,32
56,116,32
57,116,32
58,116,32
59,116,32
60,116,32
61,116,32
62,116,32
63,116,32
64,116,32
65,116,32
66,116,32
67,116,32
68,116,32
69,116,32
70,116,32
71,116,32
72,116,32
73,116,32
74,116,32
75,116,32
76,116,32
77,116,32
78,116,32
79,116,32
80,116,32
81,116,32
82,116,32
83,116,32
84,116,32
85,116,32
86,116,32
87,116,32
88,116,32
89,116,32
90,116,32
91,116,32
92,116,32
93,116,32
94,116,32
95,116,32
96,116,32
97,116,32
98,116,32
99,116,32
100,116,32
101,116,32
102,116,32
103,116,32
104,116,32
105,116,32
106,116,32
107,116,32
108,116,32
109,116,32
110,116,32
111,116,32
112,116,32
113,116,32
114,116,32
115,116,32
116,116,32
117,116,32
118,116,32
119,116,32
120,116,32
121,116,32
122,116,32
123,116,32
124,116,32
125,116,32
126,116,32
127,116,32
128,116,32
129,116,32
130,116,32
131,116,32
132,116,32
133,116,32
134,116,32
135,116,32
136,116,32
137,116,32
138,116,32
139,116,32
140,116,32
141,116,32
142,116,32
143,116,32
144,116,32
145,116,32
146,116,32
147,116,32
148,116,32
149,116,32
150,116,32
151,116,32
152,116,32
153,116,32
154,116,32
155,116,32
156,116,32
157,116,32
158,116,32
159,116,32
160,116,32
161,116,32
162,116,32
163,116,32
164,116,32
165,116,32
166,116,32
167,116,32
168,116,32
169,116,32
170,116,32
171,116,32
172,116,32
173,116,32
174,116,32
175,116,32
176,116,32
177,116,32
178,116,32
179,116,32
180,116,32
181,116,32
182,116,32
183,116,32
184,116,32
185,116,32
186,116,32
187,116,32
188,116,32
189,116,32
190,116,32
191,116,32
192,116,32
193,116,32
194,116,32
195,116,32
196,116,32
197,116,32
198,116,32
199,116,32
200,116,32
201,116,32
202,116,32
203,116,32
204,116,32
205,116,32
206,116,32
207,116,32
208,116,32
209,116,32
210,116,32
211,116,32
212,116,32
213,116,32
214,116,32
215,116,32
216,116,32
217,116,32
218,116,32
219,116,32
220,116,32
221,116,32
222,116,32
223,116,32
224,116,32
225,116,32
226,116,32
227,116,32
228,116,32
229,116,32
230,116,32
231,116,32
232,116,32
233,116,32
234,116,32
235,116,32
236,116,32
237,116,32
238,116,32
239,116,32
240,116,32
241,116,32
242,116,32
243,116,32
244,116,32
245,116,32
246,116,32
247,116,32
248,116,32
249,116,32
250,116,32
251,116,32
252,116,32
253,116,32
254,116,32
255,116,32
256,116,32
257,116,32
258,116,32
259,116,32
260,116,32
261,116,32
262,116,32
263,116,32
264,116,32
265,116,32
266,116,32
267,116,32
268,116,32
269,116,32
270,116,32
271,116,32
272,116,32
273,116,32
274,116,32
275,116,32
276,116,32
277,116,32
278,116,32
279,116,32
280,116,32
281,116,32
282,116,32
283,116,32
284,116,32
285,116,32
286,116,32
287,116,32
288,116,32
289,116,32
290,116,32
291,116,32
292,116,32
293,116,32
294,116,32
295,116,32
296,116,32
297,116,32
298,116,32
299,116,32
300,116,32
301,116,32
302,116,32
303,116,32
304,116,32
305,116,32
306,116,32
307,116,32
308,116,32
309,116,32
310,116,32
311,116,32
312,116,32
313,116,32
314,116,32
315,116,32
316,116,32
317,116,32
318,116,32
319,116,32
0,117,32
1,117,32
2,117,32
3,117,32
4,117,32
5,117,32
6,117,32
7,117,32
8,117,32
9,117,32
10,117,32
11,117,32
12,117,32
13,117,32
14,117,32
15,117,32
16,117,32
17,117,32
18,117,32
19,117,32
20,117,32
21,117,32
22,117,32
23,117,32
24,117,32
25,117,32
26,117,32
27,117,32
28,117,32
29,117,32
30,117,32
31,117,32
32,117,32
33,117,32
34,117,32
35,117,32
36,117,32
37,117,32
38,117,32
39,117,32
40,117,32
41,117,32
42,117,32
43,117,32
44,117,32
45,117,32
46,117,32
47,117,32
48,117,32
49,117,32
50,117,32
51,117,32
52,117,32
53,117,32
54,117,32
55,117,32
56,117,32
57,117,32
58,117,32
59,117,32
60,117,32
61,117,32
62,117,32
63,117,32
64,117,32
65,117,32
66,117,32
67,117,32
68,117,32
69,117,32
70,117,32
71,117,32
72,117,32
73,117,32
74,117,32
75,117,32
76,117,32
77,117,32
78,117,32
79,117,32
80,117,32
81,117,32
82,117,32
83,117,32
84,117,32
85,117,32
86,117,32
87,117,32
88,117,32
89,117,32
90,117,32
91,117,32
92,117,32
93,117,32
94,117,32
95,117,32
96,117,32
97,117,32
98,117,32
99,117,32
100,117,32
101,117,32
102,117,32
103,117,32
104,117,32
105,117,32
106,117,32
107,117,32
108,117,32
109,117,32
110,117,32
111,117,32
112,117,32
113,117,32
114,117,32
115,117,32
116,117,32
117,117,32
118,117,32
119,117,32
120,117,32
121,117,32
122,117,32
123,117,32
124,117,32
125,117,32
126,117,32
127,117,32
128,117,32
129,117,32
130,117,32
131,117,32
132,117,32
133,117,32
134,117,32
135,117,32
136,117,32
137,117,32
138,117,32
139,117,32
140,117,32
141,117,32
142,117,32
143,117,32
144,117,32
145,117,32
146,117,32
147,117,32
148,117,32
149,117,32
150,117,32
151,117,32
152,117,32
153,117,32
154,117,32
155,117,32
156,117,32
157,117,32
158,117,32
159,117,32
160,117,32
161,117,32
162,117,32
163,117,32
164,117,32
165,117,32
166,117,32
167,117,32
168,117,32
169,117,32
170,117,32
171,117,32
172,117,32
173,117,32
174,117,32
175,117,32
176,117,32
177,117,32
178,117,32
179,117,32
180,117,32
181,117,32
182,117,32
183,117,32
184,117,32
185,117,32
186,117,32
187,117,32
188,117,32
189,117,32
190,117,32
191,117,32
192,117,32
193,117,32
194,117,32
195,117,32
196,117,32
197,117,32
198,117,32
199,117,32
200,117,32
201,117,32
202,117,32
203,117,32
204,117,32
205,117,32
206,117,32
207,117,32
208,117,32
209,117,32
210,117,32
211,117,32
212,117,32
213,117,32
214,117,32
215,117,32
216,117,32
217,117,32
218,117,32
219,117,32
220,117,32
221,117,32
222,117,32
223,117,32
224,117,32
225,117,32
226,117,32
227,117,32
228,117,32
229,117,32
230,117,32
231,117,32
232,117,32
233,117,32
234,117,32
235,117,32
236,117,32
237,117,32
238,117,32
239,117,32
240,117,32
241,117,32
242,117,32
243,117,32
244,117,32
245,117,32
246,117,32
247,117,32
248,117,32
249,117,32
250,117,32
251,117,32
252,117,32
253,117,32
254,117,32
255,117,32
256,117,32
257,117,32
258,117,32
259,117,32
260,117,32
261,117,32
262,117,32
263,117,32
264,117,32
265,117,32
266,117,32
267,117,32
268,117,32
269,117,32
270,117,32
271,117,32
272,117,32
273,117,32
274,117,32
275,117,32
276,117,32
277,117,32
278,117,32
279,117,32
280,117,32
281,117,32
282,117,32
283,117,32
284,117,32
285,117,32
286,117,32
287,117,32
288,117,32
289,117,32
290,117,32
291,117,32
292,117,32
293,117,32
294,117,32
295,117,32
296,117,32
297,117,32
298,117,32
299,117,32
300,117,32
301,117,32
302,117,32
303,117,32
304,117,32
305,117,32
306,117,32
307,117,32
308,117,32
309,117,32
310,117,32
311,117,32
312,117,32
313,117,32
314,117,32
315,117,32
316,117,32
317,117,32
318,117,32
319,117,32
0,118,32
1,118,32
2,118,32
3,118,32
4,118,32
5,118,32
6,118,32
7,118,32
8,118,32
9,118,32
10,118,32
11,118,32
12,118,32
13,118,32
14,118,32
15,118,32
16,118,32
17,118,32
18,118,32
19,118,32
20,118,32
21,118,32
22,118,32
23,118,32
24,118,32
25,118,32
26,118,32
27,118,32
28,118,32
29,118,32
30,118,32
31,118,32
32,118,32
33,118,32
34,118,32
35,118,32
36,118,32
37,118,32
38,118,32
39,118,32
40,118,32
41,118,32
42,118,32
43,118,32
44,118,32
45,118,32
46,118,32
47,118,32
48,118,32
49,118,32
50,118,32
51,118,32
52,118,32
53,118,32
54,118,32
55,118,32
56,118,32
57,118,32
58,118,32
59,118,32
60,118,32
61,118,32
62,118,32
63,118,32
64,118,32
65,118,32
66,118,32
67,118,32
68,118,32
69,118,32
70,118,32
71,118,32
72,118,32
73,118,32
74,118,32
75,118,32
76,118,32
77,118,32
78,118,32
79,118,32
80,118,32
81,118,32
82,118,32
83,118,32
84,118,32
85,118,32
86,118,32
87,118,32
88,118,32
89,118,32
90,118,32
91,118,32
92,118,32
93,118,32
94,118,32
95,118,32
96,118,32
97,118,32
98,118,32
99,118,32
100,118,32
101,118,32
102,118,32
103,118,32
104,118,32
105,118,32
106,118,32
107,118,32
108,118,32
109,118,32
110,118,32
111,118,32
112,118,32
113,118,32
114,118,32
115,118,32
116,118,32
117,118,32
118,118,32
119,118,32
120,118,32
121,118,32
122,118,32
123,118,32
124,118,32
125,118,32
126,118,32
127,118,32
128,118,32
129,118,32
130,118,32
131,118,32
132,118,32
133,118,32
134,118,32
135,118,32
136,118,32
137,118,32
138,118,32
139,118,32
140,118,32
141,118,32
142,118,32
143,118,32
144,118,32
145,118,32
146,118,32
147,118,32
148,118,32
149,118,32
150,118,32
151,118,32
152,118,32
153,118,32
154,118,32
155,118,32
156,118,32
157,118,32
158,118,32
159,118,32
160,118,32
161,118,32
162,118,32
163,118,32
164,118,32
165,118,32
166,118,32
167,118,32
168,118,32
169,118,32
170,118,32
171,118,32
172,118,32
173,118,32
174,118,32
175,118,32
176,118,32
177,118,32
178,118,32
179,118,32
180,118,32
181,118,32
182,118,32
183,118,32
184,118,32
185,118,32
186,118,32
187,118,32
188,118,32
189,118,32
190,118,32
191,118,32
192,118,32
193,118,32
194,118,32
195,118,32
196,118,32
197,118,32
198,118,32
199,118,32
200,118,32
201,118,32
202,118,32
203,118,32
204,118,32
205,118,32
206,118,32
207,118,32
208,118,32
209,118,32
210,118,32
211,118,32
212,118,32
213,118,32
214,118,32
215,118,32
216,118,32
217,118,32
218,118,32
219,118,32
220,118,32
221,118,32
222,118,32
223,118,32
224,118,32
225,118,32
226,118,32
227,118,32
228,118,32
229,118,32
230,118,32
231,118,32
232,118,32
233,118,32
234,118,32
235,118,32
236,118,32
237,118,32
238,118,32
239,118,32
240,118,32
241,118,32
242,118,32
243,118,32
244,118,32
245,118,32
246,118,32
247,118,32
248,118,32
249,118,32
250,118,32
251,118,32
252,118,32
253,118,32
254,118,32
255,118,32
256,118,32
257,118,32
258,118,32
259,118,32
260,118,32
261,118,32
262,118,32
263,118,32
264,118,32
265,118,32
266,118,32
267,118,32
268,118,32
269,118,32
270,118,32
271,118,32
272,118,32
273,118,32
274,118,32
275,118,32
276,118,32
277,118,32
278,118,32
279,118,32
280,118,32
281,118,32
282,118,32
283,118,32
284,118,32
285,118,32
286,118,32
287,118,32
288,118,32
289,118,32
290,118,32
291,118,32
292,118,32
293,118,32
294,118,32
295,118,32
296,118,32
297,118,32
298,118,32
299,118,32
300,118,32
301,118,32
302,118,32
303,118,32
304,118,32
305,118,32
306,118,32
307,118,32
308,118,32
309,118,32
310,118,32
311,118,32
312,118,32
313,118,32
314,118,32
315,118,32
316,118,32
317,118,32
318,118,32
319,118,32
0,119,32
1,119,32
2,119,32
3,119,32
4,119,32
5,119,32
6,119,32
7,119,32
8,119,32
9,119,32
10,119,32
11,119,32
12,119,32
13,119,32
14,119,32
15,119,32
16,119,32
17,119,32
18,119,32
19,119,32
20,119,32
21,119,32
22,119,32
23,119,32
24,119,32
25,119,32
26,119,32
27,119,32
28,119,32
29,119,32
30,119,32
31,119,32
32,119,32
33,119,32
34,119,32
35,119,32
36,119,32
37,119,32
38,119,32
39,119,32
40,119,32
41,119,32
42,119,32
43,119,32
44,119,32
45,119,32
46,119,32
47,119,32
48,119,32
49,119,32
50,119,32
51,119,32
52,119,32
53,119,32
54,119,32
55,119,32
56,119,32
57,119,32
58,119,32
59,119,32
60,119,32
61,119,32
62,119,32
63,119,32
64,119,32
65,119,32
66,119,32
67,119,32
68,119,32
69,119,32
70,119,32
71,119,32
72,119,32
73,119,32
74,119,32
75,119,32
76,119,32
77,119,32
78,119,32
79,119,32
80,119,32
81,119,32
82,119,32
83,119,32
84,119,32
85,119,32
86,119,32
87,119,32
88,119,32
89,119,32
90,119,32
91,119,32
92,119,32
93,119,32
94,119,32
95,119,32
96,119,32
97,119,32
98,119,32
99,119,32
100,119,32
101,119,32
102,119,32
103,119,32
104,119,32
105,119,32
106,119,32
107,119,32
108,119,32
109,119,32
110,119,32
111,119,32
112,119,32
113,119,32
114,119,32
115,119,32
116,119,32
117,119,32
118,119,32
119,119,32
120,119,32
121,119,32
122,119,32
123,119,32
124,119,32
125,119,32
126,119,32
127,119,32
128,119,32
129,119,32
130,119,32
131,119,32
132,119,32
133,119,32
134,119,32
135,119,32
136,119,32
137,119,32
138,119,32
139,119,32
140,119,32
141,119,32
142,119,32
143,119,32
144,119,32
145,119,32
146,119,32
147,119,32
148,119,32
149,119,32
150,119,32
151,119,32
152,119,32
153,119,32
154,119,32
155,119,32
156,119,32
157,119,32
158,119,32
159,119,32
160,119,32
161,119,32
162,119,32
163,119,32
164,119,32
165,119,32
166,119,32
167,119,32
168,119,32
169,119,32
170,119,32
171,119,32
172,119,32
173,119,32
174,119,32
175,119,32
176,119,32
177,119,32
178,119,32
179,119,32
180,119,32
181,119,32
182,119,32
183,119,32
184,119,32
185,119,32
186,119,32
187,119,32
188,119,32
189,119,32
190,119,32
191,119,32
192,119,32
193,119,32
194,119,32
195,119,32
196,119,32
197,119,32
198,119,32
199,119,32
200,119,32
201,119,32
202,119,32
203,119,32
204,119,32
205,119,32
206,119,32
207,119,32
208,119,32
209,119,32
210,119,32
211,119,32
212,119,32
213,119,32
214,119,32
215,119,32
216,119,32
217,119,32
218,119,32
219,119,32
220,119,32
221,119,32
222,119,32
223,119,32
224,119,32
225,119,32
226,119,32
227,119,32
228,119,32
229,119,32
230,119,32
231,119,32
232,119,32
233,119,32
234,119,32
235,119,32
236,119,32
237,119,32
238,119,32
239,119,32
240,119,32
241,119,32
242,119,32
243,119,32
244,119,32
245,119,32
246,119,32
247,119,32
248,119,32
249,119,32
250,119,32
251,119,32
252,119,32
253,119,32
254,119,32
255,119,32
256,119,32
257,119,32
258,119,32
259,119,32
260,119,32
261,119,32
262,119,32
263,119,32
264,119,32
265,119,32
266,119,32
267,119,32
268,119,32
269,119,32
270,119,32
271,119,32
272,119,32
273,119,32
274,119,32
275,119,32
276,119,32
277,119,32
278,119,32
279,119,32
280,119,32
281,119,32
282,119,32
283,119,32
284,119,32
285,119,32
286,119,32
287,119,32
288,119,32
289,119,32
290,119,32
291,119,32
292,119,32
293,119,32
294,119,32
295,119,32
296,119,32
297,119,32
298,119,32
299,119,32
300,119,32
301,119,32
302,119,32
303,119,32
304,119,32
305,119,32
306,119,32
307,119,32
308,119,32
309,119,32
310,119,32
311,119,32
312,119,32
313,119,32
314,119,32
315,119,32
316,119,32
317,119,32
318,119,32
319,119,32
0,120,32
1,120,32
2,120,32
3,120,32
4,120,32
5,120,32
6,120,32
7,120,32
8,120,32
9,120,32
10,120,32
11,120,32
12,120,32
13,120,32
14,120,32
15,120,32
16,120,32
17,120,32
18,120,32
19,120,32
20,120,32
21,120,32
22,120,32
23,120,32
24,120,32
25,120,32
26,120,32
27,120,32
28,120,32
29,120,32
30,120,32
31,120,32
32,120,32
33,120,32
34,120,32
35,120,32
36,120,32
37,120,32
38,120,32
39,120,32
40,120,32
41,120,32
42,120,32
43,120,32
44,120,32
45,120,32
46,120,32
47,120,32
48,120,32
49,120,32
50,120,32
51,120,32
52,120,32
53,120,32
54,120,32
55,120,32
56,120,32
57,120,32
58,120,32
59,120,32
60,120,32
61,120,32
62,120,32
63,120,32
64,120,32
65,120,32
66,120,32
67,120,32
68,120,32
69,120,32
70,120,32
71,120,32
72,120,32
73,120,32
74,120,32
75,120,32
76,120,32
77,120,32
78,120,32
79,120,32
80,120,32
81,120,32
82,120,32
83,120,32
84,120,32
85,120,32
86,120,32
87,120,32
88,120,32
89,120,32
90,120,32
91,120,32
92,120,32
93,120,32
94,120,32
95,120,32
96,120,32
97,120,32
98,120,32
99,120,32
100,120,32
101,120,32
102,120,32
103,120,32
104,120,32
105,120,32
106,120,32
107,120,32
108,120,32
109,120,32
110,120,32
111,120,32
112,120,32
113,120,32
114,120,32
115,120,32
116,120,32
117,120,32
118,120,32
119,120,32
120,120,32
121,120,32
122,120,32
123,120,32
124,120,32
125,120,32
126,120,32
127,120,32
128,120,32
129,120,32
130,120,32
131,120,32
132,120,32
133,120,32
134,120,32
135,120,32
136,120,32
137,120,32
138,120,32
139,120,32
140,120,32
141,120,32
142,120,32
143,120,32
144,120,32
145,120,32
146,120,32
147,120,32
148,120,32
149,120,32
150,120,32
151,120,32
152,120,32
153,120,32
154,120,32
155,120,32
156,120,32
157,120,32
158,120,32
159,120,32
160,120,32
161,120,32
162,120,32
163,120,32
164,120,32
165,120,32
166,120,32
167,120,32
168,120,32
169,120,32
170,120,32
171,120,32
172,120,32
173,120,32
174,120,32
175,120,32
176,120,32
177,120,32
178,120,32
179,120,32
180,120,32
181,120,32
182,120,32
183,120,32
184,120,32
185,120,32
186,120,32
187,120,32
188,120,32
189,120,32
190,120,32
191,120,32
192,120,32
193,120,32
194,120,32
195,120,32
196,120,32
197,120,32
198,120,32
199,120,32
200,120,32
201,120,32
202,120,32
203,120,32
204,120,32
205,120,32
206,120,32
207,120,32
208,120,32
209,120,32
210,120,32
211,120,32
212,120,32
213,120,32
214,120,32
215,120,32
216,120,32
217,120,32
218,120,32
219,120,32
220,120,32
221,120,32
222,120,32
223,120,32
224,120,32
225,120,32
226,120,32
227,120,32
228,120,32
229,120,32
230,120,32
231,120,32
232,120,32
233,120,32
234,120,32
235,120,32
236,120,32
237,120,32
238,120,32
239,120,32
240,120,32
241,120,32
242,120,32
243,120,32
244,120,32
245,120,32
246,120,32
247,120,32
248,120,32
249,120,32
250,120,32
251,120,32
252,120,32
253,120,32
254,120,32
255,120,32
256,120,32
257,120,32
258,120,32
259,120,32
260,120,32
261,120,32
262,120,32
263,120,32
264,120,32
265,120,32
266,120,32
267,120,32
268,120,32
269,120,32
270,120,32
271,120,32
272,120,32
273,120,32
274,120,32
275,120,32
276,120,32
277,120,32
278,120,32
279,120,32
280,120,32
281,120,32
282,120,32
283,120,32
284,120,32
285,120,32
286,120,32
287,120,32
288,120,32
289,120,32
290,120,32
291,120,32
292,120,32
293,120,32
294,120,32
295,120,32
296,120,32
297,120,32
298,120,32
299,120,32
300,120,32
301,120,32
302,120,32
303,120,32
304,120,32
305,120,32
306,120,32
307,120,32
308,120,32
309,120,32
310,120,32
311,120,32
312,120,32
313,120,32
314,120,32
315,120,32
316,120,32
317,120,32
318,120,32
319,120,32
0,121,32
1,121,32
2,121,32
3,121,32
4,121,32
5,121,32
6,121,32
7,121,32
8,121,32
9,121,32
10,121,32
11,121,32
12,121,32
13,121,32
14,121,32
15,121,32
16,121,32
17,121,32
18,121,32
19,121,32
20,121,32
21,121,32
22,121,32
23,121,32
24,121,32
25,121,32
26,121,32
27,121,32
28,121,32
29,121,32
30,121,32
31,121,32
32,121,32
33,121,32
34,121,32
35,121,32
36,121,32
37,121,32
38,121,32
39,121,32
40,121,32
41,121,32
42,121,32
43,121,32
44,121,32
45,121,32
46,121,32
47,121,32
48,121,32
49,121,32
50,121,32
51,121,32
52,121,32
53,121,32
54,121,32
55,121,32
56,121,32
57,121,32
58,121,32
59,121,32
60,121,32
61,121,32
62,121,32
63,121,32
64,121,32
65,121,32
66,121,32
67,121,32
68,121,32
69,121,32
70,121,32
71,121,32
72,121,32
73,121,32
74,121,32
75,121,32
76,121,32
77,121,32
78,121,32
79,121,32
80,121,32
81,121,32
82,121,32
83,121,32
84,121,32
85,121,32
86,121,32
87,121,32
88,121,32
89,121,32
90,121,32
91,121,32
92,121,32
93,121,32
94,121,32
95,121,32
96,121,32
97,121,32
98,121,32
99,121,32
100,121,32
101,121,32
102,121,32
103,121,32
104,121,32
105,121,32
106,121,32
107,121,32
108,121,32
109,121,32
110,121,32
111,121,32
112,121,32
113,121,32
114,121,32
115,121,32
116,121,32
117,121,32
118,121,32
119,121,32
120,121,32
121,121,32
122,121,32
123,121,32
124,121,32
125,121,32
126,121,32
127,121,32
128,121,32
129,121,32
130,121,32
131,121,32
132,121,32
133,121,32
134,121,32
135,121,32
136,121,32
137,121,32
138,121,32
139,121,32
140,121,32
141,121,32
142,121,32
143,121,32
144,121,32
145,121,32
146,121,32
147,121,32
148,121,32
149,121,32
150,121,32
151,121,32
152,121,32
153,121,32
154,121,32
155,121,32
156,121,32
157,121,32
158,121,32
159,121,32
160,121,32
161,121,32
162,121,32
163,121,32
164,121,32
165,121,32
166,121,32
167,121,32
168,121,32
169,121,32
170,121,32
171,121,32
172,121,32
173,121,32
174,121,32
175,121,32
176,121,32
177,121,32
178,121,32
179,121,32
180,121,32
181,121,32
182,121,32
183,121,32
184,121,32
185,121,32
186,121,32
187,121,32
188,121,32
189,121,32
190,121,32
191,121,32
192,121,32
193,121,32
194,121,32
195,121,32
196,121,32
197,121,32
198,121,32
199,121,32
200,121,32
201,121,32
202,121,32
203,121,32
204,121,32
205,121,32
206,121,32
207,121,32
208,121,32
209,121,32
210,121,32
211,121,32
212,121,32
213,121,32
214,121,32
215,121,32
216,121,32
217,121,32
218,121,32
219,121,32
220,121,32
221,121,32
222,121,32
223,121,32
224,121,32
225,121,32
226,121,32
227,121,32
228,121,32
229,121,32
230,121,32
231,121,32
232,121,32
233,121,32
234,121,32
235,121,32
236,121,32
237,121,32
238,121,32
239,121,32
240,121,32
241,121,32
242,121,32
243,121,32
244,121,32
245,121,32
246,121,32
247,121,32
248,121,32
249,121,32
250,121,32
251,121,32
252,121,32
253,121,32
254,121,32
255,121,32
256,121,32
257,121,32
258,121,32
259,121,32
260,121,32
261,121,32
262,121,32
263,121,32
264,121,32
265,121,32
266,121,32
267,121,32
268,121,32
269,121,32
270,121,32
271,121,32
272,121,32
273,121,32
274,121,32
275,121,32
276,121,32
277,121,32
278,121,32
279,121,32
280,121,32
281,121,32
282,121,32
283,121,32
284,121,32
285,121,32
286,121,32
287,121,32
288,121,32
289,121,32
290,121,32
291,121,32
292,121,32
293,121,32
294,121,32
295,121,32
296,121,32
297,121,32
298,121,32
299,121,32
300,121,32
301,121,32
302,121,32
303,121,32
304,121,32
305,121,32
306,121,32
307,121,32
308,121,32
309,121,32
310,121,32
311,121,32
312,121,32
313,121,32
314,121,32
315,121,32
316,121,32
317,121,32
318,121,32
319,121,32
0,122,32
1,122,32
2,122,32
3,122,32
4,122,32
5,122,32
6,122,32
7,122,32
8,122,32
9,122,32
10,122,32
11,122,32
12,122,32
13,122,32
14,122,32
15,122,32
16,122,32
17,122,32
18,122,32
19,122,32
20,122,32
21,122,32
22,122,32
23,122,32
24,122,32
25,122,32
26,122,32
27,122,32
28,122,32
29,122,32
30,122,32
31,122,32
32,122,32
33,122,32
34,122,32
35,122,32
36,122,32
37,122,32
38,122,32
39,122,32
40,122,32
41,122,32
42,122,32
43,122,32
44,122,32
45,122,32
46,122,32
47,122,32
48,122,32
49,122,32
50,122,32
51,122,32
52,122,32
53,122,32
54,122,32
55,122,32
56,122,32
57,122,32
58,122,32
59,122,32
60,122,32
61,122,32
62,122,32
63,122,32
64,122,32
65,122,32
66,122,32
67,122,32
68,122,32
69,122,32
70,122,32
71,122,32
72,122,32
73,122,32
74,122,32
75,122,32
76,122,32
77,122,32
78,122,32
79,122,32
80,122,32
81,122,32
82,122,32
83,122,32
84,122,32
85,122,32
86,122,32
87,122,32
88,122,32
89,122,32
90,122,32
91,122,32
92,122,32
93,122,32
94,122,32
95,122,32
96,122,32
97,122,32
98,122,32
99,122,32
100,122,32
101,122,32
102,122,32
103,122,32
104,122,32
105,122,32
106,122,32
107,122,32
108,122,32
109,122,32
110,122,32
111,122,32
112,122,32
113,122,32
114,122,32
115,122,32
116,122,32
117,122,32
118,122,32
119,122,32
120,122,32
121,122,32
122,122,32
123,122,32
124,122,32
125,122,32
126,122,32
127,122,32
128,122,32
129,122,32
130,122,32
131,122,32
132,122,32
133,122,32
134,122,32
135,122,32
136,122,32
137,122,32
138,122,32
139,122,32
140,122,32
141,122,32
142,122,32
143,122,32
144,122,32
145,122,32
146,122,32
147,122,32
148,122,32
149,122,32
150,122,32
151,122,32
152,122,32
153,122,32
154,122,32
155,122,32
156,122,32
157,122,32
158,122,32
159,122,32
160,122,32
161,122,32
162,122,32
163,122,32
164,122,32
165,122,32
166,122,32
167,122,32
168,122,32
169,122,32
170,122,32
171,122,32
172,122,32
173,122,32
174,122,32
175,122,32
176,122,32
177,122,32
178,122,32
179,122,32
180,122,32
181,122,32
182,122,32
183,122,32
184,122,32
185,122,32
186,122,32
187,122,32
188,122,32
189,122,32
190,122,32
191,122,32
192,122,32
193,122,32
194,122,32
195,122,32
196,122,32
197,122,32
198,122,32
199,122,32
200,122,32
201,122,32
202,122,32
203,122,32
204,122,32
205,122,32
206,122,32
207,122,32
208,122,32
209,122,32
210,122,32
211,122,32
212,122,32
213,122,32
214,122,32
215,122,32
216,122,32
217,122,32
218,122,32
219,122,32
220,122,32
221,122,32
222,122,32
223,122,32
224,122,32
225,122,32
226,122,32
227,122,32
228,122,32
229,122,32
230,122,32
231,122,32
232,122,32
233,122,32
234,122,32
235,122,32
236,122,32
237,122,32
238,122,32
239,122,32
240,122,32
241,122,32
242,122,32
243,122,32
244,122,32
245,122,32
246,122,32
247,122,32
248,122,32
249,122,32
250,122,32
251,122,32
252,122,32
253,122,32
254,122,32
255,122,32
256,122,32
257,122,32
258,122,32
259,122,32
260,122,32
261,122,32
262,122,32
263,122,32
264,122,32
265,122,32
266,122,32
267,122,32
268,122,32
269,122,32
270,122,32
271,122,32
272,122,32
273,122,32
274,122,32
275,122,32
276,122,32
277,122,32
278,122,32
279,122,32
280,122,32
281,122,32
282,122,32
283,122,32
284,122,32
285,122,32
286,122,32
287,122,32
288,122,32
289,122,32
290,122,32
291,122,32
292,122,32
293,122,32
294,122,32
295,122,32
296,122,32
297,122,32
298,122,32
299,122,32
300,122,32
301,122,32
302,122,32
303,122,32
304,122,32
305,122,32
306,122,32
307,122,32
308,122,32
309,122,32
310,122,32
311,122,32
312,122,32
313,122,32
314,122,32
315,122,32
316,122,32
317,122,32
318,122,32
319,122,32
0,123,32
1,123,32
2,123,32
3,123,32
4,123,32
5,123,32
6,123,32
7,123,32
8,123,32
9,123,32
10,123,32
11,123,32
12,123,32
13,123,32
14,123,32
15,123,32
16,123,32
17,123,32
18,123,32
19,123,32
20,123,32
21,123,32
22,123,32
23,123,32
24,123,32
25,123,32
26,123,32
27,123,32
28,123,32
29,123,32
30,123,32
31,123,32
32,123,32
33,123,32
34,123,32
35,123,32
36,123,32
37,123,32
38,123,32
39,123,32
40,123,32
41,123,32
42,123,32
43,123,32
44,123,32
45,123,32
46,123,32
47,123,32
48,123,32
49,123,32
50,123,32
51,123,32
52,123,32
53,123,32
54,123,32
55,123,32
56,123,32
57,123,32
58,123,32
59,123,32
60,123,32
61,123,32
62,123,32
63,123,32
64,123,32
65,123,32
66,123,32
67,123,32
68,123,32
69,123,32
70,123,32
71,123,32
72,123,32
73,123,32
74,123,32
75,123,32
76,123,32
77,123,32
78,123,32
79,123,32
80,123,32
81,123,32
82,123,32
83,123,32
84,123,32
85,123,32
86,123,32
87,123,32
88,123,32
89,123,32
90,123,32
91,123,32
92,123,32
93,123,32
94,123,32
95,123,32
96,123,32
97,123,32
98,123,32
99,123,32
100,123,32
101,123,32
102,123,32
103,123,32
104,123,32
105,123,32
106,123,32
107,123,32
108,123,32
109,123,32
110,123,32
111,123,32
112,123,32
113,123,32
114,123,32
115,123,32
116,123,32
117,123,32
118,123,32
119,123,32
120,123,32
121,123,32
122,123,32
123,123,32
124,123,32
125,123,32
126,123,32
127,123,32
128,123,32
129,123,32
130,123,32
131,123,32
132,123,32
133,123,32
134,123,32
135,123,32
136,123,32
137,123,32
138,123,32
139,123,32
140,123,32
141,123,32
142,123,32
143,123,32
144,123,32
145,123,32
146,123,32
147,123,32
148,123,32
149,123,32
150,123,32
151,123,32
152,123,32
153,123,32
154,123,32
155,123,32
156,123,32
157,123,32
158,123,32
159,123,32
160,123,32
161,123,32
162,123,32
163,123,32
164,123,32
165,123,32
166,123,32
167,123,32
168,123,32
169,123,32
170,123,32
171,123,32
172,123,32
173,123,32
174,123,32
175,123,32
176,123,32
177,123,32
178,123,32
179,123,32
180,123,32
181,123,32
182,123,32
183,123,32
184,123,32
185,123,32
186,123,32
187,123,32
188,123,32
189,123,32
190,123,32
191,123,32
192,123,32
193,123,32
194,123,32
195,123,32
196,123,32
197,123,32
198,123,32
199,123,32
200,123,32
201,123,32
202,123,32
203,123,32
204,123,32
205,123,32
206,123,32
207,123,32
208,123,32
209,123,32
210,123,32
211,123,32
212,123,32
213,123,32
214,123,32
215,123,32
216,123,32
217,123,32
218,123,32
219,123,32
220,123,32
221,123,32
222,123,32
223,123,32
224,123,32
225,123,32
226,123,32
227,123,32
228,123,32
229,123,32
230,123,32
231,123,32
232,123,32
233,123,32
234,123,32
235,123,32
236,123,32
237,123,32
238,123,32
239,123,32
240,123,32
241,123,32
242,123,32
243,123,32
244,123,32
245,123,32
246,123,32
247,123,32
248,123,32
249,123,32
250,123,32
251,123,32
252,123,32
253,123,32
254,123,32
255,123,32
256,123,32
257,123,32
258,123,32
259,123,32
260,123,32
261,123,32
262,123,32
263,123,32
264,123,32
265,123,32
266,123,32
267,123,32
268,123,32
269,123,32
270,123,32
271,123,32
272,123,32
273,123,32
274,123,32
275,123,32
276,123,32
277,123,32
278,123,32
279,123,32
280,123,32
281,123,32
282,123,32
283,123,32
284,123,32
285,123,32
286,123,32
287,123,32
288,123,32
289,123,32
290,123,32
291,123,32
292,123,32
293,123,32
294,123,32
295,123,32
296,123,32
297,123,32
298,123,32
299,123,32
300,123,32
301,123,32
302,123,32
303,123,32
304,123,32
305,123,32
306,123,32
307,123,32
308,123,32
309,123,32
310,123,32
311,123,32
312,123,32
313,123,32
314,123,32
315,123,32
316,123,32
317,123,32
318,123,32
319,123,32
0,124,32
1,124,32
2,124,32
3,124,32
4,124,32
5,124,32
6,124,32
7,124,32
8,124,32
9,124,32
10,124,32
11,124,32
12,124,32
13,124,32
14,124,32
15,124,32
16,124,32
17,124,32
18,124,32
19,124,32
20,124,32
21,124,32
22,124,32
23,124,32
24,124,32
25,124,32
26,124,32
27,124,32
28,124,32
29,124,32
30,124,32
31,124,32
32,124,32
33,124,32
34,124,32
35,124,32
36,124,32
37,124,32
38,124,32
39,124,32
40,124,32
41,124,32
42,124,32
43,124,32
44,124,32
45,124,32
46,124,32
47,124,32
48,124,32
49,124,32
50,124,32
51,124,32
52,124,32
53,124,32
54,124,32
55,124,32
56,124,32
57,124,32
58,124,32
59,124,32
60,124,32
61,124,32
62,124,32
63,124,32
64,124,32
65,124,32
66,124,32
67,124,32
68,124,32
69,124,32
70,124,32
71,124,32
72,124,32
73,124,32
74,124,32
75,124,32
76,124,32
77,124,32
78,124,32
79,124,32
80,124,32
81,124,32
82,124,32
83,124,32
84,124,32
85,124,32
86,124,32
87,124,32
88,124,32
89,124,32
90,124,32
91,124,32
92,124,32
93,124,32
94,124,32
95,124,32
96,124,32
97,124,32
98,124,32
99,124,32
100,124,32
101,124,32
102,124,32
103,124,32
104,124,32
105,124,32
106,124,32
107,124,32
108,124,32
109,124,32
110,124,32
111,124,32
112,124,32
113,124,32
114,124,32
115,124,32
116,124,32
117,124,32
118,124,32
119,124,32
120,124,32
121,124,32
122,124,32
123,124,32
124,124,32
125,124,32
126,124,32
127,124,32
128,124,32
129,124,32
130,124,32
131,124,32
132,124,32
133,124,32
134,124,32
135,124,32
136,124,32
137,124,32
138,124,32
139,124,32
140,124,32
141,124,32
142,124,32
143,124,32
144,124,32
145,124,32
146,124,32
147,124,32
148,124,32
149,124,32
150,124,32
151,124,32
152,124,32
153,124,32
154,124,32
155,124,32
156,124,32
157,124,32
158,124,32
159,124,32
160,124,32
161,124,32
162,124,32
163,124,32
164,124,32
165,124,32
166,124,32
167,124,32
168,124,32
169,124,32
170,124,32
171,124,32
172,124,32
173,124,32
174,124,32
175,124,32
176,124,32
177,124,32
178,124,32
179,124,32
180,124,32
181,124,32
182,124,32
183,124,32
184,124,32
185,124,32
186,124,32
187,124,32
188,124,32
189,124,32
190,124,32
191,124,32
192,124,32
193,124,32
194,124,32
195,124,32
196,124,32
197,124,32
198,124,32
199,124,32
200,124,32
201,124,32
202,124,32
203,124,32
204,124,32
205,124,32
206,124,32
207,124,32
208,124,32
209,124,32
210,124,32
211,124,32
212,124,32
213,124,32
214,124,32
215,124,32
216,124,32
217,124,32
218,124,32
219,124,32
220,124,32
221,124,32
222,124,32
223,124,32
224,124,32
225,124,32
226,124,32
227,124,32
228,124,32
229,124,32
230,124,32
231,124,32
232,124,32
233,124,32
234,124,32
235,124,32
236,124,32
237,124,32
238,124,32
239,124,32
240,124,32
241,124,32
242,124,32
243,124,32
244,124,32
245,124,32
246,124,32
247,124,32
248,124,32
249,124,32
250,124,32
251,124,32
252,124,32
253,124,32
254,124,32
255,124,32
256,124,32
257,124,32
258,124,32
259,124,32
260,124,32
261,124,32
262,124,32
263,124,32
264,124,32
265,124,32
266,124,32
267,124,32
268,124,32
269,124,32
270,124,32
271,124,32
272,124,32
273,124,32
274,124,32
275,124,32
276,124,32
277,124,32
278,124,32
279,124,32
280,124,32
281,124,32
282,124,32
283,124,32
284,124,32
285,124,32
286,124,32
287,124,32
288,124,32
289,124,32
290,124,32
291,124,32
292,124,32
293,124,32
294,124,32
295,124,32
296,124,32
297,124,32
298,124,32
299,124,32
300,124,32
301,124,32
302,124,32
303,124,32
304,124,32
305,124,32
306,124,32
307,124,32
308,124,32
309,124,32
310,124,32
311,124,32
312,124,32
313,124,32
314,124,32
315,124,32
316,124,32
317,124,32
318,124,32
319,124,32
0,125,32
1,125,32
2,125,32
3,125,32
4,125,32
5,125,32
6,125,32
7,125,32
8,125,32
9,125,32
10,125,32
11,125,32
12,125,32
13,125,32
14,125,32
15,125,32
16,125,32
17,125,32
18,125,32
19,125,32
20,125,32
21,125,32
22,125,32
23,125,32
24,125,32
25,125,32
26,125,32
27,125,32
28,125,32
29,125,32
30,125,32
31,125,32
32,125,32
33,125,32
34,125,32
35,125,32
36,125,32
37,125,32
38,125,32
39,125,32
40,125,32
41,125,32
42,125,32
43,125,32
44,125,32
45,125,32
46,125,32
47,125,32
48,125,32
49,125,32
50,125,32
51,125,32
52,125,32
53,125,32
54,125,32
55,125,32
56,125,32
57,125,32
58,125,32
59,125,32
60,125,32
61,125,32
62,125,32
63,125,32
64,125,32
65,125,32
66,125,32
67,125,32
68,125,32
69,125,32
70,125,32
71,125,32
72,125,32
73,125,32
74,125,32
75,125,32
76,125,32
77,125,32
78,125,32
79,125,32
80,125,32
81,125,32
82,125,32
83,125,32
84,125,32
85,125,32
86,125,32
87,125,32
88,125,32
89,125,32
90,125,32
91,125,32
92,125,32
93,125,32
94,125,32
95,125,32
96,125,32
97,125,32
98,125,32
99,125,32
100,125,32
101,125,32
102,125,32
103,125,32
104,125,32
105,125,32
106,125,32
107,125,32
108,125,32
109,125,32
110,125,32
111,125,32
112,125,32
113,125,32
114,125,32
115,125,32
116,125,32
117,125,32
118,125,32
119,125,32
120,125,32
121,125,32
122,125,32
123,125,32
124,125,32
125,125,32
126,125,32
127,125,32
128,125,32
129,125,32
130,125,32
131,125,32
132,125,32
133,125,32
134,125,32
135,125,32
136,125,32
137,125,32
138,125,32
139,125,32
140,125,32
141,125,32
142,125,32
143,125,32
144,125,32
145,125,32
146,125,32
147,125,32
148,125,32
149,125,32
150,125,32
151,125,32
152,125,32
153,125,32
154,125,32
155,125,32
156,125,32
157,125,32
158,125,32
159,125,32
160,125,32
161,125,32
162,125,32
163,125,32
164,125,32
165,125,32
166,125,32
167,125,32
168,125,32
169,125,32
170,125,32
171,125,32
172,125,32
173,125,32
174,125,32
175,125,32
176,125,32
177,125,32
178,125,32
179,125,32
180,125,32
181,125,32
182,125,32
183,125,32
184,125,32
185,125,32
186,125,32
187,125,32
188,125,32
189,125,32
190,125,32
191,125,32
192,125,32
193,125,32
194,125,32
195,125,32
196,125,32
197,125,32
198,125,32
199,125,32
200,125,32
201,125,32
202,125,32
203,125,32
204,125,32
205,125,32
206,125,32
207,125,32
208,125,32
209,125,32
210,125,32
211,125,32
212,125,32
213,125,32
214,125,32
215,125,32
216,125,32
217,125,32
218,125,32
219,125,32
220,125,32
221,125,32
222,125,32
223,125,32
224,125,32
225,125,32
226,125,32
227,125,32
228,125,32
229,125,32
230,125,32
231,125,32
232,125,32
233,125,32
234,125,32
235,125,32
236,125,32
237,125,32
238,125,32
239,125,32
240,125,32
241,125,32
242,125,32
243,125,32
244,125,32
245,125,32
246,125,32
247,125,32
248,125,32
249,125,32
250,125,32
251,125,32
252,125,32
253,125,32
254,125,32
255,125,32
256,125,32
257,125,32
258,125,32
259,125,32
260,125,32
261,125,32
262,125,32
263,125,32
264,125,32
265,125,32
266,125,32
267,125,32
268,125,32
269,125,32
270,125,32
271,125,32
272,125,32
273,125,32
274,125,32
275,125,32
276,125,32
277,125,32
278,125,32
279,125,32
280,125,32
281,125,32
282,125,32
283,125,32
284,125,32
285,125,32
286,125,32
287,125,32
288,125,32
289,125,32
290,125,32
291,125,32
292,125,32
293,125,32
294,125,32
295,125,32
296,125,32
297,125,32
298,125,32
299,125,32
300,125,32
301,125,32
302,125,32
303,125,32
304,125,32
305,125,32
306,125,32
307,125,32
308,125,32
309,125,32
310,125,32
311,125,32
312,125,32
313,125,32
314,125,32
315,125,32
316,125,32
317,125,32
318,125,32
319,125,32
0,126,32
1,126,32
2,126,32
3,126,32
4,126,32
5,126,32
6,126,32
7,126,32
8,126,32
9,126,32
10,126,32
11,126,32
12,126,32
13,126,32
14,126,32
15,126,32
16,126,32
17,126,32
18,126,32
19,126,32
20,126,32
21,126,32
22,126,32
23,126,32
24,126,32
25,126,32
26,126,32
27,126,32
28,126,32
29,126,32
30,126,32
31,126,32
32,126,32
33,126,32
34,126,32
35,126,32
36,126,32
37,126,32
38,126,32
39,126,32
40,126,32
41,126,32
42,126,32
43,126,32
44,126,32
45,126,32
46,126,32
47,126,32
48,126,32
49,126,32
50,126,32
51,126,32
52,126,32
53,126,32
54,126,32
55,126,32
56,126,32
57,126,32
58,126,32
59,126,32
60,126,32
61,126,32
62,126,32
63,126,32
64,126,32
65,126,32
66,126,32
67,126,32
68,126,32
69,126,32
70,126,32
71,126,32
72,126,32
73,126,32
74,126,32
75,126,32
76,126,32
77,126,32
78,126,32
79,126,32
80,126,32
81,126,32
82,126,32
83,126,32
84,126,32
85,126,32
86,126,32
87,126,32
88,126,32
89,126,32
90,126,32
91,126,32
92,126,32
93,126,32
94,126,32
95,126,32
96,126,32
97,126,32
98,126,32
99,126,32
100,126,32
101,126,32
102,126,32
103,126,32
104,126,32
105,126,32
106,126,32
107,126,32
108,126,32
109,126,32
110,126,32
111,126,32
112,126,32
113,126,32
114,126,32
115,126,32
116,126,32
117,126,32
118,126,32
119,126,32
120,126,32
121,126,32
122,126,32
123,126,32
124,126,32
125,126,32
126,126,32
127,126,32
128,126,32
129,126,32
130,126,32
131,126,32
132,126,32
133,126,32
134,126,32
135,126,32
136,126,32
137,126,32
138,126,32
139,126,32
140,126,32
141,126,32
142,126,32
143,126,32
144,126,32
145,126,32
146,126,32
147,126,32
148,126,32
149,126,32
150,126,32
151,126,32
152,126,32
153,126,32
154,126,32
155,126,32
156,126,32
157,126,32
158,126,32
159,126,32
160,126,32
161,126,32
162,126,32
163,126,32
164,126,32
165,126,32
166,126,32
167,126,32
168,126,32
169,126,32
170,126,32
171,126,32
172,126,32
173,126,32
174,126,32
175,126,32
176,126,32
177,126,32
178,126,32
179,126,32
180,126,32
181,126,32
182,126,32
183,126,32
184,126,32
185,126,32
186,126,32
187,126,32
188,126,32
189,126,32
190,126,32
191,126,32
192,126,32
193,126,32
194,126,32
195,126,32
196,126,32
197,126,32
198,126,32
199,126,32
200,126,32
201,126,32
202,126,32
203,126,32
204,126,32
205,126,32
206,126,32
207,126,32
208,126,32
209,126,32
210,126,32
211,126,32
212,126,32
213,126,32
214,126,32
215,126,32
216,126,32
217,126,32
218,126,32
219,126,32
220,126,32
221,126,32
222,126,32
223,126,32
224,126,32
225,126,32
226,126,32
227,126,32
228,126,32
229,126,32
230,126,32
231,126,32
232,126,32
233,126,32
234,126,32
235,126,32
236,126,32
237,126,32
238,126,32
239,126,32
240,126,32
241,126,32
242,126,32
243,126,32
244,126,32
245,126,32
246,126,32
247,126,32
248,126,32
249,126,32
250,126,32
251,126,32
252,126,32
253,126,32
254,126,32
255,126,32
256,126,32
257,126,32
258,126,32
259,126,32
260,126,32
261,126,32
262,126,32
263,126,32
264,126,32
265,126,32
266,126,32
267,126,32
268,126,32
269,126,32
270,126,32
271,126,32
272,126,32
273,126,32
274,126,32
275,126,32
276,126,32
277,126,32
278,126,32
279,126,32
280,126,32
281,126,32
282,126,32
283,126,32
284,126,32
285,126,32
286,126,32
287,126,32
288,126,32
289,126,32
290,126,32
291,126,32
292,126,32
293,126,32
294,126,32
295,126,32
296,126,32
297,126,32
298,126,32
299,126,32
300,126,32
301,126,32
302,126,32
303,126,32
304,126,32
305,126,32
306,126,32
307,126,32
308,126,32
309,126,32
310,126,32
311,126,32
312,126,32
313,126,32
314,126,32
315,126,32
316,126,32
317,126,32
318,126,32
319,126,32
0,127,32
1,127,32
2,127,32
3,127,32
4,127,32
5,127,32
6,127,32
7,127,32
8,127,32
9,127,32
10,127,32
11,127,32
12,127,32
13,127,32
14,127,32
15,127,32
16,127,32
17,127,32
18,127,32
19,127,32
20,127,32
21,127,32
22,127,32
23,127,32
24,127,32
25,127,32
26,127,32
27,127,32
28,127,32
29,127,32
30,127,32
31,127,32
32,127,32
33,127,32
34,127,32
35,127,32
36,127,32
37,127,32
38,127,32
39,127,32
40,127,32
41,127,32
42,127,32
43,127,32
44,127,32
45,127,32
46,127,32
47,127,32
48,127,32
49,127,32
50,127,32
51,127,32
52,127,32
53,127,32
54,127,32
55,127,32
56,127,32
57,127,32
58,127,32
59,127,32
60,127,32
61,127,32
62,127,32
63,127,32
64,127,32
65,127,32
66,127,32
67,127,32
68,127,32
69,127,32
70,127,32
71,127,32
72,127,32
73,127,32
74,127,32
75,127,32
76,127,32
77,127,32
78,127,32
79,127,32
80,127,32
81,127,32
82,127,32
83,127,32
84,127,32
85,127,32
86,127,32
87,127,32
88,127,32
89,127,32
90,127,32
91,127,32
92,127,32
93,127,32
94,127,32
95,127,32
96,127,32
97,127,32
98,127,32
99,127,32
100,127,32
101,127,32
102,127,32
103,127,32
104,127,32
105,127,32
106,127,32
107,127,32
108,127,32
109,127,32
110,127,32
111,127,32
112,127,32
113,127,32
114,127,32
115,127,32
116,127,32
117,127,32
118,127,32
119,127,32
120,127,32
121,127,32
122,127,32
123,127,32
124,127,32
125,127,32
126,127,32
127,127,32
128,127,32
129,127,32
130,127,32
131,127,32
132,127,32
133,127,32
134,127,32
135,127,32
136,127,32
137,127,32
138,127,32
139,127,32
140,127,32
141,127,32
142,127,32
143,127,32
144,127,32
145,127,32
146,127,32
147,127,32
148,127,32
149,127,32
150,127,32
151,127,32
152,127,32
153,127,32
154,127,32
155,127,32
156,127,32
157,127,32
158,127,32
159,127,32
160,127,32
161,127,32
162,127,32
163,127,32
164,127,32
165,127,32
166,127,32
167,127,32
168,127,32
169,127,32
170,127,32
171,127,32
172,127,32
173,127,32
174,127,32
175,127,32
176,127,32
177,127,32
178,127,32
179,127,32
180,127,32
181,127,32
182,127,32
183,127,32
184,127,32
185,127,32
186,127,32
187,127,32
188,127,32
189,127,32
190,127,32
191,127,32
192,127,32
193,127,32
194,127,32
195,127,32
196,127,32
197,127,32
198,127,32
199,127,32
200,127,32
201,127,32
202,127,32
203,127,32
204,127,32
205,127,32
206,127,32
207,127,32
208,127,32
209,127,32
210,127,32
211,127,32
212,127,32
213,127,32
214,127,32
215,127,32
216,127,32
217,127,32
218,127,32
219,127,32
220,127,32
221,127,32
222,127,32
223,127,32
224,127,32
225,127,32
226,127,32
227,127,32
228,127,32
229,127,32
230,127,32
231,127,32
232,127,32
233,127,32
234,127,32
235,127,32
236,127,32
237,127,32
238,127,32
239,127,32
240,127,32
241,127,32
242,127,32
243,127,32
244,127,32
245,127,32
246,127,32
247,127,32
248,127,32
249,127,32
250,127,32
251,127,32
252,127,32
253,127,32
254,127,32
255,127,32
256,127,32
257,127,32
258,127,32
259,127,32
260,127,32
261,127,32
262,127,32
263,127,32
264,127,32
265,127,32
266,127,32
267,127,32
268,127,32
269,127,32
270,127,32
271,127,32
272,127,32
273,127,32
274,127,32
275,127,32
276,127,32
277,127,32
278,127,32
279,127,32
280,127,32
281,127,32
282,127,32
283,127,32
284,127,32
285,127,32
286,127,32
287,127,32
288,127,32
289,127,32
290,127,32
291,127,32
292,127,32
293,127,32
294,127,32
295,127,32
296,127,32
297,127,32
298,127,32
299,127,32
300,127,32
301,127,32
302,127,32
303,127,32
304,127,32
305,127,32
306,127,32
307,127,32
308,127,32
309,127,32
310,127,32
311,127,32
312,127,32
313,127,32
314,127,32
315,127,32
316,127,32
317,127,32
318,127,32
319,127,32
0,128,32
1,128,32
2,128,32
3,128,32
4,128,32
5,128,32
6,128,32
7,128,32
8,128,32
9,128,32
10,128,32
11,128,32
12,128,32
13,128,32
14,128,32
15,128,32
16,128,32
17,128,32
18,128,32
19,128,32
20,128,32
21,128,32
22,128,32
23,128,32
24,128,32
25,128,32
26,128,32
27,128,32
28,128,32
29,128,32
30,128,32
31,128,32
32,128,32
33,128,32
34,128,32
35,128,32
36,128,32
37,128,32
38,128,32
39,128,32
40,128,32
41,128,32
42,128,32
43,128,32
44,128,32
45,128,32
46,128,32
47,128,32
48,128,32
49,128,32
50,128,32
51,128,32
52,128,32
53,128,32
54,128,32
55,128,32
56,128,32
57,128,32
58,128,32
59,128,32
60,128,32
61,128,32
62,128,32
63,128,32
64,128,32
65,128,32
66,128,32
67,128,32
68,128,32
69,128,32
70,128,32
71,128,32
72,128,32
73,128,32
74,128,32
75,128,32
76,128,32
77,128,32
78,128,32
79,128,32
80,128,32
81,128,32
82,128,32
83,128,32
84,128,32
85,128,32
86,128,32
87,128,32
88,128,32
89,128,32
90,128,32
91,128,32
92,128,32
93,128,32
94,128,32
95,128,32
96,128,32
97,128,32
98,128,32
99,128,32
100,128,32
101,128,32
102,128,32
103,128,32
104,128,32
105,128,32
106,128,32
107,128,32
108,128,32
109,128,32
110,128,32
111,128,32
112,128,32
113,128,32
114,128,32
115,128,32
116,128,32
117,128,32
118,128,32
119,128,32
120,128,32
121,128,32
122,128,32
123,128,32
124,128,32
125,128,32
126,128,32
127,128,32
128,128,32
129,128,32
130,128,32
131,128,32
132,128,32
133,128,32
134,128,32
135,128,32
136,128,32
137,128,32
138,128,32
139,128,32
140,128,32
141,128,32
142,128,32
143,128,32
144,128,32
145,128,32
146,128,32
147,128,32
148,128,32
149,128,32
150,128,32
151,128,32
152,128,32
153,128,32
154,128,32
155,128,32
156,128,32
157,128,32
158,128,32
159,128,32
160,128,32
161,128,32
162,128,32
163,128,32
164,128,32
165,128,32
166,128,32
167,128,32
168,128,32
169,128,32
170,128,32
171,128,32
172,128,32
173,128,32
174,128,32
175,128,32
176,128,32
177,128,32
178,128,32
179,128,32
180,128,32
181,128,32
182,128,32
183,128,32
184,128,32
185,128,32
186,128,32
187,128,32
188,128,32
189,128,32
190,128,32
191,128,32
192,128,32
193,128,32
194,128,32
195,128,32
196,128,32
197,128,32
198,128,32
199,128,32
200,128,32
201,128,32
202,128,32
203,128,32
204,128,32
205,128,32
206,128,32
207,128,32
208,128,32
209,128,32
210,128,32
211,128,32
212,128,32
213,128,32
214,128,32
215,128,32
216,128,32
217,128,32
218,128,32
219,128,32
220,128,32
221,128,32
222,128,32
223,128,32
224,128,32
225,128,32
226,128,32
227,128,32
228,128,32
229,128,32
230,128,32
231,128,32
232,128,32
233,128,32
234,128,32
235,128,32
236,128,32
237,128,32
238,128,32
239,128,32
240,128,32
241,128,32
242,128,32
243,128,32
244,128,32
245,128,32
246,128,32
247,128,32
248,128,32
249,128,32
250,128,32
251,128,32
252,128,32
253,128,32
254,128,32
255,128,32
256,128,32
257,128,32
258,128,32
259,128,32
260,128,32
261,128,32
262,128,32
263,128,32
264,128,32
265,128,32
266,128,32
267,128,32
268,128,32
269,128,32
270,128,32
271,128,32
272,128,32
273,128,32
274,128,32
275,128,32
276,128,32
277,128,32
278,128,32
279,128,32
280,128,32
281,128,32
282,128,32
283,128,32
284,128,32
285,128,32
286,128,32
287,128,32
288,128,32
289,128,32
290,128,32
291,128,32
292,128,32
293,128,32
294,128,32
295,128,32
296,128,32
297,128,32
298,128,32
299,128,32
300,128,32
301,128,32
302,128,32
303,128,32
304,128,32
305,128,32
306,128,32
307,128,32
308,128,32
309,128,32
310,128,32
311,128,32
312,128,32
313,128,32
314,128,32
315,128,32
316,128,32
317,128,32
318,128,32
319,128,32
0,129,32
1,129,32
2,129,32
3,129,32
4,129,32
5,129,32
6,129,32
7,129,32
8,129,32
9,129,32
10,129,32
11,129,32
12,129,32
13,129,32
14,129,32
15,129,32
16,129,32
17,129,32
18,129,32
19,129,32
20,129,32
21,129,32
22,129,32
23,129,32
24,129,32
25,129,32
26,129,32
27,129,32
28,129,32
29,129,32
30,129,32
31,129,32
32,129,32
33,129,32
34,129,32
35,129,32
36,129,32
37,129,32
38,129,32
39,129,32
40,129,32
41,129,32
42,129,32
43,129,32
44,129,32
45,129,32
46,129,32
47,129,32
48,129,32
49,129,32
50,129,32
51,129,32
52,129,32
53,129,32
54,129,32
55,129,32
56,129,32
57,129,32
58,129,32
59,129,32
60,129,32
61,129,32
62,129,32
63,129,32
64,129,32
65,129,32
66,129,32
67,129,32
68,129,32
69,129,32
70,129,32
71,129,32
72,129,32
73,129,32
74,129,32
75,129,32
76,129,32
77,129,32
78,129,32
79,129,32
80,129,32
81,129,32
82,129,32
83,129,32
84,129,32
85,129,32
86,129,32
87,129,32
88,129,32
89,129,32
90,129,32
91,129,32
92,129,32
93,129,32
94,129,32
95,129,32
96,129,32
97,129,32
98,129,32
99,129,32
100,129,32
101,129,32
102,129,32
103,129,32
104,129,32
105,129,32
106,129,32
107,129,32
108,129,32
109,129,32
110,129,32
111,129,32
112,129,32
113,129,32
114,129,32
115,129,32
116,129,32
117,129,32
118,129,32
119,129,32
120,129,32
121,129,32
122,129,32
123,129,32
124,129,32
125,129,32
126,129,32
127,129,32
128,129,32
129,129,32
130,129,32
131,129,32
132,129,32
133,129,32
134,129,32
135,129,32
136,129,32
137,129,32
138,129,32
139,129,32
140,129,32
141,129,32
142,129,32
143,129,32
144,129,32
145,129,32
146,129,32
147,129,32
148,129,32
149,129,32
150,129,32
151,129,32
152,129,32
153,129,32
154,129,32
155,129,32
156,129,32
157,129,32
158,129,32
159,129,32
160,129,32
161,129,32
162,129,32
163,129,32
164,129,32
165,129,32
166,129,32
167,129,32
168,129,32
169,129,32
170,129,32
171,129,32
172,129,32
173,129,32
174,129,32
175,129,32
176,129,32
177,129,32
178,129,32
179,129,32
180,129,32
181,129,32
182,129,32
183,129,32
184,129,32
185,129,32
186,129,32
187,129,32
188,129,32
189,129,32
190,129,32
191,129,32
192,129,32
193,129,32
194,129,32
195,129,32
196,129,32
197,129,32
198,129,32
199,129,32
200,129,32
201,129,32
202,129,32
203,129,32
204,129,32
205,129,32
206,129,32
207,129,32
208,129,32
209,129,32
210,129,32
211,129,32
212,129,32
213,129,32
214,129,32
215,129,32
216,129,32
217,129,32
218,129,32
219,129,32
220,129,32
221,129,32
222,129,32
223,129,32
224,129,32
225,129,32
226,129,32
227,129,32
228,129,32
229,129,32
230,129,32
231,129,32
232,129,32
233,129,32
234,129,32
235,129,32
236,129,32
237,129,32
238,129,32
239,129,32
240,129,32
241,129,32
242,129,32
243,129,32
244,129,32
245,129,32
246,129,32
247,129,32
248,129,32
249,129,32
250,129,32
251,129,32
252,129,32
253,129,32
254,129,32
255,129,32
256,129,32
257,129,32
258,129,32
259,129,32
260,129,32
261,129,32
262,129,32
263,129,32
264,129,32
265,129,32
266,129,32
267,129,32
268,129,32
269,129,32
270,129,32
271,129,32
272,129,32
273,129,32
274,129,32
275,129,32
276,129,32
277,129,32
278,129,32
279,129,32
280,129,32
281,129,32
282,129,32
283,129,32
284,129,32
285,129,32
286,129,32
287,129,32
288,129,32
289,129,32
290,129,32
291,129,32
292,129,32
293,129,32
294,129,32
295,129,32
296,129,32
297,129,32
298,129,32
299,129,32
300,129,32
301,129,32
302,129,32
303,129,32
304,129,32
305,129,32
306,129,32
307,129,32
308,129,32
309,129,32
310,129,32
311,129,32
312,129,32
313,129,32
314,129,32
315,129,32
316,129,32
317,129,32
318,129,32
319,129,32
0,130,32
1,130,32
2,130,32
3,130,32
4,130,32
5,130,32
6,130,32
7,130,32
8,130,32
9,130,32
10,130,32
11,130,32
12,130,32
13,130,32
14,130,32
15,130,32
16,130,32
17,130,32
18,130,32
19,130,32
20,130,32
21,130,32
22,130,32
23,130,32
24,130,32
25,130,32
26,130,32
27,130,32
28,130,32
29,130,32
30,130,32
31,130,32
32,130,32
33,130,32
34,130,32
35,130,32
36,130,32
37,130,32
38,130,32
39,130,32
40,130,32
41,130,32
42,130,32
43,130,32
44,130,32
45,130,32
46,130,32
47,130,32
48,130,32
49,130,32
50,130,32
51,130,32
52,130,32
53,130,32
54,130,32
55,130,32
56,130,32
57,130,32
58,130,32
59,130,32
60,130,32
61,130,32
62,130,32
63,130,32
64,130,32
65,130,32
66,130,32
67,130,32
68,130,32
69,130,32
70,130,32
71,130,32
72,130,32
73,130,32
74,130,32
75,130,32
76,130,32
77,130,32
78,130,32
79,130,32
80,130,32
81,130,32
82,130,32
83,130,32
84,130,32
85,130,32
86,130,32
87,130,32
88,130,32
89,130,32
90,130,32
91,130,32
92,130,32
93,130,32
94,130,32
95,130,32
96,130,32
97,130,32
98,130,32
99,130,32
100,130,32
101,130,32
102,130,32
103,130,32
104,130,32
105,130,32
106,130,32
107,130,32
108,130,32
109,130,32
110,130,32
111,130,32
112,130,32
113,130,32
114,130,32
115,130,32
116,130,32
117,130,32
118,130,32
119,130,32
120,130,32
121,130,32
122,130,32
123,130,32
124,130,32
125,130,32
126,130,32
127,130,32
128,130,32
129,130,32
130,130,32
131,130,32
132,130,32
133,130,32
134,130,32
135,130,32
136,130,32
137,130,32
138,130,32
139,130,32
140,130,32
141,130,32
142,130,32
143,130,32
144,130,32
145,130,32
146,130,32
147,130,32
148,130,32
149,130,32
150,130,32
151,130,32
152,130,32
153,130,32
154,130,32
155,130,32
156,130,32
157,130,32
158,130,32
159,130,32
160,130,32
161,130,32
162,130,32
163,130,32
164,130,32
165,130,32
166,130,32
167,130,32
168,130,32
169,130,32
170,130,32
171,130,32
172,130,32
173,130,32
174,130,32
175,130,32
176,130,32
177,130,32
178,130,32
179,130,32
180,130,32
181,130,32
182,130,32
183,130,32
184,130,32
185,130,32
186,130,32
187,130,32
188,130,32
189,130,32
190,130,32
191,130,32
192,130,32
193,130,32
194,130,32
195,130,32
196,130,32
197,130,32
198,130,32
199,130,32
200,130,32
201,130,32
202,130,32
203,130,32
204,130,32
205,130,32
206,130,32
207,130,32
208,130,32
209,130,32
210,130,32
211,130,32
212,130,32
213,130,32
214,130,32
215,130,32
216,130,32
217,130,32
218,130,32
219,130,32
220,130,32
221,130,32
222,130,32
223,130,32
224,130,32
225,130,32
226,130,32
227,130,32
228,130,32
229,130,32
230,130,32
231,130,32
232,130,32
233,130,32
234,130,32
235,130,32
236,130,32
237,130,32
238,130,32
239,130,32
240,130,32
241,130,32
242,130,32
243,130,32
244,130,32
245,130,32
246,130,32
247,130,32
248,130,32
249,130,32
250,130,32
251,130,32
252,130,32
253,130,32
254,130,32
255,130,32
256,130,32
257,130,32
258,130,32
259,130,32
260,130,32
261,130,32
262,130,32
263,130,32
264,130,32
265,130,32
266,130,32
267,130,32
268,130,32
269,130,32
270,130,32
271,130,32
272,130,32
273,130,32
274,130,32
275,130,32
276,130,32
277,130,32
278,130,32
279,130,32
280,130,32
281,130,32
282,130,32
283,130,32
284,130,32
285,130,32
286,130,32
287,130,32
288,130,32
289,130,32
290,130,32
291,130,32
292,130,32
293,130,32
294,130,32
295,130,32
296,130,32
297,130,32
298,130,32
299,130,32
300,130,32
301,130,32
302,130,32
303,130,32
304,130,32
305,130,32
306,130,32
307,130,32
308,130,32
309,130,32
310,130,32
311,130,32
312,130,32
313,130,32
314,130,32
315,130,32
316,130,32
317,130,32
318,130,32
319,130,32
0,131,32
1,131,32
2,131,32
3,131,32
4,131,32
5,131,32
6,131,32
7,131,32
8,131,32
9,131,32
10,131,32
11,131,32
12,131,32
13,131,32
14,131,32
15,131,32
16,131,32
17,131,32
18,131,32
19,131,32
20,131,32
21,131,32
22,131,32
23,131,32
24,131,32
25,131,32
26,131,32
27,131,32
28,131,32
29,131,32
30,131,32
31,131,32
32,131,32
33,131,32
34,131,32
35,131,32
36,131,32
37,131,32
38,131,32
39,131,32
40,131,32
41,131,32
42,131,32
43,131,32
44,131,32
45,131,32
46,131,32
47,131,32
48,131,32
49,131,32
50,131,32
51,131,32
52,131,32
53,131,32
54,131,32
55,131,32
56,131,32
57,131,32
58,131,32
59,131,32
60,131,32
61,131,32
62,131,32
63,131,32
64,131,32
65,131,32
66,131,32
67,131,32
68,131,32
69,131,32
70,131,32
71,131,32
72,131,32
73,131,32
74,131,32
75,131,32
76,131,32
77,131,32
78,131,32
79,131,32
80,131,32
81,131,32
82,131,32
83,131,32
84,131,32
85,131,32
86,131,32
87,131,32
88,131,32
89,131,32
90,131,32
91,131,32
92,131,32
93,131,32
94,131,32
95,131,32
96,131,32
97,131,32
98,131,32
99,131,32
100,131,32
101,131,32
102,131,32
103,131,32
104,131,32
105,131,32
106,131,32
107,131,32
108,131,32
109,131,32
110,131,32
111,131,32
112,131,32
113,131,32
114,131,32
115,131,32
116,131,32
117,131,32
118,131,32
119,131,32
120,131,32
121,131,32
122,131,32
123,131,32
124,131,32
125,131,32
126,131,32
127,131,32
128,131,32
129,131,32
130,131,32
131,131,32
132,131,32
133,131,32
134,131,32
135,131,32
136,131,32
137,131,32
138,131,32
139,131,32
140,131,32
141,131,32
142,131,32
143,131,32
144,131,32
145,131,32
146,131,32
147,131,32
148,131,32
149,131,32
150,131,32
151,131,32
152,131,32
153,131,32
154,131,32
155,131,32
156,131,32
157,131,32
158,131,32
159,131,32
160,131,32
161,131,32
162,131,32
163,131,32
164,131,32
165,131,32
166,131,32
167,131,32
168,131,32
169,131,32
170,131,32
171,131,32
172,131,32
173,131,32
174,131,32
175,131,32
176,131,32
177,131,32
178,131,32
179,131,32
180,131,32
181,131,32
182,131,32
183,131,32
184,131,32
185,131,32
186,131,32
187,131,32
188,131,32
189,131,32
190,131,32
191,131,32
192,131,32
193,131,32
194,131,32
195,131,32
196,131,32
197,131,32
198,131,32
199,131,32
200,131,32
201,131,32
202,131,32
203,131,32
204,131,32
205,131,32
206,131,32
207,131,32
208,131,32
209,131,32
210,131,32
211,131,32
212,131,32
213,131,32
214,131,32
215,131,32
216,131,32
217,131,32
218,131,32
219,131,32
220,131,32
221,131,32
222,131,32
223,131,32
224,131,32
225,131,32
226,131,32
227,131,32
228,131,32
229,131,32
230,131,32
231,131,32
232,131,32
233,131,32
234,131,32
235,131,32
236,131,32
237,131,32
238,131,32
239,131,32
240,131,32
241,131,32
242,131,32
243,131,32
244,131,32
245,131,32
246,131,32
247,131,32
248,131,32
249,131,32
250,131,32
251,131,32
252,131,32
253,131,32
254,131,32
255,131,32
256,131,32
257,131,32
258,131,32
259,131,32
260,131,32
261,131,32
262,131,32
263,131,32
264,131,32
265,131,32
266,131,32
267,131,32
268,131,32
269,131,32
270,131,32
271,131,32
272,131,32
273,131,32
274,131,32
275,131,32
276,131,32
277,131,32
278,131,32
279,131,32
280,131,32
281,131,32
282,131,32
283,131,32
284,131,32
285,131,32
286,131,32
287,131,32
288,131,32
289,131,32
290,131,32
291,131,32
292,131,32
293,131,32
294,131,32
295,131,32
296,131,32
297,131,32
298,131,32
299,131,32
300,131,32
301,131,32
302,131,32
303,131,32
304,131,32
305,131,32
306,131,32
307,131,32
308,131,32
309,131,32
310,131,32
311,131,32
312,131,32
313,131,32
314,131,32
315,131,32
316,131,32
317,131,32
318,131,32
319,131,32
0,132,32
1,132,32
2,132,32
3,132,32
4,132,32
5,132,32
6,132,32
7,132,32
8,132,32
9,132,32
10,132,32
11,132,32
12,132,32
13,132,32
14,132,32
15,132,32
16,132,32
17,132,32
18,132,32
19,132,32
20,132,32
21,132,32
22,132,32
23,132,32
24,132,32
25,132,32
26,132,32
27,132,32
28,132,32
29,132,32
30,132,32
31,132,32
32,132,32
33,132,32
34,132,32
35,132,32
36,132,32
37,132,32
38,132,32
39,132,32
40,132,32
41,132,32
42,132,32
43,132,32
44,132,32
45,132,32
46,132,32
47,132,32
48,132,32
49,132,32
50,132,32
51,132,32
52,132,32
53,132,32
54,132,32
55,132,32
56,132,32
57,132,32
58,132,32
59,132,32
60,132,32
61,132,32
62,132,32
63,132,32
64,132,32
65,132,32
66,132,32
67,132,32
68,132,32
69,132,32
70,132,32
71,132,32
72,132,32
73,132,32
74,132,32
75,132,32
76,132,32
77,132,32
78,132,32
79,132,32
80,132,32
81,132,32
82,132,32
83,132,32
84,132,32
85,132,32
86,132,32
87,132,32
88,132,32
89,132,32
90,132,32
91,132,32
92,132,32
93,132,32
94,132,32
95,132,32
96,132,32
97,132,32
98,132,32
99,132,32
100,132,32
101,132,32
102,132,32
103,132,32
104,132,32
105,132,32
106,132,32
107,132,32
108,132,32
109,132,32
110,132,32
111,132,32
112,132,32
113,132,32
114,132,32
115,132,32
116,132,32
117,132,32
118,132,32
119,132,32
120,132,32
121,132,32
122,132,32
123,132,32
124,132,32
125,132,32
126,132,32
127,132,32
128,132,32
129,132,32
130,132,32
131,132,32
132,132,32
133,132,32
134,132,32
135,132,32
136,132,32
137,132,32
138,132,32
139,132,32
140,132,32
141,132,32
142,132,32
143,132,32
144,132,32
145,132,32
146,132,32
147,132,32
148,132,32
149,132,32
150,132,32
151,132,32
152,132,32
153,132,32
154,132,32
155,132,32
156,132,32
157,132,32
158,132,32
159,132,32
160,132,32
161,132,32
162,132,32
163,132,32
164,132,32
165,132,32
166,132,32
167,132,32
168,132,32
169,132,32
170,132,32
171,132,32
172,132,32
173,132,32
174,132,32
175,132,32
176,132,32
177,132,32
178,132,32
179,132,32
180,132,32
181,132,32
182,132,32
183,132,32
184,132,32
185,132,32
186,132,32
187,132,32
188,132,32
189,132,32
190,132,32
191,132,32
192,132,32
193,132,32
194,132,32
195,132,32
196,132,32
197,132,32
198,132,32
199,132,32
200,132,32
201,132,32
202,132,32
203,132,32
204,132,32
205,132,32
206,132,32
207,132,32
208,132,32
209,132,32
210,132,32
211,132,32
212,132,32
213,132,32
214,132,32
215,132,32
216,132,32
217,132,32
218,132,32
219,132,32
220,132,32
221,132,32
222,132,32
223,132,32
224,132,32
225,132,32
226,132,32
227,132,32
228,132,32
229,132,32
230,132,32
231,132,32
232,132,32
233,132,32
234,132,32
235,132,32
236,132,32
237,132,32
238,132,32
239,132,32
240,132,32
241,132,32
242,132,32
243,132,32
244,132,32
245,132,32
246,132,32
247,132,32
248,132,32
249,132,32
250,132,32
251,132,32
252,132,32
253,132,32
254,132,32
255,132,32
256,132,32
257,132,32
258,132,32
259,132,32
260,132,32
261,132,32
262,132,32
263,132,32
264,132,32
265,132,32
266,132,32
267,132,32
268,132,32
269,132,32
270,132,32
271,132,32
272,132,32
273,132,32
274,132,32
275,132,32
276,132,32
277,132,32
278,132,32
279,132,32
280,132,32
281,132,32
282,132,32
283,132,32
284,132,32
285,132,32
286,132,32
287,132,32
288,132,32
289,132,32
290,132,32
291,132,32
292,132,32
293,132,32
294,132,32
295,132,32
296,132,32
297,132,32
298,132,32
299,132,32
300,132,32
301,132,32
302,132,32
303,132,32
304,132,32
305,132,32
306,132,32
307,132,32
308,132,32
309,132,32
310,132,32
311,132,32
312,132,32
313,132,32
314,132,32
315,132,32
316,132,32
317,132,32
318,132,32
319,132,32
0,133,32
1,133,32
2,133,32
3,133,32
4,133,32
5,133,32
6,133,32
7,133,32
8,133,32
9,133,32
10,133,32
11,133,32
12,133,32
13,133,32
14,133,32
15,133,32
16,133,32
17,133,32
18,133,32
19,133,32
20,133,32
21,133,32
22,133,32
23,133,32
24,133,32
25,133,32
26,133,32
27,133,32
28,133,32
29,133,32
30,133,32
31,133,32
32,133,32
33,133,32
34,133,32
35,133,32
36,133,32
37,133,32
38,133,32
39,133,32
40,133,32
41,133,32
42,133,32
43,133,32
44,133,32
45,133,32
46,133,32
47,133,32
48,133,32
49,133,32
50,133,32
51,133,32
52,133,32
53,133,32
54,133,32
55,133,32
56,133,32
57,133,32
58,133,32
59,133,32
60,133,32
61,133,32
62,133,32
63,133,32
64,133,32
65,133,32
66,133,32
67,133,32
68,133,32
69,133,32
70,133,32
71,133,32
72,133,32
73,133,32
74,133,32
75,133,32
76,133,32
77,133,32
78,133,32
79,133,32
80,133,32
81,133,32
82,133,32
83,133,32
84,133,32
85,133,32
86,133,32
87,133,32
88,133,32
89,133,32
90,133,32
91,133,32
92,133,32
93,133,32
94,133,32
95,133,32
96,133,32
97,133,32
98,133,32
99,133,32
100,133,32
101,133,32
102,133,32
103,133,32
104,133,32
105,133,32
106,133,32
107,133,32
108,133,32
109,133,32
110,133,32
111,133,32
112,133,32
113,133,32
114,133,32
115,133,32
116,133,32
117,133,32
118,133,32
119,133,32
120,133,32
121,133,32
122,133,32
123,133,32
124,133,32
125,133,32
126,133,32
127,133,32
128,133,32
129,133,32
130,133,32
131,133,32
132,133,32
133,133,32
134,133,32
135,133,32
136,133,32
137,133,32
138,133,32
139,133,32
140,133,32
141,133,32
142,133,32
143,133,32
144,133,32
145,133,32
146,133,32
147,133,32
148,133,32
149,133,32
150,133,32
151,133,32
152,133,32
153,133,32
154,133,32
155,133,32
156,133,32
157,133,32
158,133,32
159,133,32
160,133,32
161,133,32
162,133,32
163,133,32
164,133,32
165,133,32
166,133,32
167,133,32
168,133,32
169,133,32
170,133,32
171,133,32
172,133,32
173,133,32
174,133,32
175,133,32
176,133,32
177,133,32
178,133,32
179,133,32
180,133,32
181,133,32
182,133,32
183,133,32
184,133,32
185,133,32
186,133,32
187,133,32
188,133,32
189,133,32
190,133,32
191,133,32
192,133,32
193,133,32
194,133,32
195,133,32
196,133,32
197,133,32
198,133,32
199,133,32
200,133,32
201,133,32
202,133,32
203,133,32
204,133,32
205,133,32
206,133,32
207,133,32
208,133,32
209,133,32
210,133,32
211,133,32
212,133,32
213,133,32
214,133,32
215,133,32
216,133,32
217,133,32
218,133,32
219,133,32
220,133,32
221,133,32
222,133,32
223,133,32
224,133,32
225,133,32
226,133,32
227,133,32
228,133,32
229,133,32
230,133,32
231,133,32
232,133,32
233,133,32
234,133,32
235,133,32
236,133,32
237,133,32
238,133,32
239,133,32
240,133,32
241,133,32
242,133,32
243,133,32
244,133,32
245,133,32
246,133,32
247,133,32
248,133,32
249,133,32
250,133,32
251,133,32
252,133,32
253,133,32
254,133,32
255,133,32
256,133,32
257,133,32
258,133,32
259,133,32
260,133,32
261,133,32
262,133,32
263,133,32
264,133,32
265,133,32
266,133,32
267,133,32
268,133,32
269,133,32
270,133,32
271,133,32
272,133,32
273,133,32
274,133,32
275,133,32
276,133,32
277,133,32
278,133,32
279,133,32
280,133,32
281,133,32
282,133,32
283,133,32
284,133,32
285,133,32
286,133,32
287,133,32
288,133,32
289,133,32
290,133,32
291,133,32
292,133,32
293,133,32
294,133,32
295,133,32
296,133,32
297,133,32
298,133,32
299,133,32
300,133,32
301,133,32
302,133,32
303,133,32
304,133,32
305,133,32
306,133,32
307,133,32
308,133,32
309,133,32
310,133,32
311,133,32
312,133,32
313,133,32
314,133,32
315,133,32
316,133,32
317,133,32
318,133,32
319,133,32
0,134,32
1,134,32
2,134,32
3,134,32
4,134,32
5,134,32
6,134,32
7,134,32
8,134,32
9,134,32
10,134,32
11,134,32
12,134,32
13,134,32
14,134,32
15,134,32
16,134,32
17,134,32
18,134,32
19,134,32
20,134,32
21,134,32
22,134,32
23,134,32
24,134,32
25,134,32
26,134,32
27,134,32
28,134,32
29,134,32
30,134,32
31,134,32
32,134,32
33,134,32
34,134,32
35,134,32
36,134,32
37,134,32
38,134,32
39,134,32
40,134,32
41,134,32
42,134,32
43,134,32
44,134,32
45,134,32
46,134,32
47,134,32
48,134,32
49,134,32
50,134,32
51,134,32
52,134,32
53,134,32
54,134,32
55,134,32
56,134,32
57,134,32
58,134,32
59,134,32
60,134,32
61,134,32
62,134,32
63,134,32
64,134,32
65,134,32
66,134,32
67,134,32
68,134,32
69,134,32
70,134,32
71,134,32
72,134,32
73,134,32
74,134,32
75,134,32
76,134,32
77,134,32
78,134,32
79,134,32
80,134,32
81,134,32
82,134,32
83,134,32
84,134,32
85,134,32
86,134,32
87,134,32
88,134,32
89,134,32
90,134,32
91,134,32
92,134,32
93,134,32
94,134,32
95,134,32
96,134,32
97,134,32
98,134,32
99,134,32
100,134,32
101,134,32
102,134,32
103,134,32
104,134,32
105,134,32
106,134,32
107,134,32
108,134,32
109,134,32
110,134,32
111,134,32
112,134,32
113,134,32
114,134,32
115,134,32
116,134,32
117,134,32
118,134,32
119,134,32
120,134,32
121,134,32
122,134,32
123,134,32
124,134,32
125,134,32
126,134,32
127,134,32
128,134,32
129,134,32
130,134,32
131,134,32
132,134,32
133,134,32
134,134,32
135,134,32
136,134,32
137,134,32
138,134,32
139,134,32
140,134,32
141,134,32
142,134,32
143,134,32
144,134,32
145,134,32
146,134,32
147,134,32
148,134,32
149,134,32
150,134,32
151,134,32
152,134,32
153,134,32
154,134,32
155,134,32
156,134,32
157,134,32
158,134,32
159,134,32
160,134,32
161,134,32
162,134,32
163,134,32
164,134,32
165,134,32
166,134,32
167,134,32
168,134,32
169,134,32
170,134,32
171,134,32
172,134,32
173,134,32
174,134,32
175,134,32
176,134,32
177,134,32
178,134,32
179,134,32
180,134,32
181,134,32
182,134,32
183,134,32
184,134,32
185,134,32
186,134,32
187,134,32
188,134,32
189,134,32
190,134,32
191,134,32
192,134,32
193,134,32
194,134,32
195,134,32
196,134,32
197,134,32
198,134,32
199,134,32
200,134,32
201,134,32
202,134,32
203,134,32
204,134,32
205,134,32
206,134,32
207,134,32
208,134,32
209,134,32
210,134,32
211,134,32
212,134,32
213,134,32
214,134,32
215,134,32
216,134,32
217,134,32
218,134,32
219,134,32
220,134,32
221,134,32
222,134,32
223,134,32
224,134,32
225,134,32
226,134,32
227,134,32
228,134,32
229,134,32
230,134,32
231,134,32
232,134,32
233,134,32
234,134,32
235,134,32
236,134,32
237,134,32
238,134,32
239,134,32
240,134,32
241,134,32
242,134,32
243,134,32
244,134,32
245,134,32
246,134,32
247,134,32
248,134,32
249,134,32
250,134,32
251,134,32
252,134,32
253,134,32
254,134,32
255,134,32
256,134,32
257,134,32
258,134,32
259,134,32
260,134,32
261,134,32
262,134,32
263,134,32
264,134,32
265,134,32
266,134,32
267,134,32
268,134,32
269,134,32
270,134,32
271,134,32
272,134,32
273,134,32
274,134,32
275,134,32
276,134,32
277,134,32
278,134,32
279,134,32
280,134,32
281,134,32
282,134,32
283,134,32
284,134,32
285,134,32
286,134,32
287,134,32
288,134,32
289,134,32
290,134,32
291,134,32
292,134,32
293,134,32
294,134,32
295,134,32
296,134,32
297,134,32
298,134,32
299,134,32
300,134,32
301,134,32
302,134,32
303,134,32
304,134,32
305,134,32
306,134,32
307,134,32
308,134,32
309,134,32
310,134,32
311,134,32
312,134,32
313,134,32
314,134,32
315,134,32
316,134,32
317,134,32
318,134,32
319,134,32
0,135,32
1,135,32
2,135,32
3,135,32
4,135,32
5,135,32
6,135,32
7,135,32
8,135,32
9,135,32
10,135,32
11,135,32
12,135,32
13,135,32
14,135,32
15,135,32
16,135,32
17,135,32
18,135,32
19,135,32
20,135,32
21,135,32
22,135,32
23,135,32
24,135,32
25,135,32
26,135,32
27,135,32
28,135,32
29,135,32
30,135,32
31,135,32
32,135,32
33,135,32
34,135,32
35,135,32
36,135,32
37,135,32
38,135,32
39,135,32
40,135,32
41,135,32
42,135,32
43,135,32
44,135,32
45,135,32
46,135,32
47,135,32
48,135,32
49,135,32
50,135,32
51,135,32
52,135,32
53,135,32
54,135,32
55,135,32
56,135,32
57,135,32
58,135,32
59,135,32
60,135,32
61,135,32
62,135,32
63,135,32
64,135,32
65,135,32
66,135,32
67,135,32
68,135,32
69,135,32
70,135,32
71,135,32
72,135,32
73,135,32
74,135,32
75,135,32
76,135,32
77,135,32
78,135,32
79,135,32
80,135,32
81,135,32
82,135,32
83,135,32
84,135,32
85,135,32
86,135,32
87,135,32
88,135,32
89,135,32
90,135,32
91,135,32
92,135,32
93,135,32
94,135,32
95,135,32
96,135,32
97,135,32
98,135,32
99,135,32
100,135,32
101,135,32
102,135,32
103,135,32
104,135,32
105,135,32
106,135,32
107,135,32
108,135,32
109,135,32
110,135,32
111,135,32
112,135,32
113,135,32
114,135,32
115,135,32
116,135,32
117,135,32
118,135,32
119,135,32
120,135,32
121,135,32
122,135,32
123,135,32
124,135,32
125,135,32
126,135,32
127,135,32
128,135,32
129,135,32
130,135,32
131,135,32
132,135,32
133,135,32
134,135,32
135,135,32
136,135,32
137,135,32
138,135,32
139,135,32
140,135,32
141,135,32
142,135,32
143,135,32
144,135,32
145,135,32
146,135,32
147,135,32
148,135,32
149,135,32
150,135,32
151,135,32
152,135,32
153,135,32
154,135,32
155,135,32
156,135,32
157,135,32
158,135,32
159,135,32
160,135,32
161,135,32
162,135,32
163,135,32
164,135,32
165,135,32
166,135,32
167,135,32
168,135,32
169,135,32
170,135,32
171,135,32
172,135,32
173,135,32
174,135,32
175,135,32
176,135,32
177,135,32
178,135,32
179,135,32
180,135,32
181,135,32
182,135,32
183,135,32
184,135,32
185,135,32
186,135,32
187,135,32
188,135,32
189,135,32
190,135,32
191,135,32
192,135,32
193,135,32
194,135,32
195,135,32
196,135,32
197,135,32
198,135,32
199,135,32
200,135,32
201,135,32
202,135,32
203,135,32
204,135,32
205,135,32
206,135,32
207,135,32
208,135,32
209,135,32
210,135,32
211,135,32
212,135,32
213,135,32
214,135,32
215,135,32
216,135,32
217,135,32
218,135,32
219,135,32
220,135,32
221,135,32
222,135,32
223,135,32
224,135,32
225,135,32
226,135,32
227,135,32
228,135,32
229,135,32
230,135,32
231,135,32
232,135,32
233,135,32
234,135,32
235,135,32
236,135,32
237,135,32
238,135,32
239,135,32
240,135,32
241,135,32
242,135,32
243,135,32
244,135,32
245,135,32
246,135,32
247,135,32
248,135,32
249,135,32
250,135,32
251,135,32
252,135,32
253,135,32
254,135,32
255,135,32
256,135,32
257,135,32
258,135,32
259,135,32
260,135,32
261,135,32
262,135,32
263,135,32
264,135,32
265,135,32
266,135,32
267,135,32
268,135,32
269,135,32
270,135,32
271,135,32
272,135,32
273,135,32
274,135,32
275,135,32
276,135,32
277,135,32
278,135,32
279,135,32
280,135,32
281,135,32
282,135,32
283,135,32
284,135,32
285,135,32
286,135,32
287,135,32
288,135,32
289,135,32
290,135,32
291,135,32
292,135,32
293,135,32
294,135,32
295,135,32
296,135,32
297,135,32
298,135,32
299,135,32
300,135,32
301,135,32
302,135,32
303,135,32
304,135,32
305,135,32
306,135,32
307,135,32
308,135,32
309,135,32
310,135,32
311,135,32
312,135,32
313,135,32
314,135,32
315,135,32
316,135,32
317,135,32
318,135,32
319,135,32
0,136,32
1,136,32
2,136,32
3,136,32
4,136,32
5,136,32
6,136,32
7,136,32
8,136,32
9,136,32
10,136,32
11,136,32
12,136,32
13,136,32
14,136,32
15,136,32
16,136,32
17,136,32
18,136,32
19,136,32
20,136,32
21,136,32
22,136,32
23,136,32
24,136,32
25,136,32
26,136,32
27,136,32
28,136,32
29,136,32
30,136,32
31,136,32
32,136,32
33,136,32
34,136,32
35,136,32
36,136,32
37,136,32
38,136,32
39,136,32
40,136,32
41,136,32
42,136,32
43,136,32
44,136,32
45,136,32
46,136,32
47,136,32
48,136,32
49,136,32
50,136,32
51,136,32
52,136,32
53,136,32
54,136,32
55,136,32
56,136,32
57,136,32
58,136,32
59,136,32
60,136,32
61,136,32
62,136,32
63,136,32
64,136,32
65,136,32
66,136,32
67,136,32
68,136,32
69,136,32
70,136,32
71,136,32
72,136,32
73,136,32
74,136,32
75,136,32
76,136,32
77,136,32
78,136,32
79,136,32
80,136,32
81,136,32
82,136,32
83,136,32
84,136,32
85,136,32
86,136,32
87,136,32
88,136,32
89,136,32
90,136,32
91,136,32
92,136,32
93,136,32
94,136,32
95,136,32
96,136,32
97,136,32
98,136,32
99,136,32
100,136,32
101,136,32
102,136,32
103,136,32
104,136,32
105,136,32
106,136,32
107,136,32
108,136,32
109,136,32
110,136,32
111,136,32
112,136,32
113,136,32
114,136,32
115,136,32
116,136,32
117,136,32
118,136,32
119,136,32
120,136,32
121,136,32
122,136,32
123,136,32
124,136,32
125,136,32
126,136,32
127,136,32
128,136,32
129,136,32
130,136,32
131,136,32
132,136,32
133,136,32
134,136,32
135,136,32
136,136,32
137,136,32
138,136,32
139,136,32
140,136,32
141,136,32
142,136,32
143,136,32
144,136,32
145,136,32
146,136,32
147,136,32
148,136,32
149,136,32
150,136,32
151,136,32
152,136,32
153,136,32
154,136,32
155,136,32
156,136,32
157,136,32
158,136,32
159,136,32
160,136,32
161,136,32
162,136,32
163,136,32
164,136,32
165,136,32
166,136,32
167,136,32
168,136,32
169,136,32
170,136,32
171,136,32
172,136,32
173,136,32
174,136,32
175,136,32
176,136,32
177,136,32
178,136,32
179,136,32
180,136,32
181,136,32
182,136,32
183,136,32
184,136,32
185,136,32
186,136,32
187,136,32
188,136,32
189,136,32
190,136,32
191,136,32
192,136,32
193,136,32
194,136,32
195,136,32
196,136,32
197,136,32
198,136,32
199,136,32
200,136,32
201,136,32
202,136,32
203,136,32
204,136,32
205,136,32
206,136,32
207,136,32
208,136,32
209,136,32
210,136,32
211,136,32
212,136,32
213,136,32
214,136,32
215,136,32
216,136,32
217,136,32
218,136,32
219,136,32
220,136,32
221,136,32
222,136,32
223,136,32
224,136,32
225,136,32
226,136,32
227,136,32
228,136,32
229,136,32
230,136,32
231,136,32
232,136,32
233,136,32
234,136,32
235,136,32
236,136,32
237,136,32
238,136,32
239,136,32
240,136,32
241,136,32
242,136,32
243,136,32
244,136,32
245,136,32
246,136,32
247,136,32
248,136,32
249,136,32
250,136,32
251,136,32
252,136,32
253,136,32
254,136,32
255,136,32
256,136,32
257,136,32
258,136,32
259,136,32
260,136,32
261,136,32
262,136,32
263,136,32
264,136,32
265,136,32
266,136,32
267,136,32
268,136,32
269,136,32
270,136,32
271,136,32
272,136,32
273,136,32
274,136,32
275,136,32
276,136,32
277,136,32
278,136,32
279,136,32
280,136,32
281,136,32
282,136,32
283,136,32
284,136,32
285,136,32
286,136,32
287,136,32
288,136,32
289,136,32
290,136,32
291,136,32
292,136,32
293,136,32
294,136,32
295,136,32
296,136,32
297,136,32
298,136,32
299,136,32
300,136,32
301,136,32
302,136,32
303,136,32
304,136,32
305,136,32
306,136,32
307,136,32
308,136,32
309,136,32
310,136,32
311,136,32
312,136,32
313,136,32
314,136,32
315,136,32
316,136,32
317,136,32
318,136,32
319,136,32
0,137,32
1,137,32
2,137,32
3,137,32
4,137,32
5,137,32
6,137,32
7,137,32
8,137,32
9,137,32
10,137,32
11,137,32
12,137,32
13,137,32
14,137,32
15,137,32
16,137,32
17,137,32
18,137,32
19,137,32
20,137,32
21,137,32
22,137,32
23,137,32
24,137,32
25,137,32
26,137,32
27,137,32
28,137,32
29,137,32
30,137,32
31,137,32
32,137,32
33,137,32
34,137,32
35,137,32
36,137,32
37,137,32
38,137,32
39,137,32
40,137,32
41,137,32
42,137,32
43,137,32
44,137,32
45,137,32
46,137,32
47,137,32
48,137,32
49,137,32
50,137,32
51,137,32
52,137,32
53,137,32
54,137,32
55,137,32
56,137,32
57,137,32
58,137,32
59,137,32
60,137,32
61,137,32
62,137,32
63,137,32
64,137,32
65,137,32
66,137,32
67,137,32
68,137,32
69,137,32
70,137,32
71,137,32
72,137,32
73,137,32
74,137,32
75,137,32
76,137,32
77,137,32
78,137,32
79,137,32
80,137,32
81,137,32
82,137,32
83,137,32
84,137,32
85,137,32
86,137,32
87,137,32
88,137,32
89,137,32
90,137,32
91,137,32
92,137,32
93,137,32
94,137,32
95,137,32
96,137,32
97,137,32
98,137,32
99,137,32
100,137,32
101,137,32
102,137,32
103,137,32
104,137,32
105,137,32
106,137,32
107,137,32
108,137,32
109,137,32
110,137,32
111,137,32
112,137,32
113,137,32
114,137,32
115,137,32
116,137,32
117,137,32
118,137,32
119,137,32
120,137,32
121,137,32
122,137,32
123,137,32
124,137,32
125,137,32
126,137,32
127,137,32
128,137,32
129,137,32
130,137,32
131,137,32
132,137,32
133,137,32
134,137,32
135,137,32
136,137,32
137,137,32
138,137,32
139,137,32
140,137,32
141,137,32
142,137,32
143,137,32
144,137,32
145,137,32
146,137,32
147,137,32
148,137,32
149,137,32
150,137,32
151,137,32
152,137,32
153,137,32
154,137,32
155,137,32
156,137,32
157,137,32
158,137,32
159,137,32
160,137,32
161,137,32
162,137,32
163,137,32
164,137,32
165,137,32
166,137,32
167,137,32
168,137,32
169,137,32
170,137,32
171,137,32
172,137,32
173,137,32
174,137,32
175,137,32
176,137,32
177,137,32
178,137,32
179,137,32
180,137,32
181,137,32
182,137,32
183,137,32
184,137,32
185,137,32
186,137,32
187,137,32
188,137,32
189,137,32
190,137,32
191,137,32
192,137,32
193,137,32
194,137,32
195,137,32
196,137,32
197,137,32
198,137,32
199,137,32
200,137,32
201,137,32
202,137,32
203,137,32
204,137,32
205,137,32
206,137,32
207,137,32
208,137,32
209,137,32
210,137,32
211,137,32
212,137,32
213,137,32
214,137,32
215,137,32
216,137,32
217,137,32
218,137,32
219,137,32
220,137,32
221,137,32
222,137,32
223,137,32
224,137,32
225,137,32
226,137,32
227,137,32
228,137,32
229,137,32
230,137,32
231,137,32
232,137,32
233,137,32
234,137,32
235,137,32
236,137,32
237,137,32
238,137,32
239,137,32
240,137,32
241,137,32
242,137,32
243,137,32
244,137,32
245,137,32
246,137,32
247,137,32
248,137,32
249,137,32
250,137,32
251,137,32
252,137,32
253,137,32
254,137,32
255,137,32
256,137,32
257,137,32
258,137,32
259,137,32
260,137,32
261,137,32
262,137,32
263,137,32
264,137,32
265,137,32
266,137,32
267,137,32
268,137,32
269,137,32
270,137,32
271,137,32
272,137,32
273,137,32
274,137,32
275,137,32
276,137,32
277,137,32
278,137,32
279,137,32
280,137,32
281,137,32
282,137,32
283,137,32
284,137,32
285,137,32
286,137,32
287,137,32
288,137,32
289,137,32
290,137,32
291,137,32
292,137,32
293,137,32
294,137,32
295,137,32
296,137,32
297,137,32
298,137,32
299,137,32
300,137,32
301,137,32
302,137,32
303,137,32
304,137,32
305,137,32
306,137,32
307,137,32
308,137,32
309,137,32
310,137,32
311,137,32
312,137,32
313,137,32
314,137,32
315,137,32
316,137,32
317,137,32
318,137,32
319,137,32
0,138,32
1,138,32
2,138,32
3,138,32
4,138,32
5,138,32
6,138,32
7,138,32
8,138,32
9,138,32
10,138,32
11,138,32
12,138,32
13,138,32
14,138,32
15,138,32
16,138,32
17,138,32
18,138,32
19,138,32
20,138,32
21,138,32
22,138,32
23,138,32
24,138,32
25,138,32
26,138,32
27,138,32
28,138,32
29,138,32
30,138,32
31,138,32
32,138,32
33,138,32
34,138,32
35,138,32
36,138,32
37,138,32
38,138,32
39,138,32
40,138,32
41,138,32
42,138,32
43,138,32
44,138,32
45,138,32
46,138,32
47,138,32
48,138,32
49,138,32
50,138,32
51,138,32
52,138,32
53,138,32
54,138,32
55,138,32
56,138,32
57,138,32
58,138,32
59,138,32
60,138,32
61,138,32
62,138,32
63,138,32
64,138,32
65,138,32
66,138,32
67,138,32
68,138,32
69,138,32
70,138,32
71,138,32
72,138,32
73,138,32
74,138,32
75,138,32
76,138,32
77,138,32
78,138,32
79,138,32
80,138,32
81,138,32
82,138,32
83,138,32
84,138,32
85,138,32
86,138,32
87,138,32
88,138,32
89,138,32
90,138,32
91,138,32
92,138,32
93,138,32
94,138,32
95,138,32
96,138,32
97,138,32
98,138,32
99,138,32
100,138,32
101,138,32
102,138,32
103,138,32
104,138,32
105,138,32
106,138,32
107,138,32
108,138,32
109,138,32
110,138,32
111,138,32
112,138,32
113,138,32
114,138,32
115,138,32
116,138,32
117,138,32
118,138,32
119,138,32
120,138,32
121,138,32
122,138,32
123,138,32
124,138,32
125,138,32
126,138,32
127,138,32
128,138,32
129,138,32
130,138,32
131,138,32
132,138,32
133,138,32
134,138,32
135,138,32
136,138,32
137,138,32
138,138,32
139,138,32
140,138,32
141,138,32
142,138,32
143,138,32
144,138,32
145,138,32
146,138,32
147,138,32
148,138,32
149,138,32
150,138,32
151,138,32
152,138,32
153,138,32
154,138,32
155,138,32
156,138,32
157,138,32
158,138,32
159,138,32
160,138,32
161,138,32
162,138,32
163,138,32
164,138,32
165,138,32
166,138,32
167,138,32
168,138,32
169,138,32
170,138,32
171,138,32
172,138,32
173,138,32
174,138,32
175,138,32
176,138,32
177,138,32
178,138,32
179,138,32
180,138,32
181,138,32
182,138,32
183,138,32
184,138,32
185,138,32
186,138,32
187,138,32
188,138,32
189,138,32
190,138,32
191,138,32
192,138,32
193,138,32
194,138,32
195,138,32
196,138,32
197,138,32
198,138,32
199,138,32
200,138,32
201,138,32
202,138,32
203,138,32
204,138,32
205,138,32
206,138,32
207,138,32
208,138,32
209,138,32
210,138,32
211,138,32
212,138,32
213,138,32
214,138,32
215,138,32
216,138,32
217,138,32
218,138,32
219,138,32
220,138,32
221,138,32
222,138,32
223,138,32
224,138,32
225,138,32
226,138,32
227,138,32
228,138,32
229,138,32
230,138,32
231,138,32
232,138,32
233,138,32
234,138,32
235,138,32
236,138,32
237,138,32
238,138,32
239,138,32
240,138,32
241,138,32
242,138,32
243,138,32
244,138,32
245,138,32
246,138,32
247,138,32
248,138,32
249,138,32
250,138,32
251,138,32
252,138,32
253,138,32
254,138,32
255,138,32
256,138,32
257,138,32
258,138,32
259,138,32
260,138,32
261,138,32
262,138,32
263,138,32
264,138,32
265,138,32
266,138,32
267,138,32
268,138,32
269,138,32
270,138,32
271,138,32
272,138,32
273,138,32
274,138,32
275,138,32
276,138,32
277,138,32
278,138,32
279,138,32
280,138,32
281,138,32
282,138,32
283,138,32
284,138,32
285,138,32
286,138,32
287,138,32
288,138,32
289,138,32
290,138,32
291,138,32
292,138,32
293,138,32
294,138,32
295,138,32
296,138,32
297,138,32
298,138,32
299,138,32
300,138,32
301,138,32
302,138,32
303,138,32
304,138,32
305,138,32
306,138,32
307,138,32
308,138,32
309,138,32
310,138,32
311,138,32
312,138,32
313,138,32
314,138,32
315,138,32
316,138,32
317,138,32
318,138,32
319,138,32
0,139,32
1,139,32
2,139,32
3,139,32
4,139,32
5,139,32
6,139,32
7,139,32
8,139,32
9,139,32
10,139,32
11,139,32
12,139,32
13,139,32
14,139,32
15,139,32
16,139,32
17,139,32
18,139,32
19,139,32
20,139,32
21,139,32
22,139,32
23,139,32
24,139,32
25,139,32
26,139,32
27,139,32
28,139,32
29,139,32
30,139,32
31,139,32
32,139,32
33,139,32
34,139,32
35,139,32
36,139,32
37,139,32
38,139,32
39,139,32
40,139,32
41,139,32
42,139,32
43,139,32
44,139,32
45,139,32
46,139,32
47,139,32
48,139,32
49,139,32
50,139,32
51,139,32
52,139,32
53,139,32
54,139,32
55,139,32
56,139,32
57,139,32
58,139,32
59,139,32
60,139,32
61,139,32
62,139,32
63,139,32
64,139,32
65,139,32
66,139,32
67,139,32
68,139,32
69,139,32
70,139,32
71,139,32
72,139,32
73,139,32
74,139,32
75,139,32
76,139,32
77,139,32
78,139,32
79,139,32
80,139,32
81,139,32
82,139,32
83,139,32
84,139,32
85,139,32
86,139,32
87,139,32
88,139,32
89,139,32
90,139,32
91,139,32
92,139,32
93,139,32
94,139,32
95,139,32
96,139,32
97,139,32
98,139,32
99,139,32
100,139,32
101,139,32
102,139,32
103,139,32
104,139,32
105,139,32
106,139,32
107,139,32
108,139,32
109,139,32
110,139,32
111,139,32
112,139,32
113,139,32
114,139,32
115,139,32
116,139,32
117,139,32
118,139,32
119,139,32
120,139,32
121,139,32
122,139,32
123,139,32
124,139,32
125,139,32
126,139,32
127,139,32
128,139,32
129,139,32
130,139,32
131,139,32
132,139,32
133,139,32
134,139,32
135,139,32
136,139,32
137,139,32
138,139,32
139,139,32
140,139,32
141,139,32
142,139,32
143,139,32
144,139,32
145,139,32
146,139,32
147,139,32
148,139,32
149,139,32
150,139,32
151,139,32
152,139,32
153,139,32
154,139,32
155,139,32
156,139,32
157,139,32
158,139,32
159,139,32
160,139,32
161,139,32
162,139,32
163,139,32
164,139,32
165,139,32
166,139,32
167,139,32
168,139,32
169,139,32
170,139,32
171,139,32
172,139,32
173,139,32
174,139,32
175,139,32
176,139,32
177,139,32
178,139,32
179,139,32
180,139,32
181,139,32
182,139,32
183,139,32
184,139,32
185,139,32
186,139,32
187,139,32
188,139,32
189,139,32
190,139,32
191,139,32
192,139,32
193,139,32
194,139,32
195,139,32
196,139,32
197,139,32
198,139,32
199,139,32
200,139,32
201,139,32
202,139,32
203,139,32
204,139,32
205,139,32
206,139,32
207,139,32
208,139,32
209,139,32
210,139,32
211,139,32
212,139,32
213,139,32
214,139,32
215,139,32
216,139,32
217,139,32
218,139,32
219,139,32
220,139,32
221,139,32
222,139,32
223,139,32
224,139,32
225,139,32
226,139,32
227,139,32
228,139,32
229,139,32
230,139,32
231,139,32
232,139,32
233,139,32
234,139,32
235,139,32
236,139,32
237,139,32
238,139,32
239,139,32
240,139,32
241,139,32
242,139,32
243,139,32
244,139,32
245,139,32
246,139,32
247,139,32
248,139,32
249,139,32
250,139,32
251,139,32
252,139,32
253,139,32
254,139,32
255,139,32
256,139,32
257,139,32
258,139,32
259,139,32
260,139,32
261,139,32
262,139,32
263,139,32
264,139,32
265,139,32
266,139,32
267,139,32
268,139,32
269,139,32
270,139,32
271,139,32
272,139,32
273,139,32
274,139,32
275,139,32
276,139,32
277,139,32
278,139,32
279,139,32
280,139,32
281,139,32
282,139,32
283,139,32
284,139,32
285,139,32
286,139,32
287,139,32
288,139,32
289,139,32
290,139,32
291,139,32
292,139,32
293,139,32
294,139,32
295,139,32
296,139,32
297,139,32
298,139,32
299,139,32
300,139,32
301,139,32
302,139,32
303,139,32
304,139,32
305,139,32
306,139,32
307,139,32
308,139,32
309,139,32
310,139,32
311,139,32
312,139,32
313,139,32
314,139,32
315,139,32
316,139,32
317,139,32
318,139,32
319,139,32
0,140,32
1,140,32
2,140,32
3,140,32
4,140,32
5,140,32
6,140,32
7,140,32
8,140,32
9,140,32
10,140,32
11,140,32
12,140,32
13,140,32
14,140,32
15,140,32
16,140,32
17,140,32
18,140,32
19,140,32
20,140,32
21,140,32
22,140,32
23,140,32
24,140,32
25,140,32
26,140,32
27,140,32
28,140,32
29,140,32
30,140,32
31,140,32
32,140,32
33,140,32
34,140,32
35,140,32
36,140,32
37,140,32
38,140,32
39,140,32
40,140,32
41,140,32
42,140,32
43,140,32
44,140,32
45,140,32
46,140,32
47,140,32
48,140,32
49,140,32
50,140,32
51,140,32
52,140,32
53,140,32
54,140,32
55,140,32
56,140,32
57,140,32
58,140,32
59,140,32
60,140,32
61,140,32
62,140,32
63,140,32
64,140,32
65,140,32
66,140,32
67,140,32
68,140,32
69,140,32
70,140,32
71,140,32
72,140,32
73,140,32
74,140,32
75,140,32
76,140,32
77,140,32
78,140,32
79,140,32
80,140,32
81,140,32
82,140,32
83,140,32
84,140,32
85,140,32
86,140,32
87,140,32
88,140,32
89,140,32
90,140,32
91,140,32
92,140,32
93,140,32
94,140,32
95,140,32
96,140,32
97,140,32
98,140,32
99,140,32
100,140,32
101,140,32
102,140,32
103,140,32
104,140,32
105,140,32
106,140,32
107,140,32
108,140,32
109,140,32
110,140,32
111,140,32
112,140,32
113,140,32
114,140,32
115,140,32
116,140,32
117,140,32
118,140,32
119,140,32
120,140,32
121,140,32
122,140,32
123,140,32
124,140,32
125,140,32
126,140,32
127,140,32
128,140,32
129,140,32
130,140,32
131,140,32
132,140,32
133,140,32
134,140,32
135,140,32
136,140,32
137,140,32
138,140,32
139,140,32
140,140,32
141,140,32
142,140,32
143,140,32
144,140,32
145,140,32
146,140,32
147,140,32
148,140,32
149,140,32
150,140,32
151,140,32
152,140,32
153,140,32
154,140,32
155,140,32
156,140,32
157,140,32
158,140,32
159,140,32
160,140,32
161,140,32
162,140,32
163,140,32
164,140,32
165,140,32
166,140,32
167,140,32
168,140,32
169,140,32
170,140,32
171,140,32
172,140,32
173,140,32
174,140,32
175,140,32
176,140,32
177,140,32
178,140,32
179,140,32
180,140,32
181,140,32
182,140,32
183,140,32
184,140,32
185,140,32
186,140,32
187,140,32
188,140,32
189,140,32
190,140,32
191,140,32
192,140,32
193,140,32
194,140,32
195,140,32
196,140,32
197,140,32
198,140,32
199,140,32
200,140,32
201,140,32
202,140,32
203,140,32
204,140,32
205,140,32
206,140,32
207,140,32
208,140,32
209,140,32
210,140,32
211,140,32
212,140,32
213,140,32
214,140,32
215,140,32
216,140,32
217,140,32
218,140,32
219,140,32
220,140,32
221,140,32
222,140,32
223,140,32
224,140,32
225,140,32
226,140,32
227,140,32
228,140,32
229,140,32
230,140,32
231,140,32
232,140,32
233,140,32
234,140,32
235,140,32
236,140,32
237,140,32
238,140,32
239,140,32
240,140,32
241,140,32
242,140,32
243,140,32
244,140,32
245,140,32
246,140,32
247,140,32
248,140,32
249,140,32
250,140,32
251,140,32
252,140,32
253,140,32
254,140,32
255,140,32
256,140,32
257,140,32
258,140,32
259,140,32
260,140,32
261,140,32
262,140,32
263,140,32
264,140,32
265,140,32
266,140,32
267,140,32
268,140,32
269,140,32
270,140,32
271,140,32
272,140,32
273,140,32
274,140,32
275,140,32
276,140,32
277,140,32
278,140,32
279,140,32
280,140,32
281,140,32
282,140,32
283,140,32
284,140,32
285,140,32
286,140,32
287,140,32
288,140,32
289,140,32
290,140,32
291,140,32
292,140,32
293,140,32
294,140,32
295,140,32
296,140,32
297,140,32
298,140,32
299,140,32
300,140,32
301,140,32
302,140,32
303,140,32
304,140,32
305,140,32
306,140,32
307,140,32
308,140,32
309,140,32
310,140,32
311,140,32
312,140,32
313,140,32
314,140,32
315,140,32
316,140,32
317,140,32
318,140,32
319,140,32
0,141,32
1,141,32
2,141,32
3,141,32
4,141,32
5,141,32
6,141,32
7,141,32
8,141,32
9,141,32
10,141,32
11,141,32
12,141,32
13,141,32
14,141,32
15,141,32
16,141,32
17,141,32
18,141,32
19,141,32
20,141,32
21,141,32
22,141,32
23,141,32
24,141,32
25,141,32
26,141,32
27,141,32
28,141,32
29,141,32
30,141,32
31,141,32
32,141,32
33,141,32
34,141,32
35,141,32
36,141,32
37,141,32
38,141,32
39,141,32
40,141,32
41,141,32
42,141,32
43,141,32
44,141,32
45,141,32
46,141,32
47,141,32
48,141,32
49,141,32
50,141,32
51,141,32
52,141,32
53,141,32
54,141,32
55,141,32
56,141,32
57,141,32
58,141,32
59,141,32
60,141,32
61,141,32
62,141,32
63,141,32
64,141,32
65,141,32
66,141,32
67,141,32
68,141,32
69,141,32
70,141,32
71,141,32
72,141,32
73,141,32
74,141,32
75,141,32
76,141,32
77,141,32
78,141,32
79,141,32
80,141,32
81,141,32
82,141,32
83,141,32
84,141,32
85,141,32
86,141,32
87,141,32
88,141,32
89,141,32
90,141,32
91,141,32
92,141,32
93,141,32
94,141,32
95,141,32
96,141,32
97,141,32
98,141,32
99,141,32
100,141,32
101,141,32
102,141,32
103,141,32
104,141,32
105,141,32
106,141,32
107,141,32
108,141,32
109,141,32
110,141,32
111,141,32
112,141,32
113,141,32
114,141,32
115,141,32
116,141,32
117,141,32
118,141,32
119,141,32
120,141,32
121,141,32
122,141,32
123,141,32
124,141,32
125,141,32
126,141,32
127,141,32
128,141,32
129,141,32
130,141,32
131,141,32
132,141,32
133,141,32
134,141,32
135,141,32
136,141,32
137,141,32
138,141,32
139,141,32
140,141,32
141,141,32
142,141,32
143,141,32
144,141,32
145,141,32
146,141,32
147,141,32
148,141,32
149,141,32
150,141,32
151,141,32
152,141,32
153,141,32
154,141,32
155,141,32
156,141,32
157,141,32
158,141,32
159,141,32
160,141,32
161,141,32
162,141,32
163,141,32
164,141,32
165,141,32
166,141,32
167,141,32
168,141,32
169,141,32
170,141,32
171,141,32
172,141,32
173,141,32
174,141,32
175,141,32
176,141,32
177,141,32
178,141,32
179,141,32
180,141,32
181,141,32
182,141,32
183,141,32
184,141,32
185,141,32
186,141,32
187,141,32
188,141,32
189,141,32
190,141,32
191,141,32
192,141,32
193,141,32
194,141,32
195,141,32
196,141,32
197,141,32
198,141,32
199,141,32
200,141,32
201,141,32
202,141,32
203,141,32
204,141,32
205,141,32
206,141,32
207,141,32
208,141,32
209,141,32
210,141,32
211,141,32
212,141,32
213,141,32
214,141,32
215,141,32
216,141,32
217,141,32
218,141,32
219,141,32
220,141,32
221,141,32
222,141,32
223,141,32
224,141,32
225,141,32
226,141,32
227,141,32
228,141,32
229,141,32
230,141,32
231,141,32
232,141,32
233,141,32
234,141,32
235,141,32
236,141,32
237,141,32
238,141,32
239,141,32
240,141,32
241,141,32
242,141,32
243,141,32
244,141,32
245,141,32
246,141,32
247,141,32
248,141,32
249,141,32
250,141,32
251,141,32
252,141,32
253,141,32
254,141,32
255,141,32
256,141,32
257,141,32
258,141,32
259,141,32
260,141,32
261,141,32
262,141,32
263,141,32
264,141,32
265,141,32
266,141,32
267,141,32
268,141,32
269,141,32
270,141,32
271,141,32
272,141,32
273,141,32
274,141,32
275,141,32
276,141,32
277,141,32
278,141,32
279,141,32
280,141,32
281,141,32
282,141,32
283,141,32
284,141,32
285,141,32
286,141,32
287,141,32
288,141,32
289,141,32
290,141,32
291,141,32
292,141,32
293,141,32
294,141,32
295,141,32
296,141,32
297,141,32
298,141,32
299,141,32
300,141,32
301,141,32
302,141,32
303,141,32
304,141,32
305,141,32
306,141,32
307,141,32
308,141,32
309,141,32
310,141,32
311,141,32
312,141,32
313,141,32
314,141,32
315,141,32
316,141,32
317,141,32
318,141,32
319,141,32
0,142,32
1,142,32
2,142,32
3,142,32
4,142,32
5,142,32
6,142,32
7,142,32
8,142,32
9,142,32
10,142,32
11,142,32
12,142,32
13,142,32
14,142,32
15,142,32
16,142,32
17,142,32
18,142,32
19,142,32
20,142,32
21,142,32
22,142,32
23,142,32
24,142,32
25,142,32
26,142,32
27,142,32
28,142,32
29,142,32
30,142,32
31,142,32
32,142,32
33,142,32
34,142,32
35,142,32
36,142,32
37,142,32
38,142,32
39,142,32
40,142,32
41,142,32
42,142,32
43,142,32
44,142,32
45,142,32
46,142,32
47,142,32
48,142,32
49,142,32
50,142,32
51,142,32
52,142,32
53,142,32
54,142,32
55,142,32
56,142,32
57,142,32
58,142,32
59,142,32
60,142,32
61,142,32
62,142,32
63,142,32
64,142,32
65,142,32
66,142,32
67,142,32
68,142,32
69,142,32
70,142,32
71,142,32
72,142,32
73,142,32
74,142,32
75,142,32
76,142,32
77,142,32
78,142,32
79,142,32
80,142,32
81,142,32
82,142,32
83,142,32
84,142,32
85,142,32
86,142,32
87,142,32
88,142,32
89,142,32
90,142,32
91,142,32
92,142,32
93,142,32
94,142,32
95,142,32
96,142,32
97,142,32
98,142,32
99,142,32
100,142,32
101,142,32
102,142,32
103,142,32
104,142,32
105,142,32
106,142,32
107,142,32
108,142,32
109,142,32
110,142,32
111,142,32
112,142,32
113,142,32
114,142,32
115,142,32
116,142,32
117,142,32
118,142,32
119,142,32
120,142,32
121,142,32
122,142,32
123,142,32
124,142,32
125,142,32
126,142,32
127,142,32
128,142,32
129,142,32
130,142,32
131,142,32
132,142,32
133,142,32
134,142,32
135,142,32
136,142,32
137,142,32
138,142,32
139,142,32
140,142,32
141,142,32
142,142,32
143,142,32
144,142,32
145,142,32
146,142,32
147,142,32
148,142,32
149,142,32
150,142,32
151,142,32
152,142,32
153,142,32
154,142,32
155,142,32
156,142,32
157,142,32
158,142,32
159,142,32
160,142,32
161,142,32
162,142,32
163,142,32
164,142,32
165,142,32
166,142,32
167,142,32
168,142,32
169,142,32
170,142,32
171,142,32
172,142,32
173,142,32
174,142,32
175,142,32
176,142,32
177,142,32
178,142,32
179,142,32
180,142,32
181,142,32
182,142,32
183,142,32
184,142,32
185,142,32
186,142,32
187,142,32
188,142,32
189,142,32
190,142,32
191,142,32
192,142,32
193,142,32
194,142,32
195,142,32
196,142,32
197,142,32
198,142,32
199,142,32
200,142,32
201,142,32
202,142,32
203,142,32
204,142,32
205,142,32
206,142,32
207,142,32
208,142,32
209,142,32
210,142,32
211,142,32
212,142,32
213,142,32
214,142,32
215,142,32
216,142,32
217,142,32
218,142,32
219,142,32
220,142,32
221,142,32
222,142,32
223,142,32
224,142,32
225,142,32
226,142,32
227,142,32
228,142,32
229,142,32
230,142,32
231,142,32
232,142,32
233,142,32
234,142,32
235,142,32
236,142,32
237,142,32
238,142,32
239,142,32
240,142,32
241,142,32
242,142,32
243,142,32
244,142,32
245,142,32
246,142,32
247,142,32
248,142,32
249,142,32
250,142,32
251,142,32
252,142,32
253,142,32
254,142,32
255,142,32
256,142,32
257,142,32
258,142,32
259,142,32
260,142,32
261,142,32
262,142,32
263,142,32
264,142,32
265,142,32
266,142,32
267,142,32
268,142,32
269,142,32
270,142,32
271,142,32
272,142,32
273,142,32
274,142,32
275,142,32
276,142,32
277,142,32
278,142,32
279,142,32
280,142,32
281,142,32
282,142,32
283,142,32
284,142,32
285,142,32
286,142,32
287,142,32
288,142,32
289,142,32
290,142,32
291,142,32
292,142,32
293,142,32
294,142,32
295,142,32
296,142,32
297,142,32
298,142,32
299,142,32
300,142,32
301,142,32
302,142,32
303,142,32
304,142,32
305,142,32
306,142,32
307,142,32
308,142,32
309,142,32
310,142,32
311,142,32
312,142,32
313,142,32
314,142,32
315,142,32
316,142,32
317,142,32
318,142,32
319,142,32
0,143,32
1,143,32
2,143,32
3,143,32
4,143,32
5,143,32
6,143,32
7,143,32
8,143,32
9,143,32
10,143,32
11,143,32
12,143,32
13,143,32
14,143,32
15,143,32
16,143,32
17,143,32
18,143,32
19,143,32
20,143,32
21,143,32
22,143,32
23,143,32
24,143,32
25,143,32
26,143,32
27,143,32
28,143,32
29,143,32
30,143,32
31,143,32
32,143,32
33,143,32
34,143,32
35,143,32
36,143,32
37,143,32
38,143,32
39,143,32
40,143,32
41,143,32
42,143,32
43,143,32
44,143,32
45,143,32
46,143,32
47,143,32
48,143,32
49,143,32
50,143,32
51,143,32
52,143,32
53,143,32
54,143,32
55,143,32
56,143,32
57,143,32
58,143,32
59,143,32
60,143,32
61,143,32
62,143,32
63,143,32
64,143,32
65,143,32
66,143,32
67,143,32
68,143,32
69,143,32
70,143,32
71,143,32
72,143,32
73,143,32
74,143,32
75,143,32
76,143,32
77,143,32
78,143,32
79,143,32
80,143,32
81,143,32
82,143,32
83,143,32
84,143,32
85,143,32
86,143,32
87,143,32
88,143,32
89,143,32
90,143,32
91,143,32
92,143,32
93,143,32
94,143,32
95,143,32
96,143,32
97,143,32
98,143,32
99,143,32
100,143,32
101,143,32
102,143,32
103,143,32
104,143,32
105,143,32
106,143,32
107,143,32
108,143,32
109,143,32
110,143,32
111,143,32
112,143,32
113,143,32
114,143,32
115,143,32
116,143,32
117,143,32
118,143,32
119,143,32
120,143,32
121,143,32
122,143,32
123,143,32
124,143,32
125,143,32
126,143,32
127,143,32
128,143,32
129,143,32
130,143,32
131,143,32
132,143,32
133,143,32
134,143,32
135,143,32
136,143,32
137,143,32
138,143,32
139,143,32
140,143,32
141,143,32
142,143,32
143,143,32
144,143,32
145,143,32
146,143,32
147,143,32
148,143,32
149,143,32
150,143,32
151,143,32
152,143,32
153,143,32
154,143,32
155,143,32
156,143,32
157,143,32
158,143,32
159,143,32
160,143,32
161,143,32
162,143,32
163,143,32
164,143,32
165,143,32
166,143,32
167,143,32
168,143,32
169,143,32
170,143,32
171,143,32
172,143,32
173,143,32
174,143,32
175,143,32
176,143,32
177,143,32
178,143,32
179,143,32
180,143,32
181,143,32
182,143,32
183,143,32
184,143,32
185,143,32
186,143,32
187,143,32
188,143,32
189,143,32
190,143,32
191,143,32
192,143,32
193,143,32
194,143,32
195,143,32
196,143,32
197,143,32
198,143,32
199,143,32
200,143,32
201,143,32
202,143,32
203,143,32
204,143,32
205,143,32
206,143,32
207,143,32
208,143,32
209,143,32
210,143,32
211,143,32
212,143,32
213,143,32
214,143,32
215,143,32
216,143,32
217,143,32
218,143,32
219,143,32
220,143,32
221,143,32
222,143,32
223,143,32
224,143,32
225,143,32
226,143,32
227,143,32
228,143,32
229,143,32
230,143,32
231,143,32
232,143,32
233,143,32
234,143,32
235,143,32
236,143,32
237,143,32
238,143,32
239,143,32
240,143,32
241,143,32
242,143,32
243,143,32
244,143,32
245,143,32
246,143,32
247,143,32
248,143,32
249,143,32
250,143,32
251,143,32
252,143,32
253,143,32
254,143,32
255,143,32
256,143,32
257,143,32
258,143,32
259,143,32
260,143,32
261,143,32
262,143,32
263,143,32
264,143,32
265,143,32
266,143,32
267,143,32
268,143,32
269,143,32
270,143,32
271,143,32
272,143,32
273,143,32
274,143,32
275,143,32
276,143,32
277,143,32
278,143,32
279,143,32
280,143,32
281,143,32
282,143,32
283,143,32
284,143,32
285,143,32
286,143,32
287,143,32
288,143,32
289,143,32
290,143,32
291,143,32
292,143,32
293,143,32
294,143,32
295,143,32
296,143,32
297,143,32
298,143,32
299,143,32
300,143,32
301,143,32
302,143,32
303,143,32
304,143,32
305,143,32
306,143,32
307,143,32
308,143,32
309,143,32
310,143,32
311,143,32
312,143,32
313,143,32
314,143,32
315,143,32
316,143,32
317,143,32
318,143,32
319,143,32
0,144,32
1,144,32
2,144,32
3,144,32
4,144,32
5,144,32
6,144,32
7,144,32
8,144,32
9,144,32
10,144,32
11,144,32
12,144,32
13,144,32
14,144,32
15,144,32
16,144,32
17,144,32
18,144,32
19,144,32
20,144,32
21,144,32
22,144,32
23,144,32
24,144,32
25,144,32
26,144,32
27,144,32
28,144,32
29,144,32
30,144,32
31,144,32
32,144,32
33,144,32
34,144,32
35,144,32
36,144,32
37,144,32
38,144,32
39,144,32
40,144,32
41,144,32
42,144,32
43,144,32
44,144,32
45,144,32
46,144,32
47,144,32
48,144,32
49,144,32
50,144,32
51,144,32
52,144,32
53,144,32
54,144,32
55,144,32
56,144,32
57,144,32
58,144,32
59,144,32
60,144,32
61,144,32
62,144,32
63,144,32
64,144,32
65,144,32
66,144,32
67,144,32
68,144,32
69,144,32
70,144,32
71,144,32
72,144,32
73,144,32
74,144,32
75,144,32
76,144,32
77,144,32
78,144,32
79,144,32
80,144,32
81,144,32
82,144,32
83,144,32
84,144,32
85,144,32
86,144,32
87,144,32
88,144,32
89,144,32
90,144,32
91,144,32
92,144,32
93,144,32
94,144,32
95,144,32
96,144,32
97,144,32
98,144,32
99,144,32
100,144,32
101,144,32
102,144,32
103,144,32
104,144,32
105,144,32
106,144,32
107,144,32
108,144,32
109,144,32
110,144,32
111,144,32
112,144,32
113,144,32
114,144,32
115,144,32
116,144,32
117,144,32
118,144,32
119,144,32
120,144,32
121,144,32
122,144,32
123,144,32
124,144,32
125,144,32
126,144,32
127,144,32
128,144,32
129,144,32
130,144,32
131,144,32
132,144,32
133,144,32
134,144,32
135,144,32
136,144,32
137,144,32
138,144,32
139,144,32
140,144,32
141,144,32
142,144,32
143,144,32
144,144,32
145,144,32
146,144,32
147,144,32
148,144,32
149,144,32
150,144,32
151,144,32
152,144,32
153,144,32
154,144,32
155,144,32
156,144,32
157,144,32
158,144,32
159,144,32
160,144,32
161,144,32
162,144,32
163,144,32
164,144,32
165,144,32
166,144,32
167,144,32
168,144,32
169,144,32
170,144,32
171,144,32
172,144,32
173,144,32
174,144,32
175,144,32
176,144,32
177,144,32
178,144,32
179,144,32
180,144,32
181,144,32
182,144,32
183,144,32
184,144,32
185,144,32
186,144,32
187,144,32
188,144,32
189,144,32
190,144,32
191,144,32
192,144,32
193,144,32
194,144,32
195,144,32
196,144,32
197,144,32
198,144,32
199,144,32
200,144,32
201,144,32
202,144,32
203,144,32
204,144,32
205,144,32
206,144,32
207,144,32
208,144,32
209,144,32
210,144,32
211,144,32
212,144,32
213,144,32
214,144,32
215,144,32
216,144,32
217,144,32
218,144,32
219,144,32
220,144,32
221,144,32
222,144,32
223,144,32
224,144,32
225,144,32
226,144,32
227,144,32
228,144,32
229,144,32
230,144,32
231,144,32
232,144,32
233,144,32
234,144,32
235,144,32
236,144,32
237,144,32
238,144,32
239,144,32
240,144,32
241,144,32
242,144,32
243,144,32
244,144,32
245,144,32
246,144,32
247,144,32
248,144,32
249,144,32
250,144,32
251,144,32
252,144,32
253,144,32
254,144,32
255,144,32
256,144,32
257,144,32
258,144,32
259,144,32
260,144,32
261,144,32
262,144,32
263,144,32
264,144,32
265,144,32
266,144,32
267,144,32
268,144,32
269,144,32
270,144,32
271,144,32
272,144,32
273,144,32
274,144,32
275,144,32
276,144,32
277,144,32
278,144,32
279,144,32
280,144,32
281,144,32
282,144,32
283,144,32
284,144,32
285,144,32
286,144,32
287,144,32
288,144,32
289,144,32
290,144,32
291,144,32
292,144,32
293,144,32
294,144,32
295,144,32
296,144,32
297,144,32
298,144,32
299,144,32
300,144,32
301,144,32
302,144,32
303,144,32
304,144,32
305,144,32
306,144,32
307,144,32
308,144,32
309,144,32
310,144,32
311,144,32
312,144,32
313,144,32
314,144,32
315,144,32
316,144,32
317,144,32
318,144,32
319,144,32
0,145,32
1,145,32
2,145,32
3,145,32
4,145,32
5,145,32
6,145,32
7,145,32
8,145,32
9,145,32
10,145,32
11,145,32
12,145,32
13,145,32
14,145,32
15,145,32
16,145,32
17,145,32
18,145,32
19,145,32
20,145,32
21,145,32
22,145,32
23,145,32
24,145,32
25,145,32
26,145,32
27,145,32
28,145,32
29,145,32
30,145,32
31,145,32
32,145,32
33,145,32
34,145,32
35,145,32
36,145,32
37,145,32
38,145,32
39,145,32
40,145,32
41,145,32
42,145,32
43,145,32
44,145,32
45,145,32
46,145,32
47,145,32
48,145,32
49,145,32
50,145,32
51,145,32
52,145,32
53,145,32
54,145,32
55,145,32
56,145,32
57,145,32
58,145,32
59,145,32
60,145,32
61,145,32
62,145,32
63,145,32
64,145,32
65,145,32
66,145,32
67,145,32
68,145,32
69,145,32
70,145,32
71,145,32
72,145,32
73,145,32
74,145,32
75,145,32
76,145,32
77,145,32
78,145,32
79,145,32
80,145,32
81,145,32
82,145,32
83,145,32
84,145,32
85,145,32
86,145,32
87,145,32
88,145,32
89,145,32
90,145,32
91,145,32
92,145,32
93,145,32
94,145,32
95,145,32
96,145,32
97,145,32
98,145,32
99,145,32
100,145,32
101,145,32
102,145,32
103,145,32
104,145,32
105,145,32
106,145,32
107,145,32
108,145,32
109,145,32
110,145,32
111,145,32
112,145,32
113,145,32
114,145,32
115,145,32
116,145,32
117,145,32
118,145,32
119,145,32
120,145,32
121,145,32
122,145,32
123,145,32
124,145,32
125,145,32
126,145,32
127,145,32
128,145,32
129,145,32
130,145,32
131,145,32
132,145,32
133,145,32
134,145,32
135,145,32
136,145,32
137,145,32
138,145,32
139,145,32
140,145,32
141,145,32
142,145,32
143,145,32
144,145,32
145,145,32
146,145,32
147,145,32
148,145,32
149,145,32
150,145,32
151,145,32
152,145,32
153,145,32
154,145,32
155,145,32
156,145,32
157,145,32
158,145,32
159,145,32
160,145,32
161,145,32
162,145,32
163,145,32
164,145,32
165,145,32
166,145,32
167,145,32
168,145,32
169,145,32
170,145,32
171,145,32
172,145,32
173,145,32
174,145,32
175,145,32
176,145,32
177,145,32
178,145,32
179,145,32
180,145,32
181,145,32
182,145,32
183,145,32
184,145,32
185,145,32
186,145,32
187,145,32
188,145,32
189,145,32
190,145,32
191,145,32
192,145,32
193,145,32
194,145,32
195,145,32
196,145,32
197,145,32
198,145,32
199,145,32
200,145,32
201,145,32
202,145,32
203,145,32
204,145,32
205,145,32
206,145,32
207,145,32
208,145,32
209,145,32
210,145,32
211,145,32
212,145,32
213,145,32
214,145,32
215,145,32
216,145,32
217,145,32
218,145,32
219,145,32
220,145,32
221,145,32
222,145,32
223,145,32
224,145,32
225,145,32
226,145,32
227,145,32
228,145,32
229,145,32
230,145,32
231,145,32
232,145,32
233,145,32
234,145,32
235,145,32
236,145,32
237,145,32
238,145,32
239,145,32
240,145,32
241,145,32
242,145,32
243,145,32
244,145,32
245,145,32
246,145,32
247,145,32
248,145,32
249,145,32
250,145,32
251,145,32
252,145,32
253,145,32
254,145,32
255,145,32
256,145,32
257,145,32
258,145,32
259,145,32
260,145,32
261,145,32
262,145,32
263,145,32
264,145,32
265,145,32
266,145,32
267,145,32
268,145,32
269,145,32
270,145,32
271,145,32
272,145,32
273,145,32
274,145,32
275,145,32
276,145,32
277,145,32
278,145,32
279,145,32
280,145,32
281,145,32
282,145,32
283,145,32
284,145,32
285,145,32
286,145,32
287,145,32
288,145,32
289,145,32
290,145,32
291,145,32
292,145,32
293,145,32
294,145,32
295,145,32
296,145,32
297,145,32
298,145,32
299,145,32
300,145,32
301,145,32
302,145,32
303,145,32
304,145,32
305,145,32
306,145,32
307,145,32
308,145,32
309,145,32
310,145,32
311,145,32
312,145,32
313,145,32
314,145,32
315,145,32
316,145,32
317,145,32
318,145,32
319,145,32
0,146,32
1,146,32
2,146,32
3,146,32
4,146,32
5,146,32
6,146,32
7,146,32
8,146,32
9,146,32
10,146,32
11,146,32
12,146,32
13,146,32
14,146,32
15,146,32
16,146,32
17,146,32
18,146,32
19,146,32
20,146,32
21,146,32
22,146,32
23,146,32
24,146,32
25,146,32
26,146,32
27,146,32
28,146,32
29,146,32
30,146,32
31,146,32
32,146,32
33,146,32
34,146,32
35,146,32
36,146,32
37,146,32
38,146,32
39,146,32
40,146,32
41,146,32
42,146,32
43,146,32
44,146,32
45,146,32
46,146,32
47,146,32
48,146,32
49,146,32
50,146,32
51,146,32
52,146,32
53,146,32
54,146,32
55,146,32
56,146,32
57,146,32
58,146,32
59,146,32
60,146,32
61,146,32
62,146,32
63,146,32
64,146,32
65,146,32
66,146,32
67,146,32
68,146,32
69,146,32
70,146,32
71,146,32
72,146,32
73,146,32
74,146,32
75,146,32
76,146,32
77,146,32
78,146,32
79,146,32
80,146,32
81,146,32
82,146,32
83,146,32
84,146,32
85,146,32
86,146,32
87,146,32
88,146,32
89,146,32
90,146,32
91,146,32
92,146,32
93,146,32
94,146,32
95,146,32
96,146,32
97,146,32
98,146,32
99,146,32
100,146,32
101,146,32
102,146,32
103,146,32
104,146,32
105,146,32
106,146,32
107,146,32
108,146,32
109,146,32
110,146,32
111,146,32
112,146,32
113,146,32
114,146,32
115,146,32
116,146,32
117,146,32
118,146,32
119,146,32
120,146,32
121,146,32
122,146,32
123,146,32
124,146,32
125,146,32
126,146,32
127,146,32
128,146,32
129,146,32
130,146,32
131,146,32
132,146,32
133,146,32
134,146,32
135,146,32
136,146,32
137,146,32
138,146,32
139,146,32
140,146,32
141,146,32
142,146,32
143,146,32
144,146,32
145,146,32
146,146,32
147,146,32
148,146,32
149,146,32
150,146,32
151,146,32
152,146,32
153,146,32
154,146,32
155,146,32
156,146,32
157,146,32
158,146,32
159,146,32
160,146,32
161,146,32
162,146,32
163,146,32
164,146,32
165,146,32
166,146,32
167,146,32
168,146,32
169,146,32
170,146,32
171,146,32
172,146,32
173,146,32
174,146,32
175,146,32
176,146,32
177,146,32
178,146,32
179,146,32
180,146,32
181,146,32
182,146,32
183,146,32
184,146,32
185,146,32
186,146,32
187,146,32
188,146,32
189,146,32
190,146,32
191,146,32
192,146,32
193,146,32
194,146,32
195,146,32
196,146,32
197,146,32
198,146,32
199,146,32
200,146,32
201,146,32
202,146,32
203,146,32
204,146,32
205,146,32
206,146,32
207,146,32
208,146,32
209,146,32
210,146,32
211,146,32
212,146,32
213,146,32
214,146,32
215,146,32
216,146,32
217,146,32
218,146,32
219,146,32
220,146,32
221,146,32
222,146,32
223,146,32
224,146,32
225,146,32
226,146,32
227,146,32
228,146,32
229,146,32
230,146,32
231,146,32
232,146,32
233,146,32
234,146,32
235,146,32
236,146,32
237,146,32
238,146,32
239,146,32
240,146,32
241,146,32
242,146,32
243,146,32
244,146,32
245,146,32
246,146,32
247,146,32
248,146,32
249,146,32
250,146,32
251,146,32
252,146,32
253,146,32
254,146,32
255,146,32
256,146,32
257,146,32
258,146,32
259,146,32
260,146,32
261,146,32
262,146,32
263,146,32
264,146,32
265,146,32
266,146,32
267,146,32
268,146,32
269,146,32
270,146,32
271,146,32
272,146,32
273,146,32
274,146,32
275,146,32
276,146,32
277,146,32
278,146,32
279,146,32
280,146,32
281,146,32
282,146,32
283,146,32
284,146,32
285,146,32
286,146,32
287,146,32
288,146,32
289,146,32
290,146,32
291,146,32
292,146,32
293,146,32
294,146,32
295,146,32
296,146,32
297,146,32
298,146,32
299,146,32
300,146,32
301,146,32
302,146,32
303,146,32
304,146,32
305,146,32
306,146,32
307,146,32
308,146,32
309,146,32
310,146,32
311,146,32
312,146,32
313,146,32
314,146,32
315,146,32
316,146,32
317,146,32
318,146,32
319,146,32
0,147,32
1,147,32
2,147,32
3,147,32
4,147,32
5,147,32
6,147,32
7,147,32
8,147,32
9,147,32
10,147,32
11,147,32
12,147,32
13,147,32
14,147,32
15,147,32
16,147,32
17,147,32
18,147,32
19,147,32
20,147,32
21,147,32
22,147,32
23,147,32
24,147,32
25,147,32
26,147,32
27,147,32
28,147,32
29,147,32
30,147,32
31,147,32
32,147,32
33,147,32
34,147,32
35,147,32
36,147,32
37,147,32
38,147,32
39,147,32
40,147,32
41,147,32
42,147,32
43,147,32
44,147,32
45,147,32
46,147,32
47,147,32
48,147,32
49,147,32
50,147,32
51,147,32
52,147,32
53,147,32
54,147,32
55,147,32
56,147,32
57,147,32
58,147,32
59,147,32
60,147,32
61,147,32
62,147,32
63,147,32
64,147,32
65,147,32
66,147,32
67,147,32
68,147,32
69,147,32
70,147,32
71,147,32
72,147,32
73,147,32
74,147,32
75,147,32
76,147,32
77,147,32
78,147,32
79,147,32
80,147,32
81,147,32
82,147,32
83,147,32
84,147,32
85,147,32
86,147,32
87,147,32
88,147,32
89,147,32
90,147,32
91,147,32
92,147,32
93,147,32
94,147,32
95,147,32
96,147,32
97,147,32
98,147,32
99,147,32
100,147,32
101,147,32
102,147,32
103,147,32
104,147,32
105,147,32
106,147,32
107,147,32
108,147,32
109,147,32
110,147,32
111,147,32
112,147,32
113,147,32
114,147,32
115,147,32
116,147,32
117,147,32
118,147,32
119,147,32
120,147,32
121,147,32
122,147,32
123,147,32
124,147,32
125,147,32
126,147,32
127,147,32
128,147,32
129,147,32
130,147,32
131,147,32
132,147,32
133,147,32
134,147,32
135,147,32
136,147,32
137,147,32
138,147,32
139,147,32
140,147,32
141,147,32
142,147,32
143,147,32
144,147,32
145,147,32
146,147,32
147,147,32
148,147,32
149,147,32
150,147,32
151,147,32
152,147,32
153,147,32
154,147,32
155,147,32
156,147,32
157,147,32
158,147,32
159,147,32
160,147,32
161,147,32
162,147,32
163,147,32
164,147,32
165,147,32
166,147,32
167,147,32
168,147,32
169,147,32
170,147,32
171,147,32
172,147,32
173,147,32
174,147,32
175,147,32
176,147,32
177,147,32
178,147,32
179,147,32
180,147,32
181,147,32
182,147,32
183,147,32
184,147,32
185,147,32
186,147,32
187,147,32
188,147,32
189,147,32
190,147,32
191,147,32
192,147,32
193,147,32
194,147,32
195,147,32
196,147,32
197,147,32
198,147,32
199,147,32
200,147,32
201,147,32
202,147,32
203,147,32
204,147,32
205,147,32
206,147,32
207,147,32
208,147,32
209,147,32
210,147,32
211,147,32
212,147,32
213,147,32
214,147,32
215,147,32
216,147,32
217,147,32
218,147,32
219,147,32
220,147,32
221,147,32
222,147,32
223,147,32
224,147,32
225,147,32
226,147,32
227,147,32
228,147,32
229,147,32
230,147,32
231,147,32
232,147,32
233,147,32
234,147,32
235,147,32
236,147,32
237,147,32
238,147,32
239,147,32
240,147,32
241,147,32
242,147,32
243,147,32
244,147,32
245,147,32
246,147,32
247,147,32
248,147,32
249,147,32
250,147,32
251,147,32
252,147,32
253,147,32
254,147,32
255,147,32
256,147,32
257,147,32
258,147,32
259,147,32
260,147,32
261,147,32
262,147,32
263,147,32
264,147,32
265,147,32
266,147,32
267,147,32
268,147,32
269,147,32
270,147,32
271,147,32
272,147,32
273,147,32
274,147,32
275,147,32
276,147,32
277,147,32
278,147,32
279,147,32
280,147,32
281,147,32
282,147,32
283,147,32
284,147,32
285,147,32
286,147,32
287,147,32
288,147,32
289,147,32
290,147,32
291,147,32
292,147,32
293,147,32
294,147,32
295,147,32
296,147,32
297,147,32
298,147,32
299,147,32
300,147,32
301,147,32
302,147,32
303,147,32
304,147,32
305,147,32
306,147,32
307,147,32
308,147,32
309,147,32
310,147,32
311,147,32
312,147,32
313,147,32
314,147,32
315,147,32
316,147,32
317,147,32
318,147,32
319,147,32
0,148,32
1,148,32
2,148,32
3,148,32
4,148,32
5,148,32
6,148,32
7,148,32
8,148,32
9,148,32
10,148,32
11,148,32
12,148,32
13,148,32
14,148,32
15,148,32
16,148,32
17,148,32
18,148,32
19,148,32
20,148,32
21,148,32
22,148,32
23,148,32
24,148,32
25,148,32
26,148,32
27,148,32
28,148,32
29,148,32
30,148,32
31,148,32
32,148,32
33,148,32
34,148,32
35,148,32
36,148,32
37,148,32
38,148,32
39,148,32
40,148,32
41,148,32
42,148,32
43,148,32
44,148,32
45,148,32
46,148,32
47,148,32
48,148,32
49,148,32
50,148,32
51,148,32
52,148,32
53,148,32
54,148,32
55,148,32
56,148,32
57,148,32
58,148,32
59,148,32
60,148,32
61,148,32
62,148,32
63,148,32
64,148,32
65,148,32
66,148,32
67,148,32
68,148,32
69,148,32
70,148,32
71,148,32
72,148,32
73,148,32
74,148,32
75,148,32
76,148,32
77,148,32
78,148,32
79,148,32
80,148,32
81,148,32
82,148,32
83,148,32
84,148,32
85,148,32
86,148,32
87,148,32
88,148,32
89,148,32
90,148,32
91,148,32
92,148,32
93,148,32
94,148,32
95,148,32
96,148,32
97,148,32
98,148,32
99,148,32
100,148,32
101,148,32
102,148,32
103,148,32
104,148,32
105,148,32
106,148,32
107,148,32
108,148,32
109,148,32
110,148,32
111,148,32
112,148,32
113,148,32
114,148,32
115,148,32
116,148,32
117,148,32
118,148,32
119,148,32
120,148,32
121,148,32
122,148,32
123,148,32
124,148,32
125,148,32
126,148,32
127,148,32
128,148,32
129,148,32
130,148,32
131,148,32
132,148,32
133,148,32
134,148,32
135,148,32
136,148,32
137,148,32
138,148,32
139,148,32
140,148,32
141,148,32
142,148,32
143,148,32
144,148,32
145,148,32
146,148,32
147,148,32
148,148,32
149,148,32
150,148,32
151,148,32
152,148,32
153,148,32
154,148,32
155,148,32
156,148,32
157,148,32
158,148,32
159,148,32
160,148,32
161,148,32
162,148,32
163,148,32
164,148,32
165,148,32
166,148,32
167,148,32
168,148,32
169,148,32
170,148,32
171,148,32
172,148,32
173,148,32
174,148,32
175,148,32
176,148,32
177,148,32
178,148,32
179,148,32
180,148,32
181,148,32
182,148,32
183,148,32
184,148,32
185,148,32
186,148,32
187,148,32
188,148,32
189,148,32
190,148,32
191,148,32
192,148,32
193,148,32
194,148,32
195,148,32
196,148,32
197,148,32
198,148,32
199,148,32
200,148,32
201,148,32
202,148,32
203,148,32
204,148,32
205,148,32
206,148,32
207,148,32
208,148,32
209,148,32
210,148,32
211,148,32
212,148,32
213,148,32
214,148,32
215,148,32
216,148,32
217,148,32
218,148,32
219,148,32
220,148,32
221,148,32
222,148,32
223,148,32
224,148,32
225,148,32
226,148,32
227,148,32
228,148,32
229,148,32
230,148,32
231,148,32
232,148,32
233,148,32
234,148,32
235,148,32
236,148,32
237,148,32
238,148,32
239,148,32
240,148,32
241,148,32
242,148,32
243,148,32
244,148,32
245,148,32
246,148,32
247,148,32
248,148,32
249,148,32
250,148,32
251,148,32
252,148,32
253,148,32
254,148,32
255,148,32
256,148,32
257,148,32
258,148,32
259,148,32
260,148,32
261,148,32
262,148,32
263,148,32
264,148,32
265,148,32
266,148,32
267,148,32
268,148,32
269,148,32
270,148,32
271,148,32
272,148,32
273,148,32
274,148,32
275,148,32
276,148,32
277,148,32
278,148,32
279,148,32
280,148,32
281,148,32
282,148,32
283,148,32
284,148,32
285,148,32
286,148,32
287,148,32
288,148,32
289,148,32
290,148,32
291,148,32
292,148,32
293,148,32
294,148,32
295,148,32
296,148,32
297,148,32
298,148,32
299,148,32
300,148,32
301,148,32
302,148,32
303,148,32
304,148,32
305,148,32
306,148,32
307,148,32
308,148,32
309,148,32
310,148,32
311,148,32
312,148,32
313,148,32
314,148,32
315,148,32
316,148,32
317,148,32
318,148,32
319,148,32
0,149,32
1,149,32
2,149,32
3,149,32
4,149,32
5,149,32
6,149,32
7,149,32
8,149,32
9,149,32
10,149,32
11,149,32
12,149,32
13,149,32
14,149,32
15,149,32
16,149,32
17,149,32
18,149,32
19,149,32
20,149,32
21,149,32
22,149,32
23,149,32
24,149,32
25,149,32
26,149,32
27,149,32
28,149,32
29,149,32
30,149,32
31,149,32
32,149,32
33,149,32
34,149,32
35,149,32
36,149,32
37,149,32
38,149,32
39,149,32
40,149,32
41,149,32
42,149,32
43,149,32
44,149,32
45,149,32
46,149,32
47,149,32
48,149,32
49,149,32
50,149,32
51,149,32
52,149,32
53,149,32
54,149,32
55,149,32
56,149,32
57,149,32
58,149,32
59,149,32
60,149,32
61,149,32
62,149,32
63,149,32
64,149,32
65,149,32
66,149,32
67,149,32
68,149,32
69,149,32
70,149,32
71,149,32
72,149,32
73,149,32
74,149,32
75,149,32
76,149,32
77,149,32
78,149,32
79,149,32
80,149,32
81,149,32
82,149,32
83,149,32
84,149,32
85,149,32
86,149,32
87,149,32
88,149,32
89,149,32
90,149,32
91,149,32
92,149,32
93,149,32
94,149,32
95,149,32
96,149,32
97,149,32
98,149,32
99,149,32
100,149,32
101,149,32
102,149,32
103,149,32
104,149,32
105,149,32
106,149,32
107,149,32
108,149,32
109,149,32
110,149,32
111,149,32
112,149,32
113,149,32
114,149,32
115,149,32
116,149,32
117,149,32
118,149,32
119,149,32
120,149,32
121,149,32
122,149,32
123,149,32
124,149,32
125,149,32
126,149,32
127,149,32
128,149,32
129,149,32
130,149,32
131,149,32
132,149,32
133,149,32
134,149,32
135,149,32
136,149,32
137,149,32
138,149,32
139,149,32
140,149,32
141,149,32
142,149,32
143,149,32
144,149,32
145,149,32
146,149,32
147,149,32
148,149,32
149,149,32
150,149,32
151,149,32
152,149,32
153,149,32
154,149,32
155,149,32
156,149,32
157,149,32
158,149,32
159,149,32
160,149,32
161,149,32
162,149,32
163,149,32
164,149,32
165,149,32
166,149,32
167,149,32
168,149,32
169,149,32
170,149,32
171,149,32
172,149,32
173,149,32
174,149,32
175,149,32
176,149,32
177,149,32
178,149,32
179,149,32
180,149,32
181,149,32
182,149,32
183,149,32
184,149,32
185,149,32
186,149,32
187,149,32
188,149,32
189,149,32
190,149,32
191,149,32
192,149,32
193,149,32
194,149,32
195,149,32
196,149,32
197,149,32
198,149,32
199,149,32
200,149,32
201,149,32
202,149,32
203,149,32
204,149,32
205,149,32
206,149,32
207,149,32
208,149,32
209,149,32
210,149,32
211,149,32
212,149,32
213,149,32
214,149,32
215,149,32
216,149,32
217,149,32
218,149,32
219,149,32
220,149,32
221,149,32
222,149,32
223,149,32
224,149,32
225,149,32
226,149,32
227,149,32
228,149,32
229,149,32
230,149,32
231,149,32
232,149,32
233,149,32
234,149,32
235,149,32
236,149,32
237,149,32
238,149,32
239,149,32
240,149,32
241,149,32
242,149,32
243,149,32
244,149,32
245,149,32
246,149,32
247,149,32
248,149,32
249,149,32
250,149,32
251,149,32
252,149,32
253,149,32
254,149,32
255,149,32
256,149,32
257,149,32
258,149,32
259,149,32
260,149,32
261,149,32
262,149,32
263,149,32
264,149,32
265,149,32
266,149,32
267,149,32
268,149,32
269,149,32
270,149,32
271,149,32
272,149,32
273,149,32
274,149,32
275,149,32
276,149,32
277,149,32
278,149,32
279,149,32
280,149,32
281,149,32
282,149,32
283,149,32
284,149,32
285,149,32
286,149,32
287,149,32
288,149,32
289,149,32
290,149,32
291,149,32
292,149,32
293,149,32
294,149,32
295,149,32
296,149,32
297,149,32
298,149,32
299,149,32
300,149,32
301,149,32
302,149,32
303,149,32
304,149,32
305,149,32
306,149,32
307,149,32
308,149,32
309,149,32
310,149,32
311,149,32
312,149,32
313,149,32
314,149,32
315,149,32
316,149,32
317,149,32
318,149,32
319,149,32
0,150,32
1,150,32
2,150,32
3,150,32
4,150,32
5,150,32
6,150,32
7,150,32
8,150,32
9,150,32
10,150,32
11,150,32
12,150,32
13,150,32
14,150,32
15,150,32
16,150,32
17,150,32
18,150,32
19,150,32
20,150,32
21,150,32
22,150,32
23,150,32
24,150,32
25,150,32
26,150,32
27,150,32
28,150,32
29,150,32
30,150,32
31,150,32
32,150,32
33,150,32
34,150,32
35,150,32
36,150,32
37,150,32
38,150,32
39,150,32
40,150,32
41,150,32
42,150,32
43,150,32
44,150,32
45,150,32
46,150,32
47,150,32
48,150,32
49,150,32
50,150,32
51,150,32
52,150,32
53,150,32
54,150,32
55,150,32
56,150,32
57,150,32
58,150,32
59,150,32
60,150,32
61,150,32
62,150,32
63,150,32
64,150,32
65,150,32
66,150,32
67,150,32
68,150,32
69,150,32
70,150,32
71,150,32
72,150,32
73,150,32
74,150,32
75,150,32
76,150,32
77,150,32
78,150,32
79,150,32
80,150,32
81,150,32
82,150,32
83,150,32
84,150,32
85,150,32
86,150,32
87,150,32
88,150,32
89,150,32
90,150,32
91,150,32
92,150,32
93,150,32
94,150,32
95,150,32
96,150,32
97,150,32
98,150,32
99,150,32
100,150,32
101,150,32
102,150,32
103,150,32
104,150,32
105,150,32
106,150,32
107,150,32
108,150,32
109,150,32
110,150,32
111,150,32
112,150,32
113,150,32
114,150,32
115,150,32
116,150,32
117,150,32
118,150,32
119,150,32
120,150,32
121,150,32
122,150,32
123,150,32
124,150,32
125,150,32
126,150,32
127,150,32
128,150,32
129,150,32
130,150,32
131,150,32
132,150,32
133,150,32
134,150,32
135,150,32
136,150,32
137,150,32
138,150,32
139,150,32
140,150,32
141,150,32
142,150,32
143,150,32
144,150,32
145,150,32
146,150,32
147,150,32
148,150,32
149,150,32
150,150,32
151,150,32
152,150,32
153,150,32
154,150,32
155,150,32
156,150,32
157,150,32
158,150,32
159,150,32
160,150,32
161,150,32
162,150,32
163,150,32
164,150,32
165,150,32
166,150,32
167,150,32
168,150,32
169,150,32
170,150,32
171,150,32
172,150,32
173,150,32
174,150,32
175,150,32
176,150,32
177,150,32
178,150,32
179,150,32
180,150,32
181,150,32
182,150,32
183,150,32
184,150,32
185,150,32
186,150,32
187,150,32
188,150,32
189,150,32
190,150,32
191,150,32
192,150,32
193,150,32
194,150,32
195,150,32
196,150,32
197,150,32
198,150,32
199,150,32
200,150,32
201,150,32
202,150,32
203,150,32
204,150,32
205,150,32
206,150,32
207,150,32
208,150,32
209,150,32
210,150,32
211,150,32
212,150,32
213,150,32
214,150,32
215,150,32
216,150,32
217,150,32
218,150,32
219,150,32
220,150,32
221,150,32
222,150,32
223,150,32
224,150,32
225,150,32
226,150,32
227,150,32
228,150,32
229,150,32
230,150,32
231,150,32
232,150,32
233,150,32
234,150,32
235,150,32
236,150,32
237,150,32
238,150,32
239,150,32
240,150,32
241,150,32
242,150,32
243,150,32
244,150,32
245,150,32
246,150,32
247,150,32
248,150,32
249,150,32
250,150,32
251,150,32
252,150,32
253,150,32
254,150,32
255,150,32
256,150,32
257,150,32
258,150,32
259,150,32
260,150,32
261,150,32
262,150,32
263,150,32
264,150,32
265,150,32
266,150,32
267,150,32
268,150,32
269,150,32
270,150,32
271,150,32
272,150,32
273,150,32
274,150,32
275,150,32
276,150,32
277,150,32
278,150,32
279,150,32
280,150,32
281,150,32
282,150,32
283,150,32
284,150,32
285,150,32
286,150,32
287,150,32
288,150,32
289,150,32
290,150,32
291,150,32
292,150,32
293,150,32
294,150,32
295,150,32
296,150,32
297,150,32
298,150,32
299,150,32
300,150,32
301,150,32
302,150,32
303,150,32
304,150,32
305,150,32
306,150,32
307,150,32
308,150,32
309,150,32
310,150,32
311,150,32
312,150,32
313,150,32
314,150,32
315,150,32
316,150,32
317,150,32
318,150,32
319,150,32
0,151,32
1,151,32
2,151,32
3,151,32
4,151,32
5,151,32
6,151,32
7,151,32
8,151,32
9,151,32
10,151,32
11,151,32
12,151,32
13,151,32
14,151,32
15,151,32
16,151,32
17,151,32
18,151,32
19,151,32
20,151,32
21,151,32
22,151,32
23,151,32
24,151,32
25,151,32
26,151,32
27,151,32
28,151,32
29,151,32
30,151,32
31,151,32
32,151,32
33,151,32
34,151,32
35,151,32
36,151,32
37,151,32
38,151,32
39,151,32
40,151,32
41,151,32
42,151,32
43,151,32
44,151,32
45,151,32
46,151,32
47,151,32
48,151,32
49,151,32
50,151,32
51,151,32
52,151,32
53,151,32
54,151,32
55,151,32
56,151,32
57,151,32
58,151,32
59,151,32
60,151,32
61,151,32
62,151,32
63,151,32
64,151,32
65,151,32
66,151,32
67,151,32
68,151,32
69,151,32
70,151,32
71,151,32
72,151,32
73,151,32
74,151,32
75,151,32
76,151,32
77,151,32
78,151,32
79,151,32
80,151,32
81,151,32
82,151,32
83,151,32
84,151,32
85,151,32
86,151,32
87,151,32
88,151,32
89,151,32
90,151,32
91,151,32
92,151,32
93,151,32
94,151,32
95,151,32
96,151,32
97,151,32
98,151,32
99,151,32
100,151,32
101,151,32
102,151,32
103,151,32
104,151,32
105,151,32
106,151,32
107,151,32
108,151,32
109,151,32
110,151,32
111,151,32
112,151,32
113,151,32
114,151,32
115,151,32
116,151,32
117,151,32
118,151,32
119,151,32
120,151,32
121,151,32
122,151,32
123,151,32
124,151,32
125,151,32
126,151,32
127,151,32
128,151,32
129,151,32
130,151,32
131,151,32
132,151,32
133,151,32
134,151,32
135,151,32
136,151,32
137,151,32
138,151,32
139,151,32
140,151,32
141,151,32
142,151,32
143,151,32
144,151,32
145,151,32
146,151,32
147,151,32
148,151,32
149,151,32
150,151,32
151,151,32
152,151,32
153,151,32
154,151,32
155,151,32
156,151,32
157,151,32
158,151,32
159,151,32
160,151,32
161,151,32
162,151,32
163,151,32
164,151,32
165,151,32
166,151,32
167,151,32
168,151,32
169,151,32
170,151,32
171,151,32
172,151,32
173,151,32
174,151,32
175,151,32
176,151,32
177,151,32
178,151,32
179,151,32
180,151,32
181,151,32
182,151,32
183,151,32
184,151,32
185,151,32
186,151,32
187,151,32
188,151,32
189,151,32
190,151,32
191,151,32
192,151,32
193,151,32
194,151,32
195,151,32
196,151,32
197,151,32
198,151,32
199,151,32
200,151,32
201,151,32
202,151,32
203,151,32
204,151,32
205,151,32
206,151,32
207,151,32
208,151,32
209,151,32
210,151,32
211,151,32
212,151,32
213,151,32
214,151,32
215,151,32
216,151,32
217,151,32
218,151,32
219,151,32
220,151,32
221,151,32
222,151,32
223,151,32
224,151,32
225,151,32
226,151,32
227,151,32
228,151,32
229,151,32
230,151,32
231,151,32
232,151,32
233,151,32
234,151,32
235,151,32
236,151,32
237,151,32
238,151,32
239,151,32
240,151,32
241,151,32
242,151,32
243,151,32
244,151,32
245,151,32
246,151,32
247,151,32
248,151,32
249,151,32
250,151,32
251,151,32
252,151,32
253,151,32
254,151,32
255,151,32
256,151,32
257,151,32
258,151,32
259,151,32
260,151,32
261,151,32
262,151,32
263,151,32
264,151,32
265,151,32
266,151,32
267,151,32
268,151,32
269,151,32
270,151,32
271,151,32
272,151,32
273,151,32
274,151,32
275,151,32
276,151,32
277,151,32
278,151,32
279,151,32
280,151,32
281,151,32
282,151,32
283,151,32
284,151,32
285,151,32
286,151,32
287,151,32
288,151,32
289,151,32
290,151,32
291,151,32
292,151,32
293,151,32
294,151,32
295,151,32
296,151,32
297,151,32
298,151,32
299,151,32
300,151,32
301,151,32
302,151,32
303,151,32
304,151,32
305,151,32
306,151,32
307,151,32
308,151,32
309,151,32
310,151,32
311,151,32
312,151,32
313,151,32
314,151,32
315,151,32
316,151,32
317,151,32
318,151,32
319,151,32
0,152,32
1,152,32
2,152,32
3,152,32
4,152,32
5,152,32
6,152,32
7,152,32
8,152,32
9,152,32
10,152,32
11,152,32
12,152,32
13,152,32
14,152,32
15,152,32
16,152,32
17,152,32
18,152,32
19,152,32
20,152,32
21,152,32
22,152,32
23,152,32
24,152,32
25,152,32
26,152,32
27,152,32
28,152,32
29,152,32
30,152,32
31,152,32
32,152,32
33,152,32
34,152,32
35,152,32
36,152,32
37,152,32
38,152,32
39,152,32
40,152,32
41,152,32
42,152,32
43,152,32
44,152,32
45,152,32
46,152,32
47,152,32
48,152,32
49,152,32
50,152,32
51,152,32
52,152,32
53,152,32
54,152,32
55,152,32
56,152,32
57,152,32
58,152,32
59,152,32
60,152,32
61,152,32
62,152,32
63,152,32
64,152,32
65,152,32
66,152,32
67,152,32
68,152,32
69,152,32
70,152,32
71,152,32
72,152,32
73,152,32
74,152,32
75,152,32
76,152,32
77,152,32
78,152,32
79,152,32
80,152,32
81,152,32
82,152,32
83,152,32
84,152,32
85,152,32
86,152,32
87,152,32
88,152,32
89,152,32
90,152,32
91,152,32
92,152,32
93,152,32
94,152,32
95,152,32
96,152,32
97,152,32
98,152,32
99,152,32
100,152,32
101,152,32
102,152,32
103,152,32
104,152,32
105,152,32
106,152,32
107,152,32
108,152,32
109,152,32
110,152,32
111,152,32
112,152,32
113,152,32
114,152,32
115,152,32
116,152,32
117,152,32
118,152,32
119,152,32
120,152,32
121,152,32
122,152,32
123,152,32
124,152,32
125,152,32
126,152,32
127,152,32
128,152,32
129,152,32
130,152,32
131,152,32
132,152,32
133,152,32
134,152,32
135,152,32
136,152,32
137,152,32
138,152,32
139,152,32
140,152,32
141,152,32
142,152,32
143,152,32
144,152,32
145,152,32
146,152,32
147,152,32
148,152,32
149,152,32
150,152,32
151,152,32
152,152,32
153,152,32
154,152,32
155,152,32
156,152,32
157,152,32
158,152,32
159,152,32
160,152,32
161,152,32
162,152,32
163,152,32
164,152,32
165,152,32
166,152,32
167,152,32
168,152,32
169,152,32
170,152,32
171,152,32
172,152,32
173,152,32
174,152,32
175,152,32
176,152,32
177,152,32
178,152,32
179,152,32
180,152,32
181,152,32
182,152,32
183,152,32
184,152,32
185,152,32
186,152,32
187,152,32
188,152,32
189,152,32
190,152,32
191,152,32
192,152,32
193,152,32
194,152,32
195,152,32
196,152,32
197,152,32
198,152,32
199,152,32
200,152,32
201,152,32
202,152,32
203,152,32
204,152,32
205,152,32
206,152,32
207,152,32
208,152,32
209,152,32
210,152,32
211,152,32
212,152,32
213,152,32
214,152,32
215,152,32
216,152,32
217,152,32
218,152,32
219,152,32
220,152,32
221,152,32
222,152,32
223,152,32
224,152,32
225,152,32
226,152,32
227,152,32
228,152,32
229,152,32
230,152,32
231,152,32
232,152,32
233,152,32
234,152,32
235,152,32
236,152,32
237,152,32
238,152,32
239,152,32
240,152,32
241,152,32
242,152,32
243,152,32
244,152,32
245,152,32
246,152,32
247,152,32
248,152,32
249,152,32
250,152,32
251,152,32
252,152,32
253,152,32
254,152,32
255,152,32
256,152,32
257,152,32
258,152,32
259,152,32
260,152,32
261,152,32
262,152,32
263,152,32
264,152,32
265,152,32
266,152,32
267,152,32
268,152,32
269,152,32
270,152,32
271,152,32
272,152,32
273,152,32
274,152,32
275,152,32
276,152,32
277,152,32
278,152,32
279,152,32
280,152,32
281,152,32
282,152,32
283,152,32
284,152,32
285,152,32
286,152,32
287,152,32
288,152,32
289,152,32
290,152,32
291,152,32
292,152,32
293,152,32
294,152,32
295,152,32
296,152,32
297,152,32
298,152,32
299,152,32
300,152,32
301,152,32
302,152,32
303,152,32
304,152,32
305,152,32
306,152,32
307,152,32
308,152,32
309,152,32
310,152,32
311,152,32
312,152,32
313,152,32
314,152,32
315,152,32
316,152,32
317,152,32
318,152,32
319,152,32
0,153,32
1,153,32
2,153,32
3,153,32
4,153,32
5,153,32
6,153,32
7,153,32
8,153,32
9,153,32
10,153,32
11,153,32
12,153,32
13,153,32
14,153,32
15,153,32
16,153,32
17,153,32
18,153,32
19,153,32
20,153,32
21,153,32
22,153,32
23,153,32
24,153,32
25,153,32
26,153,32
27,153,32
28,153,32
29,153,32
30,153,32
31,153,32
32,153,32
33,153,32
34,153,32
35,153,32
36,153,32
37,153,32
38,153,32
39,153,32
40,153,32
41,153,32
42,153,32
43,153,32
44,153,32
45,153,32
46,153,32
47,153,32
48,153,32
49,153,32
50,153,32
51,153,32
52,153,32
53,153,32
54,153,32
55,153,32
56,153,32
57,153,32
58,153,32
59,153,32
60,153,32
61,153,32
62,153,32
63,153,32
64,153,32
65,153,32
66,153,32
67,153,32
68,153,32
69,153,32
70,153,32
71,153,32
72,153,32
73,153,32
74,153,32
75,153,32
76,153,32
77,153,32
78,153,32
79,153,32
80,153,32
81,153,32
82,153,32
83,153,32
84,153,32
85,153,32
86,153,32
87,153,32
88,153,32
89,153,32
90,153,32
91,153,32
92,153,32
93,153,32
94,153,32
95,153,32
96,153,32
97,153,32
98,153,32
99,153,32
100,153,32
101,153,32
102,153,32
103,153,32
104,153,32
105,153,32
106,153,32
107,153,32
108,153,32
109,153,32
110,153,32
111,153,32
112,153,32
113,153,32
114,153,32
115,153,32
116,153,32
117,153,32
118,153,32
119,153,32
120,153,32
121,153,32
122,153,32
123,153,32
124,153,32
125,153,32
126,153,32
127,153,32
128,153,32
129,153,32
130,153,32
131,153,32
132,153,32
133,153,32
134,153,32
135,153,32
136,153,32
137,153,32
138,153,32
139,153,32
140,153,32
141,153,32
142,153,32
143,153,32
144,153,32
145,153,32
146,153,32
147,153,32
148,153,32
149,153,32
150,153,32
151,153,32
152,153,32
153,153,32
154,153,32
155,153,32
156,153,32
157,153,32
158,153,32
159,153,32
160,153,32
161,153,32
162,153,32
163,153,32
164,153,32
165,153,32
166,153,32
167,153,32
168,153,32
169,153,32
170,153,32
171,153,32
172,153,32
173,153,32
174,153,32
175,153,32
176,153,32
177,153,32
178,153,32
179,153,32
180,153,32
181,153,32
182,153,32
183,153,32
184,153,32
185,153,32
186,153,32
187,153,32
188,153,32
189,153,32
190,153,32
191,153,32
192,153,32
193,153,32
194,153,32
195,153,32
196,153,32
197,153,32
198,153,32
199,153,32
200,153,32
201,153,32
202,153,32
203,153,32
204,153,32
205,153,32
206,153,32
207,153,32
208,153,32
209,153,32
210,153,32
211,153,32
212,153,32
213,153,32
214,153,32
215,153,32
216,153,32
217,153,32
218,153,32
219,153,32
220,153,32
221,153,32
222,153,32
223,153,32
224,153,32
225,153,32
226,153,32
227,153,32
228,153,32
229,153,32
230,153,32
231,153,32
232,153,32
233,153,32
234,153,32
235,153,32
236,153,32
237,153,32
238,153,32
239,153,32
240,153,32
241,153,32
242,153,32
243,153,32
244,153,32
245,153,32
246,153,32
247,153,32
248,153,32
249,153,32
250,153,32
251,153,32
252,153,32
253,153,32
254,153,32
255,153,32
256,153,32
257,153,32
258,153,32
259,153,32
260,153,32
261,153,32
262,153,32
263,153,32
264,153,32
265,153,32
266,153,32
267,153,32
268,153,32
269,153,32
270,153,32
271,153,32
272,153,32
273,153,32
274,153,32
275,153,32
276,153,32
277,153,32
278,153,32
279,153,32
280,153,32
281,153,32
282,153,32
283,153,32
284,153,32
285,153,32
286,153,32
287,153,32
288,153,32
289,153,32
290,153,32
291,153,32
292,153,32
293,153,32
294,153,32
295,153,32
296,153,32
297,153,32
298,153,32
299,153,32
300,153,32
301,153,32
302,153,32
303,153,32
304,153,32
305,153,32
306,153,32
307,153,32
308,153,32
309,153,32
310,153,32
311,153,32
312,153,32
313,153,32
314,153,32
315,153,32
316,153,32
317,153,32
318,153,32
319,153,32
0,154,32
1,154,32
2,154,32
3,154,32
4,154,32
5,154,32
6,154,32
7,154,32
8,154,32
9,154,32
10,154,32
11,154,32
12,154,32
13,154,32
14,154,32
15,154,32
16,154,32
17,154,32
18,154,32
19,154,32
20,154,32
21,154,32
22,154,32
23,154,32
24,154,32
25,154,32
26,154,32
27,154,32
28,154,32
29,154,32
30,154,32
31,154,32
32,154,32
33,154,32
34,154,32
35,154,32
36,154,32
37,154,32
38,154,32
39,154,32
40,154,32
41,154,32
42,154,32
43,154,32
44,154,32
45,154,32
46,154,32
47,154,32
48,154,32
49,154,32
50,154,32
51,154,32
52,154,32
53,154,32
54,154,32
55,154,32
56,154,32
57,154,32
58,154,32
59,154,32
60,154,32
61,154,32
62,154,32
63,154,32
64,154,32
65,154,32
66,154,32
67,154,32
68,154,32
69,154,32
70,154,32
71,154,32
72,154,32
73,154,32
74,154,32
75,154,32
76,154,32
77,154,32
78,154,32
79,154,32
80,154,32
81,154,32
82,154,32
83,154,32
84,154,32
85,154,32
86,154,32
87,154,32
88,154,32
89,154,32
90,154,32
91,154,32
92,154,32
93,154,32
94,154,32
95,154,32
96,154,32
97,154,32
98,154,32
99,154,32
100,154,32
101,154,32
102,154,32
103,154,32
104,154,32
105,154,32
106,154,32
107,154,32
108,154,32
109,154,32
110,154,32
111,154,32
112,154,32
113,154,32
114,154,32
115,154,32
116,154,32
117,154,32
118,154,32
119,154,32
120,154,32
121,154,32
122,154,32
123,154,32
124,154,32
125,154,32
126,154,32
127,154,32
128,154,32
129,154,32
130,154,32
131,154,32
132,154,32
133,154,32
134,154,32
135,154,32
136,154,32
137,154,32
138,154,32
139,154,32
140,154,32
141,154,32
142,154,32
143,154,32
144,154,32
145,154,32
146,154,32
147,154,32
148,154,32
149,154,32
150,154,32
151,154,32
152,154,32
153,154,32
154,154,32
155,154,32
156,154,32
157,154,32
158,154,32
159,154,32
160,154,32
161,154,32
162,154,32
163,154,32
164,154,32
165,154,32
166,154,32
167,154,32
168,154,32
169,154,32
170,154,32
171,154,32
172,154,32
173,154,32
174,154,32
175,154,32
176,154,32
177,154,32
178,154,32
179,154,32
180,154,32
181,154,32
182,154,32
183,154,32
184,154,32
185,154,32
186,154,32
187,154,32
188,154,32
189,154,32
190,154,32
191,154,32
192,154,32
193,154,32
194,154,32
195,154,32
196,154,32
197,154,32
198,154,32
199,154,32
200,154,32
201,154,32
202,154,32
203,154,32
204,154,32
205,154,32
206,154,32
207,154,32
208,154,32
209,154,32
210,154,32
211,154,32
212,154,32
213,154,32
214,154,32
215,154,32
216,154,32
217,154,32
218,154,32
219,154,32
220,154,32
221,154,32
222,154,32
223,154,32
224,154,32
225,154,32
226,154,32
227,154,32
228,154,32
229,154,32
230,154,32
231,154,32
232,154,32
233,154,32
234,154,32
235,154,32
236,154,32
237,154,32
238,154,32
239,154,32
240,154,32
241,154,32
242,154,32
243,154,32
244,154,32
245,154,32
246,154,32
247,154,32
248,154,32
249,154,32
250,154,32
251,154,32
252,154,32
253,154,32
254,154,32
255,154,32
256,154,32
257,154,32
258,154,32
259,154,32
260,154,32
261,154,32
262,154,32
263,154,32
264,154,32
265,154,32
266,154,32
267,154,32
268,154,32
269,154,32
270,154,32
271,154,32
272,154,32
273,154,32
274,154,32
275,154,32
276,154,32
277,154,32
278,154,32
279,154,32
280,154,32
281,154,32
282,154,32
283,154,32
284,154,32
285,154,32
286,154,32
287,154,32
288,154,32
289,154,32
290,154,32
291,154,32
292,154,32
293,154,32
294,154,32
295,154,32
296,154,32
297,154,32
298,154,32
299,154,32
300,154,32
301,154,32
302,154,32
303,154,32
304,154,32
305,154,32
306,154,32
307,154,32
308,154,32
309,154,32
310,154,32
311,154,32
312,154,32
313,154,32
314,154,32
315,154,32
316,154,32
317,154,32
318,154,32
319,154,32
0,155,32
1,155,32
2,155,32
3,155,32
4,155,32
5,155,32
6,155,32
7,155,32
8,155,32
9,155,32
10,155,32
11,155,32
12,155,32
13,155,32
14,155,32
15,155,32
16,155,32
17,155,32
18,155,32
19,155,32
20,155,32
21,155,32
22,155,32
23,155,32
24,155,32
25,155,32
26,155,32
27,155,32
28,155,32
29,155,32
30,155,32
31,155,32
32,155,32
33,155,32
34,155,32
35,155,32
36,155,32
37,155,32
38,155,32
39,155,32
40,155,32
41,155,32
42,155,32
43,155,32
44,155,32
45,155,32
46,155,32
47,155,32
48,155,32
49,155,32
50,155,32
51,155,32
52,155,32
53,155,32
54,155,32
55,155,32
56,155,32
57,155,32
58,155,32
59,155,32
60,155,32
61,155,32
62,155,32
63,155,32
64,155,32
65,155,32
66,155,32
67,155,32
68,155,32
69,155,32
70,155,32
71,155,32
72,155,32
73,155,32
74,155,32
75,155,32
76,155,32
77,155,32
78,155,32
79,155,32
80,155,32
81,155,32
82,155,32
83,155,32
84,155,32
85,155,32
86,155,32
87,155,32
88,155,32
89,155,32
90,155,32
91,155,32
92,155,32
93,155,32
94,155,32
95,155,32
96,155,32
97,155,32
98,155,32
99,155,32
100,155,32
101,155,32
102,155,32
103,155,32
104,155,32
105,155,32
106,155,32
107,155,32
108,155,32
109,155,32
110,155,32
111,155,32
112,155,32
113,155,32
114,155,32
115,155,32
116,155,32
117,155,32
118,155,32
119,155,32
120,155,32
121,155,32
122,155,32
123,155,32
124,155,32
125,155,32
126,155,32
127,155,32
128,155,32
129,155,32
130,155,32
131,155,32
132,155,32
133,155,32
134,155,32
135,155,32
136,155,32
137,155,32
138,155,32
139,155,32
140,155,32
141,155,32
142,155,32
143,155,32
144,155,32
145,155,32
146,155,32
147,155,32
148,155,32
149,155,32
150,155,32
151,155,32
152,155,32
153,155,32
154,155,32
155,155,32
156,155,32
157,155,32
158,155,32
159,155,32
160,155,32
161,155,32
162,155,32
163,155,32
164,155,32
165,155,32
166,155,32
167,155,32
168,155,32
169,155,32
170,155,32
171,155,32
172,155,32
173,155,32
174,155,32
175,155,32
176,155,32
177,155,32
178,155,32
179,155,32
180,155,32
181,155,32
182,155,32
183,155,32
184,155,32
185,155,32
186,155,32
187,155,32
188,155,32
189,155,32
190,155,32
191,155,32
192,155,32
193,155,32
194,155,32
195,155,32
196,155,32
197,155,32
198,155,32
199,155,32
200,155,32
201,155,32
202,155,32
203,155,32
204,155,32
205,155,32
206,155,32
207,155,32
208,155,32
209,155,32
210,155,32
211,155,32
212,155,32
213,155,32
214,155,32
215,155,32
216,155,32
217,155,32
218,155,32
219,155,32
220,155,32
221,155,32
222,155,32
223,155,32
224,155,32
225,155,32
226,155,32
227,155,32
228,155,32
229,155,32
230,155,32
231,155,32
232,155,32
233,155,32
234,155,32
235,155,32
236,155,32
237,155,32
238,155,32
239,155,32
240,155,32
241,155,32
242,155,32
243,155,32
244,155,32
245,155,32
246,155,32
247,155,32
248,155,32
249,155,32
250,155,32
251,155,32
252,155,32
253,155,32
254,155,32
255,155,32
256,155,32
257,155,32
258,155,32
259,155,32
260,155,32
261,155,32
262,155,32
263,155,32
264,155,32
265,155,32
266,155,32
267,155,32
268,155,32
269,155,32
270,155,32
271,155,32
272,155,32
273,155,32
274,155,32
275,155,32
276,155,32
277,155,32
278,155,32
279,155,32
280,155,32
281,155,32
282,155,32
283,155,32
284,155,32
285,155,32
286,155,32
287,155,32
288,155,32
289,155,32
290,155,32
291,155,32
292,155,32
293,155,32
294,155,32
295,155,32
296,155,32
297,155,32
298,155,32
299,155,32
300,155,32
301,155,32
302,155,32
303,155,32
304,155,32
305,155,32
306,155,32
307,155,32
308,155,32
309,155,32
310,155,32
311,155,32
312,155,32
313,155,32
314,155,32
315,155,32
316,155,32
317,155,32
318,155,32
319,155,32
0,156,32
1,156,32
2,156,32
3,156,32
4,156,32
5,156,32
6,156,32
7,156,32
8,156,32
9,156,32
10,156,32
11,156,32
12,156,32
13,156,32
14,156,32
15,156,32
16,156,32
17,156,32
18,156,32
19,156,32
20,156,32
21,156,32
22,156,32
23,156,32
24,156,32
25,156,32
26,156,32
27,156,32
28,156,32
29,156,32
30,156,32
31,156,32
32,156,32
33,156,32
34,156,32
35,156,32
36,156,32
37,156,32
38,156,32
39,156,32
40,156,32
41,156,32
42,156,32
43,156,32
44,156,32
45,156,32
46,156,32
47,156,32
48,156,32
49,156,32
50,156,32
51,156,32
52,156,32
53,156,32
54,156,32
55,156,32
56,156,32
57,156,32
58,156,32
59,156,32
60,156,32
61,156,32
62,156,32
63,156,32
64,156,32
65,156,32
66,156,32
67,156,32
68,156,32
69,156,32
70,156,32
71,156,32
72,156,32
73,156,32
74,156,32
75,156,32
76,156,32
77,156,32
78,156,32
79,156,32
80,156,32
81,156,32
82,156,32
83,156,32
84,156,32
85,156,32
86,156,32
87,156,32
88,156,32
89,156,32
90,156,32
91,156,32
92,156,32
93,156,32
94,156,32
95,156,32
96,156,32
97,156,32
98,156,32
99,156,32
100,156,32
101,156,32
102,156,32
103,156,32
104,156,32
105,156,32
106,156,32
107,156,32
108,156,32
109,156,32
110,156,32
111,156,32
112,156,32
113,156,32
114,156,32
115,156,32
116,156,32
117,156,32
118,156,32
119,156,32
120,156,32
121,156,32
122,156,32
123,156,32
124,156,32
125,156,32
126,156,32
127,156,32
128,156,32
129,156,32
130,156,32
131,156,32
132,156,32
133,156,32
134,156,32
135,156,32
136,156,32
137,156,32
138,156,32
139,156,32
140,156,32
141,156,32
142,156,32
143,156,32
144,156,32
145,156,32
146,156,32
147,156,32
148,156,32
149,156,32
150,156,32
151,156,32
152,156,32
153,156,32
154,156,32
155,156,32
156,156,32
157,156,32
158,156,32
159,156,32
160,156,32
161,156,32
162,156,32
163,156,32
164,156,32
165,156,32
166,156,32
167,156,32
168,156,32
169,156,32
170,156,32
171,156,32
172,156,32
173,156,32
174,156,32
175,156,32
176,156,32
177,156,32
178,156,32
179,156,32
180,156,32
181,156,32
182,156,32
183,156,32
184,156,32
185,156,32
186,156,32
187,156,32
188,156,32
189,156,32
190,156,32
191,156,32
192,156,32
193,156,32
194,156,32
195,156,32
196,156,32
197,156,32
198,156,32
199,156,32
200,156,32
201,156,32
202,156,32
203,156,32
204,156,32
205,156,32
206,156,32
207,156,32
208,156,32
209,156,32
210,156,32
211,156,32
212,156,32
213,156,32
214,156,32
215,156,32
216,156,32
217,156,32
218,156,32
219,156,32
220,156,32
221,156,32
222,156,32
223,156,32
224,156,32
225,156,32
226,156,32
227,156,32
228,156,32
229,156,32
230,156,32
231,156,32
232,156,32
233,156,32
234,156,32
235,156,32
236,156,32
237,156,32
238,156,32
239,156,32
240,156,32
241,156,32
242,156,32
243,156,32
244,156,32
245,156,32
246,156,32
247,156,32
248,156,32
249,156,32
250,156,32
251,156,32
252,156,32
253,156,32
254,156,32
255,156,32
256,156,32
257,156,32
258,156,32
259,156,32
260,156,32
261,156,32
262,156,32
263,156,32
264,156,32
265,156,32
266,156,32
267,156,32
268,156,32
269,156,32
270,156,32
271,156,32
272,156,32
273,156,32
274,156,32
275,156,32
276,156,32
277,156,32
278,156,32
279,156,32
280,156,32
281,156,32
282,156,32
283,156,32
284,156,32
285,156,32
286,156,32
287,156,32
288,156,32
289,156,32
290,156,32
291,156,32
292,156,32
293,156,32
294,156,32
295,156,32
296,156,32
297,156,32
298,156,32
299,156,32
300,156,32
301,156,32
302,156,32
303,156,32
304,156,32
305,156,32
306,156,32
307,156,32
308,156,32
309,156,32
310,156,32
311,156,32
312,156,32
313,156,32
314,156,32
315,156,32
316,156,32
317,156,32
318,156,32
319,156,32
0,157,32
1,157,32
2,157,32
3,157,32
4,157,32
5,157,32
6,157,32
7,157,32
8,157,32
9,157,32
10,157,32
11,157,32
12,157,32
13,157,32
14,157,32
15,157,32
16,157,32
17,157,32
18,157,32
19,157,32
20,157,32
21,157,32
22,157,32
23,157,32
24,157,32
25,157,32
26,157,32
27,157,32
28,157,32
29,157,32
30,157,32
31,157,32
32,157,32
33,157,32
34,157,32
35,157,32
36,157,32
37,157,32
38,157,32
39,157,32
40,157,32
41,157,32
42,157,32
43,157,32
44,157,32
45,157,32
46,157,32
47,157,32
48,157,32
49,157,32
50,157,32
51,157,32
52,157,32
53,157,32
54,157,32
55,157,32
56,157,32
57,157,32
58,157,32
59,157,32
60,157,32
61,157,32
62,157,32
63,157,32
64,157,32
65,157,32
66,157,32
67,157,32
68,157,32
69,157,32
70,157,32
71,157,32
72,157,32
73,157,32
74,157,32
75,157,32
76,157,32
77,157,32
78,157,32
79,157,32
80,157,32
81,157,32
82,157,32
83,157,32
84,157,32
85,157,32
86,157,32
87,157,32
88,157,32
89,157,32
90,157,32
91,157,32
92,157,32
93,157,32
94,157,32
95,157,32
96,157,32
97,157,32
98,157,32
99,157,32
100,157,32
101,157,32
102,157,32
103,157,32
104,157,32
105,157,32
106,157,32
107,157,32
108,157,32
109,157,32
110,157,32
111,157,32
112,157,32
113,157,32
114,157,32
115,157,32
116,157,32
117,157,32
118,157,32
119,157,32
120,157,32
121,157,32
122,157,32
123,157,32
124,157,32
125,157,32
126,157,32
127,157,32
128,157,32
129,157,32
130,157,32
131,157,32
132,157,32
133,157,32
134,157,32
135,157,32
136,157,32
137,157,32
138,157,32
139,157,32
140,157,32
141,157,32
142,157,32
143,157,32
144,157,32
145,157,32
146,157,32
147,157,32
148,157,32
149,157,32
150,157,32
151,157,32
152,157,32
153,157,32
154,157,32
155,157,32
156,157,32
157,157,32
158,157,32
159,157,32
160,157,32
161,157,32
162,157,32
163,157,32
164,157,32
165,157,32
166,157,32
167,157,32
168,157,32
169,157,32
170,157,32
171,157,32
172,157,32
173,157,32
174,157,32
175,157,32
176,157,32
177,157,32
178,157,32
179,157,32
180,157,32
181,157,32
182,157,32
183,157,32
184,157,32
185,157,32
186,157,32
187,157,32
188,157,32
189,157,32
190,157,32
191,157,32
192,157,32
193,157,32
194,157,32
195,157,32
196,157,32
197,157,32
198,157,32
199,157,32
200,157,32
201,157,32
202,157,32
203,157,32
204,157,32
205,157,32
206,157,32
207,157,32
208,157,32
209,157,32
210,157,32
211,157,32
212,157,32
213,157,32
214,157,32
215,157,32
216,157,32
217,157,32
218,157,32
219,157,32
220,157,32
221,157,32
222,157,32
223,157,32
224,157,32
225,157,32
226,157,32
227,157,32
228,157,32
229,157,32
230,157,32
231,157,32
232,157,32
233,157,32
234,157,32
235,157,32
236,157,32
237,157,32
238,157,32
239,157,32
240,157,32
241,157,32
242,157,32
243,157,32
244,157,32
245,157,32
246,157,32
247,157,32
248,157,32
249,157,32
250,157,32
251,157,32
252,157,32
253,157,32
254,157,32
255,157,32
256,157,32
257,157,32
258,157,32
259,157,32
260,157,32
261,157,32
262,157,32
263,157,32
264,157,32
265,157,32
266,157,32
267,157,32
268,157,32
269,157,32
270,157,32
271,157,32
272,157,32
273,157,32
274,157,32
275,157,32
276,157,32
277,157,32
278,157,32
279,157,32
280,157,32
281,157,32
282,157,32
283,157,32
284,157,32
285,157,32
286,157,32
287,157,32
288,157,32
289,157,32
290,157,32
291,157,32
292,157,32
293,157,32
294,157,32
295,157,32
296,157,32
297,157,32
298,157,32
299,157,32
300,157,32
301,157,32
302,157,32
303,157,32
304,157,32
305,157,32
306,157,32
307,157,32
308,157,32
309,157,32
310,157,32
311,157,32
312,157,32
313,157,32
314,157,32
315,157,32
316,157,32
317,157,32
318,157,32
319,157,32
0,158,32
1,158,32
2,158,32
3,158,32
4,158,32
5,158,32
6,158,32
7,158,32
8,158,32
9,158,32
10,158,32
11,158,32
12,158,32
13,158,32
14,158,32
15,158,32
16,158,32
17,158,32
18,158,32
19,158,32
20,158,32
21,158,32
22,158,32
23,158,32
24,158,32
25,158,32
26,158,32
27,158,32
28,158,32
29,158,32
30,158,32
31,158,32
32,158,32
33,158,32
34,158,32
35,158,32
36,158,32
37,158,32
38,158,32
39,158,32
40,158,32
41,158,32
42,158,32
43,158,32
44,158,32
45,158,32
46,158,32
47,158,32
48,158,32
49,158,32
50,158,32
51,158,32
52,158,32
53,158,32
54,158,32
55,158,32
56,158,32
57,158,32
58,158,32
59,158,32
60,158,32
61,158,32
62,158,32
63,158,32
64,158,32
65,158,32
66,158,32
67,158,32
68,158,32
69,158,32
70,158,32
71,158,32
72,158,32
73,158,32
74,158,32
75,158,32
76,158,32
77,158,32
78,158,32
79,158,32
80,158,32
81,158,32
82,158,32
83,158,32
84,158,32
85,158,32
86,158,32
87,158,32
88,158,32
89,158,32
90,158,32
91,158,32
92,158,32
93,158,32
94,158,32
95,158,32
96,158,32
97,158,32
98,158,32
99,158,32
100,158,32
101,158,32
102,158,32
103,158,32
104,158,32
105,158,32
106,158,32
107,158,32
108,158,32
109,158,32
110,158,32
111,158,32
112,158,32
113,158,32
114,158,32
115,158,32
116,158,32
117,158,32
118,158,32
119,158,32
120,158,32
121,158,32
122,158,32
123,158,32
124,158,32
125,158,32
126,158,32
127,158,32
128,158,32
129,158,32
130,158,32
131,158,32
132,158,32
133,158,32
134,158,32
135,158,32
136,158,32
137,158,32
138,158,32
139,158,32
140,158,32
141,158,32
142,158,32
143,158,32
144,158,32
145,158,32
146,158,32
147,158,32
148,158,32
149,158,32
150,158,32
151,158,32
152,158,32
153,158,32
154,158,32
155,158,32
156,158,32
157,158,32
158,158,32
159,158,32
160,158,32
161,158,32
162,158,32
163,158,32
164,158,32
165,158,32
166,158,32
167,158,32
168,158,32
169,158,32
170,158,32
171,158,32
172,158,32
173,158,32
174,158,32
175,158,32
176,158,32
177,158,32
178,158,32
179,158,32
180,158,32
181,158,32
182,158,32
183,158,32
184,158,32
185,158,32
186,158,32
187,158,32
188,158,32
189,158,32
190,158,32
191,158,32
192,158,32
193,158,32
194,158,32
195,158,32
196,158,32
197,158,32
198,158,32
199,158,32
200,158,32
201,158,32
202,158,32
203,158,32
204,158,32
205,158,32
206,158,32
207,158,32
208,158,32
209,158,32
210,158,32
211,158,32
212,158,32
213,158,32
214,158,32
215,158,32
216,158,32
217,158,32
218,158,32
219,158,32
220,158,32
221,158,32
222,158,32
223,158,32
224,158,32
225,158,32
226,158,32
227,158,32
228,158,32
229,158,32
230,158,32
231,158,32
232,158,32
233,158,32
234,158,32
235,158,32
236,158,32
237,158,32
238,158,32
239,158,32
240,158,32
241,158,32
242,158,32
243,158,32
244,158,32
245,158,32
246,158,32
247,158,32
248,158,32
249,158,32
250,158,32
251,158,32
252,158,32
253,158,32
254,158,32
255,158,32
256,158,32
257,158,32
258,158,32
259,158,32
260,158,32
261,158,32
262,158,32
263,158,32
264,158,32
265,158,32
266,158,32
267,158,32
268,158,32
269,158,32
270,158,32
271,158,32
272,158,32
273,158,32
274,158,32
275,158,32
276,158,32
277,158,32
278,158,32
279,158,32
280,158,32
281,158,32
282,158,32
283,158,32
284,158,32
285,158,32
286,158,32
287,158,32
288,158,32
289,158,32
290,158,32
291,158,32
292,158,32
293,158,32
294,158,32
295,158,32
296,158,32
297,158,32
298,158,32
299,158,32
300,158,32
301,158,32
302,158,32
303,158,32
304,158,32
305,158,32
306,158,32
307,158,32
308,158,32
309,158,32
310,158,32
311,158,32
312,158,32
313,158,32
314,158,32
315,158,32
316,158,32
317,158,32
318,158,32
319,158,32
0,159,32
1,159,32
2,159,32
3,159,32
4,159,32
5,159,32
6,159,32
7,159,32
8,159,32
9,159,32
10,159,32
11,159,32
12,159,32
13,159,32
14,159,32
15,159,32
16,159,32
17,159,32
18,159,32
19,159,32
20,159,32
21,159,32
22,159,32
23,159,32
24,159,32
25,159,32
26,159,32
27,159,32
28,159,32
29,159,32
30,159,32
31,159,32
32,159,32
33,159,32
34,159,32
35,159,32
36,159,32
37,159,32
38,159,32
39,159,32
40,159,32
41,159,32
42,159,32
43,159,32
44,159,32
45,159,32
46,159,32
47,159,32
48,159,32
49,159,32
50,159,32
51,159,32
52,159,32
53,159,32
54,159,32
55,159,32
56,159,32
57,159,32
58,159,32
59,159,32
60,159,32
61,159,32
62,159,32
63,159,32
64,159,32
65,159,32
66,159,32
67,159,32
68,159,32
69,159,32
70,159,32
71,159,32
72,159,32
73,159,32
74,159,32
75,159,32
76,159,32
77,159,32
78,159,32
79,159,32
80,159,32
81,159,32
82,159,32
83,159,32
84,159,32
85,159,32
86,159,32
87,159,32
88,159,32
89,159,32
90,159,32
91,159,32
92,159,32
93,159,32
94,159,32
95,159,32
96,159,32
97,159,32
98,159,32
99,159,32
100,159,32
101,159,32
102,159,32
103,159,32
104,159,32
105,159,32
106,159,32
107,159,32
108,159,32
109,159,32
110,159,32
111,159,32
112,159,32
113,159,32
114,159,32
115,159,32
116,159,32
117,159,32
118,159,32
119,159,32
120,159,32
121,159,32
122,159,32
123,159,32
124,159,32
125,159,32
126,159,32
127,159,32
128,159,32
129,159,32
130,159,32
131,159,32
132,159,32
133,159,32
134,159,32
135,159,32
136,159,32
137,159,32
138,159,32
139,159,32
140,159,32
141,159,32
142,159,32
143,159,32
144,159,32
145,159,32
146,159,32
147,159,32
148,159,32
149,159,32
150,159,32
151,159,32
152,159,32
153,159,32
154,159,32
155,159,32
156,159,32
157,159,32
158,159,32
159,159,32
160,159,32
161,159,32
162,159,32
163,159,32
164,159,32
165,159,32
166,159,32
167,159,32
168,159,32
169,159,32
170,159,32
171,159,32
172,159,32
173,159,32
174,159,32
175,159,32
176,159,32
177,159,32
178,159,32
179,159,32
180,159,32
181,159,32
182,159,32
183,159,32
184,159,32
185,159,32
186,159,32
187,159,32
188,159,32
189,159,32
190,159,32
191,159,32
192,159,32
193,159,32
194,159,32
195,159,32
196,159,32
197,159,32
198,159,32
199,159,32
200,159,32
201,159,32
202,159,32
203,159,32
204,159,32
205,159,32
206,159,32
207,159,32
208,159,32
209,159,32
210,159,32
211,159,32
212,159,32
213,159,32
214,159,32
215,159,32
216,159,32
217,159,32
218,159,32
219,159,32
220,159,32
221,159,32
222,159,32
223,159,32
224,159,32
225,159,32
226,159,32
227,159,32
228,159,32
229,159,32
230,159,32
231,159,32
232,159,32
233,159,32
234,159,32
235,159,32
236,159,32
237,159,32
238,159,32
239,159,32
240,159,32
241,159,32
242,159,32
243,159,32
244,159,32
245,159,32
246,159,32
247,159,32
248,159,32
249,159,32
250,159,32
251,159,32
252,159,32
253,159,32
254,159,32
255,159,32
256,159,32
257,159,32
258,159,32
259,159,32
260,159,32
261,159,32
262,159,32
263,159,32
264,159,32
265,159,32
266,159,32
267,159,32
268,159,32
269,159,32
270,159,32
271,159,32
272,159,32
273,159,32
274,159,32
275,159,32
276,159,32
277,159,32
278,159,32
279,159,32
280,159,32
281,159,32
282,159,32
283,159,32
284,159,32
285,159,32
286,159,32
287,159,32
288,159,32
289,159,32
290,159,32
291,159,32
292,159,32
293,159,32
294,159,32
295,159,32
296,159,32
297,159,32
298,159,32
299,159,32
300,159,32
301,159,32
302,159,32
303,159,32
304,159,32
305,159,32
306,159,32
307,159,32
308,159,32
309,159,32
310,159,32
311,159,32
312,159,32
313,159,32
314,159,32
315,159,32
316,159,32
317,159,32
318,159,32
319,159,32
0,160,32
1,160,32
2,160,32
3,160,32
4,160,32
5,160,32
6,160,32
7,160,32
8,160,32
9,160,32
10,160,32
11,160,32
12,160,32
13,160,32
14,160,32
15,160,32
16,160,32
17,160,32
18,160,32
19,160,32
20,160,32
21,160,32
22,160,32
23,160,32
24,160,32
25,160,32
26,160,32
27,160,32
28,160,32
29,160,32
30,160,32
31,160,32
32,160,32
33,160,32
34,160,32
35,160,32
36,160,32
37,160,32
38,160,32
39,160,32
40,160,32
41,160,32
42,160,32
43,160,32
44,160,32
45,160,32
46,160,32
47,160,32
48,160,32
49,160,32
50,160,32
51,160,32
52,160,32
53,160,32
54,160,32
55,160,32
56,160,32
57,160,32
58,160,32
59,160,32
60,160,32
61,160,32
62,160,32
63,160,32
64,160,32
65,160,32
66,160,32
67,160,32
68,160,32
69,160,32
70,160,32
71,160,32
72,160,32
73,160,32
74,160,32
75,160,32
76,160,32
77,160,32
78,160,32
79,160,32
80,160,32
81,160,32
82,160,32
83,160,32
84,160,32
85,160,32
86,160,32
87,160,32
88,160,32
89,160,32
90,160,32
91,160,32
92,160,32
93,160,32
94,160,32
95,160,32
96,160,32
97,160,32
98,160,32
99,160,32
100,160,32
101,160,32
102,160,32
103,160,32
104,160,32
105,160,32
106,160,32
107,160,32
108,160,32
109,160,32
110,160,32
111,160,32
112,160,32
113,160,32
114,160,32
115,160,32
116,160,32
117,160,32
118,160,32
119,160,32
120,160,32
121,160,32
122,160,32
123,160,32
124,160,32
125,160,32
126,160,32
127,160,32
128,160,32
129,160,32
130,160,32
131,160,32
132,160,32
133,160,32
134,160,32
135,160,32
136,160,32
137,160,32
138,160,32
139,160,32
140,160,32
141,160,32
142,160,32
143,160,32
144,160,32
145,160,32
146,160,32
147,160,32
148,160,32
149,160,32
150,160,32
151,160,32
152,160,32
153,160,32
154,160,32
155,160,32
156,160,32
157,160,32
158,160,32
159,160,32
160,160,32
161,160,32
162,160,32
163,160,32
164,160,32
165,160,32
166,160,32
167,160,32
168,160,32
169,160,32
170,160,32
171,160,32
172,160,32
173,160,32
174,160,32
175,160,32
176,160,32
177,160,32
178,160,32
179,160,32
180,160,32
181,160,32
182,160,32
183,160,32
184,160,32
185,160,32
186,160,32
187,160,32
188,160,32
189,160,32
190,160,32
191,160,32
192,160,32
193,160,32
194,160,32
195,160,32
196,160,32
197,160,32
198,160,32
199,160,32
200,160,32
201,160,32
202,160,32
203,160,32
204,160,32
205,160,32
206,160,32
207,160,32
208,160,32
209,160,32
210,160,32
211,160,32
212,160,32
213,160,32
214,160,32
215,160,32
216,160,32
217,160,32
218,160,32
219,160,32
220,160,32
221,160,32
222,160,32
223,160,32
224,160,32
225,160,32
226,160,32
227,160,32
228,160,32
229,160,32
230,160,32
231,160,32
232,160,32
233,160,32
234,160,32
235,160,32
236,160,32
237,160,32
238,160,32
239,160,32
240,160,32
241,160,32
242,160,32
243,160,32
244,160,32
245,160,32
246,160,32
247,160,32
248,160,32
249,160,32
250,160,32
251,160,32
252,160,32
253,160,32
254,160,32
255,160,32
256,160,32
257,160,32
258,160,32
259,160,32
260,160,32
261,160,32
262,160,32
263,160,32
264,160,32
265,160,32
266,160,32
267,160,32
268,160,32
269,160,32
270,160,32
271,160,32
272,160,32
273,160,32
274,160,32
275,160,32
276,160,32
277,160,32
278,160,32
279,160,32
280,160,32
281,160,32
282,160,32
283,160,32
284,160,32
285,160,32
286,160,32
287,160,32
288,160,32
289,160,32
290,160,32
291,160,32
292,160,32
293,160,32
294,160,32
295,160,32
296,160,32
297,160,32
298,160,32
299,160,32
300,160,32
301,160,32
302,160,32
303,160,32
304,160,32
305,160,32
306,160,32
307,160,32
308,160,32
309,160,32
310,160,32
311,160,32
312,160,32
313,160,32
314,160,32
315,160,32
316,160,32
317,160,32
318,160,32
319,160,32
0,161,32
1,161,32
2,161,32
3,161,32
4,161,32
5,161,32
6,161,32
7,161,32
8,161,32
9,161,32
10,161,32
11,161,32
12,161,32
13,161,32
14,161,32
15,161,32
16,161,32
17,161,32
18,161,32
19,161,32
20,161,32
21,161,32
22,161,32
23,161,32
24,161,32
25,161,32
26,161,32
27,161,32
28,161,32
29,161,32
30,161,32
31,161,32
32,161,32
33,161,32
34,161,32
35,161,32
36,161,32
37,161,32
38,161,32
39,161,32
40,161,32
41,161,32
42,161,32
43,161,32
44,161,32
45,161,32
46,161,32
47,161,32
48,161,32
49,161,32
50,161,32
51,161,32
52,161,32
53,161,32
54,161,32
55,161,32
56,161,32
57,161,32
58,161,32
59,161,32
60,161,32
61,161,32
62,161,32
63,161,32
64,161,32
65,161,32
66,161,32
67,161,32
68,161,32
69,161,32
70,161,32
71,161,32
72,161,32
73,161,32
74,161,32
75,161,32
76,161,32
77,161,32
78,161,32
79,161,32
80,161,32
81,161,32
82,161,32
83,161,32
84,161,32
85,161,32
86,161,32
87,161,32
88,161,32
89,161,32
90,161,32
91,161,32
92,161,32
93,161,32
94,161,32
95,161,32
96,161,32
97,161,32
98,161,32
99,161,32
100,161,32
101,161,32
102,161,32
103,161,32
104,161,32
105,161,32
106,161,32
107,161,32
108,161,32
109,161,32
110,161,32
111,161,32
112,161,32
113,161,32
114,161,32
115,161,32
116,161,32
117,161,32
118,161,32
119,161,32
120,161,32
121,161,32
122,161,32
123,161,32
124,161,32
125,161,32
126,161,32
127,161,32
128,161,32
129,161,32
130,161,32
131,161,32
132,161,32
133,161,32
134,161,32
135,161,32
136,161,32
137,161,32
138,161,32
139,161,32
140,161,32
141,161,32
142,161,32
143,161,32
144,161,32
145,161,32
146,161,32
147,161,32
148,161,32
149,161,32
150,161,32
151,161,32
152,161,32
153,161,32
154,161,32
155,161,32
156,161,32
157,161,32
158,161,32
159,161,32
160,161,32
161,161,32
162,161,32
163,161,32
164,161,32
165,161,32
166,161,32
167,161,32
168,161,32
169,161,32
170,161,32
171,161,32
172,161,32
173,161,32
174,161,32
175,161,32
176,161,32
177,161,32
178,161,32
179,161,32
180,161,32
181,161,32
182,161,32
183,161,32
184,161,32
185,161,32
186,161,32
187,161,32
188,161,32
189,161,32
190,161,32
191,161,32
192,161,32
193,161,32
194,161,32
195,161,32
196,161,32
197,161,32
198,161,32
199,161,32
200,161,32
201,161,32
202,161,32
203,161,32
204,161,32
205,161,32
206,161,32
207,161,32
208,161,32
209,161,32
210,161,32
211,161,32
212,161,32
213,161,32
214,161,32
215,161,32
216,161,32
217,161,32
218,161,32
219,161,32
220,161,32
221,161,32
222,161,32
223,161,32
224,161,32
225,161,32
226,161,32
227,161,32
228,161,32
229,161,32
230,161,32
231,161,32
232,161,32
233,161,32
234,161,32
235,161,32
236,161,32
237,161,32
238,161,32
239,161,32
240,161,32
241,161,32
242,161,32
243,161,32
244,161,32
245,161,32
246,161,32
247,161,32
248,161,32
249,161,32
250,161,32
251,161,32
252,161,32
253,161,32
254,161,32
255,161,32
256,161,32
257,161,32
258,161,32
259,161,32
260,161,32
261,161,32
262,161,32
263,161,32
264,161,32
265,161,32
266,161,32
267,161,32
268,161,32
269,161,32
270,161,32
271,161,32
272,161,32
273,161,32
274,161,32
275,161,32
276,161,32
277,161,32
278,161,32
279,161,32
280,161,32
281,161,32
282,161,32
283,161,32
284,161,32
285,161,32
286,161,32
287,161,32
288,161,32
289,161,32
290,161,32
291,161,32
292,161,32
293,161,32
294,161,32
295,161,32
296,161,32
297,161,32
298,161,32
299,161,32
300,161,32
301,161,32
302,161,32
303,161,32
304,161,32
305,161,32
306,161,32
307,161,32
308,161,32
309,161,32
310,161,32
311,161,32
312,161,32
313,161,32
314,161,32
315,161,32
316,161,32
317,161,32
318,161,32
319,161,32
0,162,32
1,162,32
2,162,32
3,162,32
4,162,32
5,162,32
6,162,32
7,162,32
8,162,32
9,162,32
10,162,32
11,162,32
12,162,32
13,162,32
14,162,32
15,162,32
16,162,32
17,162,32
18,162,32
19,162,32
20,162,32
21,162,32
22,162,32
23,162,32
24,162,32
25,162,32
26,162,32
27,162,32
28,162,32
29,162,32
30,162,32
31,162,32
32,162,32
33,162,32
34,162,32
35,162,32
36,162,32
37,162,32
38,162,32
39,162,32
40,162,32
41,162,32
42,162,32
43,162,32
44,162,32
45,162,32
46,162,32
47,162,32
48,162,32
49,162,32
50,162,32
51,162,32
52,162,32
53,162,32
54,162,32
55,162,32
56,162,32
57,162,32
58,162,32
59,162,32
60,162,32
61,162,32
62,162,32
63,162,32
64,162,32
65,162,32
66,162,32
67,162,32
68,162,32
69,162,32
70,162,32
71,162,32
72,162,32
73,162,32
74,162,32
75,162,32
76,162,32
77,162,32
78,162,32
79,162,32
80,162,32
81,162,32
82,162,32
83,162,32
84,162,32
85,162,32
86,162,32
87,162,32
88,162,32
89,162,32
90,162,32
91,162,32
92,162,32
93,162,32
94,162,32
95,162,32
96,162,32
97,162,32
98,162,32
99,162,32
100,162,32
101,162,32
102,162,32
103,162,32
104,162,32
105,162,32
106,162,32
107,162,32
108,162,32
109,162,32
110,162,32
111,162,32
112,162,32
113,162,32
114,162,32
115,162,32
116,162,32
117,162,32
118,162,32
119,162,32
120,162,32
121,162,32
122,162,32
123,162,32
124,162,32
125,162,32
126,162,32
127,162,32
128,162,32
129,162,32
130,162,32
131,162,32
132,162,32
133,162,32
134,162,32
135,162,32
136,162,32
137,162,32
138,162,32
139,162,32
140,162,32
141,162,32
142,162,32
143,162,32
144,162,32
145,162,32
146,162,32
147,162,32
148,162,32
149,162,32
150,162,32
151,162,32
152,162,32
153,162,32
154,162,32
155,162,32
156,162,32
157,162,32
158,162,32
159,162,32
160,162,32
161,162,32
162,162,32
163,162,32
164,162,32
165,162,32
166,162,32
167,162,32
168,162,32
169,162,32
170,162,32
171,162,32
172,162,32
173,162,32
174,162,32
175,162,32
176,162,32
177,162,32
178,162,32
179,162,32
180,162,32
181,162,32
182,162,32
183,162,32
184,162,32
185,162,32
186,162,32
187,162,32
188,162,32
189,162,32
190,162,32
191,162,32
192,162,32
193,162,32
194,162,32
195,162,32
196,162,32
197,162,32
198,162,32
199,162,32
200,162,32
201,162,32
202,162,32
203,162,32
204,162,32
205,162,32
206,162,32
207,162,32
208,162,32
209,162,32
210,162,32
211,162,32
212,162,32
213,162,32
214,162,32
215,162,32
216,162,32
217,162,32
218,162,32
219,162,32
220,162,32
221,162,32
222,162,32
223,162,32
224,162,32
225,162,32
226,162,32
227,162,32
228,162,32
229,162,32
230,162,32
231,162,32
232,162,32
233,162,32
234,162,32
235,162,32
236,162,32
237,162,32
238,162,32
239,162,32
240,162,32
241,162,32
242,162,32
243,162,32
244,162,32
245,162,32
246,162,32
247,162,32
248,162,32
249,162,32
250,162,32
251,162,32
252,162,32
253,162,32
254,162,32
255,162,32
256,162,32
257,162,32
258,162,32
259,162,32
260,162,32
261,162,32
262,162,32
263,162,32
264,162,32
265,162,32
266,162,32
267,162,32
268,162,32
269,162,32
270,162,32
271,162,32
272,162,32
273,162,32
274,162,32
275,162,32
276,162,32
277,162,32
278,162,32
279,162,32
280,162,32
281,162,32
282,162,32
283,162,32
284,162,32
285,162,32
286,162,32
287,162,32
288,162,32
289,162,32
290,162,32
291,162,32
292,162,32
293,162,32
294,162,32
295,162,32
296,162,32
297,162,32
298,162,32
299,162,32
300,162,32
301,162,32
302,162,32
303,162,32
304,162,32
305,162,32
306,162,32
307,162,32
308,162,32
309,162,32
310,162,32
311,162,32
312,162,32
313,162,32
314,162,32
315,162,32
316,162,32
317,162,32
318,162,32
319,162,32
0,163,32
1,163,32
2,163,32
3,163,32
4,163,32
5,163,32
6,163,32
7,163,32
8,163,32
9,163,32
10,163,32
11,163,32
12,163,32
13,163,32
14,163,32
15,163,32
16,163,32
17,163,32
18,163,32
19,163,32
20,163,32
21,163,32
22,163,32
23,163,32
24,163,32
25,163,32
26,163,32
27,163,32
28,163,32
29,163,32
30,163,32
31,163,32
32,163,32
33,163,32
34,163,32
35,163,32
36,163,32
37,163,32
38,163,32
39,163,32
40,163,32
41,163,32
42,163,32
43,163,32
44,163,32
45,163,32
46,163,32
47,163,32
48,163,32
49,163,32
50,163,32
51,163,32
52,163,32
53,163,32
54,163,32
55,163,32
56,163,32
57,163,32
58,163,32
59,163,32
60,163,32
61,163,32
62,163,32
63,163,32
64,163,32
65,163,32
66,163,32
67,163,32
68,163,32
69,163,32
70,163,32
71,163,32
72,163,32
73,163,32
74,163,32
75,163,32
76,163,32
77,163,32
78,163,32
79,163,32
80,163,32
81,163,32
82,163,32
83,163,32
84,163,32
85,163,32
86,163,32
87,163,32
88,163,32
89,163,32
90,163,32
91,163,32
92,163,32
93,163,32
94,163,32
95,163,32
96,163,32
97,163,32
98,163,32
99,163,32
100,163,32
101,163,32
102,163,32
103,163,32
104,163,32
105,163,32
106,163,32
107,163,32
108,163,32
109,163,32
110,163,32
111,163,32
112,163,32
113,163,32
114,163,32
115,163,32
116,163,32
117,163,32
118,163,32
119,163,32
120,163,32
121,163,32
122,163,32
123,163,32
124,163,32
125,163,32
126,163,32
127,163,32
128,163,32
129,163,32
130,163,32
131,163,32
132,163,32
133,163,32
134,163,32
135,163,32
136,163,32
137,163,32
138,163,32
139,163,32
140,163,32
141,163,32
142,163,32
143,163,32
144,163,32
145,163,32
146,163,32
147,163,32
148,163,32
149,163,32
150,163,32
151,163,32
152,163,32
153,163,32
154,163,32
155,163,32
156,163,32
157,163,32
158,163,32
159,163,32
160,163,32
161,163,32
162,163,32
163,163,32
164,163,32
165,163,32
166,163,32
167,163,32
168,163,32
169,163,32
170,163,32
171,163,32
172,163,32
173,163,32
174,163,32
175,163,32
176,163,32
177,163,32
178,163,32
179,163,32
180,163,32
181,163,32
182,163,32
183,163,32
184,163,32
185,163,32
186,163,32
187,163,32
188,163,32
189,163,32
190,163,32
191,163,32
192,163,32
193,163,32
194,163,32
195,163,32
196,163,32
197,163,32
198,163,32
199,163,32
200,163,32
201,163,32
202,163,32
203,163,32
204,163,32
205,163,32
206,163,32
207,163,32
208,163,32
209,163,32
210,163,32
211,163,32
212,163,32
213,163,32
214,163,32
215,163,32
216,163,32
217,163,32
218,163,32
219,163,32
220,163,32
221,163,32
222,163,32
223,163,32
224,163,32
225,163,32
226,163,32
227,163,32
228,163,32
229,163,32
230,163,32
231,163,32
232,163,32
233,163,32
234,163,32
235,163,32
236,163,32
237,163,32
238,163,32
239,163,32
240,163,32
241,163,32
242,163,32
243,163,32
244,163,32
245,163,32
246,163,32
247,163,32
248,163,32
249,163,32
250,163,32
251,163,32
252,163,32
253,163,32
254,163,32
255,163,32
256,163,32
257,163,32
258,163,32
259,163,32
260,163,32
261,163,32
262,163,32
263,163,32
264,163,32
265,163,32
266,163,32
267,163,32
268,163,32
269,163,32
270,163,32
271,163,32
272,163,32
273,163,32
274,163,32
275,163,32
276,163,32
277,163,32
278,163,32
279,163,32
280,163,32
281,163,32
282,163,32
283,163,32
284,163,32
285,163,32
286,163,32
287,163,32
288,163,32
289,163,32
290,163,32
291,163,32
292,163,32
293,163,32
294,163,32
295,163,32
296,163,32
297,163,32
298,163,32
299,163,32
300,163,32
301,163,32
302,163,32
303,163,32
304,163,32
305,163,32
306,163,32
307,163,32
308,163,32
309,163,32
310,163,32
311,163,32
312,163,32
313,163,32
314,163,32
315,163,32
316,163,32
317,163,32
318,163,32
319,163,32
0,164,32
1,164,32
2,164,32
3,164,32
4,164,32
5,164,32
6,164,32
7,164,32
8,164,32
9,164,32
10,164,32
11,164,32
12,164,32
13,164,32
14,164,32
15,164,32
16,164,32
17,164,32
18,164,32
19,164,32
20,164,32
21,164,32
22,164,32
23,164,32
24,164,32
25,164,32
26,164,32
27,164,32
28,164,32
29,164,32
30,164,32
31,164,32
32,164,32
33,164,32
34,164,32
35,164,32
36,164,32
37,164,32
38,164,32
39,164,32
40,164,32
41,164,32
42,164,32
43,164,32
44,164,32
45,164,32
46,164,32
47,164,32
48,164,32
49,164,32
50,164,32
51,164,32
52,164,32
53,164,32
54,164,32
55,164,32
56,164,32
57,164,32
58,164,32
59,164,32
60,164,32
61,164,32
62,164,32
63,164,32
64,164,32
65,164,32
66,164,32
67,164,32
68,164,32
69,164,32
70,164,32
71,164,32
72,164,32
73,164,32
74,164,32
75,164,32
76,164,32
77,164,32
78,164,32
79,164,32
80,164,32
81,164,32
82,164,32
83,164,32
84,164,32
85,164,32
86,164,32
87,164,32
88,164,32
89,164,32
90,164,32
91,164,32
92,164,32
93,164,32
94,164,32
95,164,32
96,164,32
97,164,32
98,164,32
99,164,32
100,164,32
101,164,32
102,164,32
103,164,32
104,164,32
105,164,32
106,164,32
107,164,32
108,164,32
109,164,32
110,164,32
111,164,32
112,164,32
113,164,32
114,164,32
115,164,32
116,164,32
117,164,32
118,164,32
119,164,32
120,164,32
121,164,32
122,164,32
123,164,32
124,164,32
125,164,32
126,164,32
127,164,32
128,164,32
129,164,32
130,164,32
131,164,32
132,164,32
133,164,32
134,164,32
135,164,32
136,164,32
137,164,32
138,164,32
139,164,32
140,164,32
141,164,32
142,164,32
143,164,32
144,164,32
145,164,32
146,164,32
147,164,32
148,164,32
149,164,32
150,164,32
151,164,32
152,164,32
153,164,32
154,164,32
155,164,32
156,164,32
157,164,32
158,164,32
159,164,32
160,164,32
161,164,32
162,164,32
163,164,32
164,164,32
165,164,32
166,164,32
167,164,32
168,164,32
169,164,32
170,164,32
171,164,32
172,164,32
173,164,32
174,164,32
175,164,32
176,164,32
177,164,32
178,164,32
179,164,32
180,164,32
181,164,32
182,164,32
183,164,32
184,164,32
185,164,32
186,164,32
187,164,32
188,164,32
189,164,32
190,164,32
191,164,32
192,164,32
193,164,32
194,164,32
195,164,32
196,164,32
197,164,32
198,164,32
199,164,32
200,164,32
201,164,32
202,164,32
203,164,32
204,164,32
205,164,32
206,164,32
207,164,32
208,164,32
209,164,32
210,164,32
211,164,32
212,164,32
213,164,32
214,164,32
215,164,32
216,164,32
217,164,32
218,164,32
219,164,32
220,164,32
221,164,32
222,164,32
223,164,32
224,164,32
225,164,32
226,164,32
227,164,32
228,164,32
229,164,32
230,164,32
231,164,32
232,164,32
233,164,32
234,164,32
235,164,32
236,164,32
237,164,32
238,164,32
239,164,32
240,164,32
241,164,32
242,164,32
243,164,32
244,164,32
245,164,32
246,164,32
247,164,32
248,164,32
249,164,32
250,164,32
251,164,32
252,164,32
253,164,32
254,164,32
255,164,32
256,164,32
257,164,32
258,164,32
259,164,32
260,164,32
261,164,32
262,164,32
263,164,32
264,164,32
265,164,32
266,164,32
267,164,32
268,164,32
269,164,32
270,164,32
271,164,32
272,164,32
273,164,32
274,164,32
275,164,32
276,164,32
277,164,32
278,164,32
279,164,32
280,164,32
281,164,32
282,164,32
283,164,32
284,164,32
285,164,32
286,164,32
287,164,32
288,164,32
289,164,32
290,164,32
291,164,32
292,164,32
293,164,32
294,164,32
295,164,32
296,164,32
297,164,32
298,164,32
299,164,32
300,164,32
301,164,32
302,164,32
303,164,32
304,164,32
305,164,32
306,164,32
307,164,32
308,164,32
309,164,32
310,164,32
311,164,32
312,164,32
313,164,32
314,164,32
315,164,32
316,164,32
317,164,32
318,164,32
319,164,32
0,165,32
1,165,32
2,165,32
3,165,32
4,165,32
5,165,32
6,165,32
7,165,32
8,165,32
9,165,32
10,165,32
11,165,32
12,165,32
13,165,32
14,165,32
15,165,32
16,165,32
17,165,32
18,165,32
19,165,32
20,165,32
21,165,32
22,165,32
23,165,32
24,165,32
25,165,32
26,165,32
27,165,32
28,165,32
29,165,32
30,165,32
31,165,32
32,165,32
33,165,32
34,165,32
35,165,32
36,165,32
37,165,32
38,165,32
39,165,32
40,165,32
41,165,32
42,165,32
43,165,32
44,165,32
45,165,32
46,165,32
47,165,32
48,165,32
49,165,32
50,165,32
51,165,32
52,165,32
53,165,32
54,165,32
55,165,32
56,165,32
57,165,32
58,165,32
59,165,32
60,165,32
61,165,32
62,165,32
63,165,32
64,165,32
65,165,32
66,165,32
67,165,32
68,165,32
69,165,32
70,165,32
71,165,32
72,165,32
73,165,32
74,165,32
75,165,32
76,165,32
77,165,32
78,165,32
79,165,32
80,165,32
81,165,32
82,165,32
83,165,32
84,165,32
85,165,32
86,165,32
87,165,32
88,165,32
89,165,32
90,165,32
91,165,32
92,165,32
93,165,32
94,165,32
95,165,32
96,165,32
97,165,32
98,165,32
99,165,32
100,165,32
101,165,32
102,165,32
103,165,32
104,165,32
105,165,32
106,165,32
107,165,32
108,165,32
109,165,32
110,165,32
111,165,32
112,165,32
113,165,32
114,165,32
115,165,32
116,165,32
117,165,32
118,165,32
119,165,32
120,165,32
121,165,32
122,165,32
123,165,32
124,165,32
125,165,32
126,165,32
127,165,32
128,165,32
129,165,32
130,165,32
131,165,32
132,165,32
133,165,32
134,165,32
135,165,32
136,165,32
137,165,32
138,165,32
139,165,32
140,165,32
141,165,32
142,165,32
143,165,32
144,165,32
145,165,32
146,165,32
147,165,32
148,165,32
149,165,32
150,165,32
151,165,32
152,165,32
153,165,32
154,165,32
155,165,32
156,165,32
157,165,32
158,165,32
159,165,32
160,165,32
161,165,32
162,165,32
163,165,32
164,165,32
165,165,32
166,165,32
167,165,32
168,165,32
169,165,32
170,165,32
171,165,32
172,165,32
173,165,32
174,165,32
175,165,32
176,165,32
177,165,32
178,165,32
179,165,32
180,165,32
181,165,32
182,165,32
183,165,32
184,165,32
185,165,32
186,165,32
187,165,32
188,165,32
189,165,32
190,165,32
191,165,32
192,165,32
193,165,32
194,165,32
195,165,32
196,165,32
197,165,32
198,165,32
199,165,32
200,165,32
201,165,32
202,165,32
203,165,32
204,165,32
205,165,32
206,165,32
207,165,32
208,165,32
209,165,32
210,165,32
211,165,32
212,165,32
213,165,32
214,165,32
215,165,32
216,165,32
217,165,32
218,165,32
219,165,32
220,165,32
221,165,32
222,165,32
223,165,32
224,165,32
225,165,32
226,165,32
227,165,32
228,165,32
229,165,32
230,165,32
231,165,32
232,165,32
233,165,32
234,165,32
235,165,32
236,165,32
237,165,32
238,165,32
239,165,32
240,165,32
241,165,32
242,165,32
243,165,32
244,165,32
245,165,32
246,165,32
247,165,32
248,165,32
249,165,32
250,165,32
251,165,32
252,165,32
253,165,32
254,165,32
255,165,32
256,165,32
257,165,32
258,165,32
259,165,32
260,165,32
261,165,32
262,165,32
263,165,32
264,165,32
265,165,32
266,165,32
267,165,32
268,165,32
269,165,32
270,165,32
271,165,32
272,165,32
273,165,32
274,165,32
275,165,32
276,165,32
277,165,32
278,165,32
279,165,32
280,165,32
281,165,32
282,165,32
283,165,32
284,165,32
285,165,32
286,165,32
287,165,32
288,165,32
289,165,32
290,165,32
291,165,32
292,165,32
293,165,32
294,165,32
295,165,32
296,165,32
297,165,32
298,165,32
299,165,32
300,165,32
301,165,32
302,165,32
303,165,32
304,165,32
305,165,32
306,165,32
307,165,32
308,165,32
309,165,32
310,165,32
311,165,32
312,165,32
313,165,32
314,165,32
315,165,32
316,165,32
317,165,32
318,165,32
319,165,32
0,166,32
1,166,32
2,166,32
3,166,32
4,166,32
5,166,32
6,166,32
7,166,32
8,166,32
9,166,32
10,166,32
11,166,32
12,166,32
13,166,32
14,166,32
15,166,32
16,166,32
17,166,32
18,166,32
19,166,32
20,166,32
21,166,32
22,166,32
23,166,32
24,166,32
25,166,32
26,166,32
27,166,32
28,166,32
29,166,32
30,166,32
31,166,32
32,166,32
33,166,32
34,166,32
35,166,32
36,166,32
37,166,32
38,166,32
39,166,32
40,166,32
41,166,32
42,166,32
43,166,32
44,166,32
45,166,32
46,166,32
47,166,32
48,166,32
49,166,32
50,166,32
51,166,32
52,166,32
53,166,32
54,166,32
55,166,32
56,166,32
57,166,32
58,166,32
59,166,32
60,166,32
61,166,32
62,166,32
63,166,32
64,166,32
65,166,32
66,166,32
67,166,32
68,166,32
69,166,32
70,166,32
71,166,32
72,166,32
73,166,32
74,166,32
75,166,32
76,166,32
77,166,32
78,166,32
79,166,32
80,166,32
81,166,32
82,166,32
83,166,32
84,166,32
85,166,32
86,166,32
87,166,32
88,166,32
89,166,32
90,166,32
91,166,32
92,166,32
93,166,32
94,166,32
95,166,32
96,166,32
97,166,32
98,166,32
99,166,32
100,166,32
101,166,32
102,166,32
103,166,32
104,166,32
105,166,32
106,166,32
107,166,32
108,166,32
109,166,32
110,166,32
111,166,32
112,166,32
113,166,32
114,166,32
115,166,32
116,166,32
117,166,32
118,166,32
119,166,32
120,166,32
121,166,32
122,166,32
123,166,32
124,166,32
125,166,32
126,166,32
127,166,32
128,166,32
129,166,32
130,166,32
131,166,32
132,166,32
133,166,32
134,166,32
135,166,32
136,166,32
137,166,32
138,166,32
139,166,32
140,166,32
141,166,32
142,166,32
143,166,32
144,166,32
145,166,32
146,166,32
147,166,32
148,166,32
149,166,32
150,166,32
151,166,32
152,166,32
153,166,32
154,166,32
155,166,32
156,166,32
157,166,32
158,166,32
159,166,32
160,166,32
161,166,32
162,166,32
163,166,32
164,166,32
165,166,32
166,166,32
167,166,32
168,166,32
169,166,32
170,166,32
171,166,32
172,166,32
173,166,32
174,166,32
175,166,32
176,166,32
177,166,32
178,166,32
179,166,32
180,166,32
181,166,32
182,166,32
183,166,32
184,166,32
185,166,32
186,166,32
187,166,32
188,166,32
189,166,32
190,166,32
191,166,32
192,166,32
193,166,32
194,166,32
195,166,32
196,166,32
197,166,32
198,166,32
199,166,32
200,166,32
201,166,32
202,166,32
203,166,32
204,166,32
205,166,32
206,166,32
207,166,32
208,166,32
209,166,32
210,166,32
211,166,32
212,166,32
213,166,32
214,166,32
215,166,32
216,166,32
217,166,32
218,166,32
219,166,32
220,166,32
221,166,32
222,166,32
223,166,32
224,166,32
225,166,32
226,166,32
227,166,32
228,166,32
229,166,32
230,166,32
231,166,32
232,166,32
233,166,32
234,166,32
235,166,32
236,166,32
237,166,32
238,166,32
239,166,32
240,166,32
241,166,32
242,166,32
243,166,32
244,166,32
245,166,32
246,166,32
247,166,32
248,166,32
249,166,32
250,166,32
251,166,32
252,166,32
253,166,32
254,166,32
255,166,32
256,166,32
257,166,32
258,166,32
259,166,32
260,166,32
261,166,32
262,166,32
263,166,32
264,166,32
265,166,32
266,166,32
267,166,32
268,166,32
269,166,32
270,166,32
271,166,32
272,166,32
273,166,32
274,166,32
275,166,32
276,166,32
277,166,32
278,166,32
279,166,32
280,166,32
281,166,32
282,166,32
283,166,32
284,166,32
285,166,32
286,166,32
287,166,32
288,166,32
289,166,32
290,166,32
291,166,32
292,166,32
293,166,32
294,166,32
295,166,32
296,166,32
297,166,32
298,166,32
299,166,32
300,166,32
301,166,32
302,166,32
303,166,32
304,166,32
305,166,32
306,166,32
307,166,32
308,166,32
309,166,32
310,166,32
311,166,32
312,166,32
313,166,32
314,166,32
315,166,32
316,166,32
317,166,32
318,166,32
319,166,32
0,167,32
1,167,32
2,167,32
3,167,32
4,167,32
5,167,32
6,167,32
7,167,32
8,167,32
9,167,32
10,167,32
11,167,32
12,167,32
13,167,32
14,167,32
15,167,32
16,167,32
17,167,32
18,167,32
19,167,32
20,167,32
21,167,32
22,167,32
23,167,32
24,167,32
25,167,32
26,167,32
27,167,32
28,167,32
29,167,32
30,167,32
31,167,32
32,167,32
33,167,32
34,167,32
35,167,32
36,167,32
37,167,32
38,167,32
39,167,32
40,167,32
41,167,32
42,167,32
43,167,32
44,167,32
45,167,32
46,167,32
47,167,32
48,167,32
49,167,32
50,167,32
51,167,32
52,167,32
53,167,32
54,167,32
55,167,32
56,167,32
57,167,32
58,167,32
59,167,32
60,167,32
61,167,32
62,167,32
63,167,32
64,167,32
65,167,32
66,167,32
67,167,32
68,167,32
69,167,32
70,167,32
71,167,32
72,167,32
73,167,32
74,167,32
75,167,32
76,167,32
77,167,32
78,167,32
79,167,32
80,167,32
81,167,32
82,167,32
83,167,32
84,167,32
85,167,32
86,167,32
87,167,32
88,167,32
89,167,32
90,167,32
91,167,32
92,167,32
93,167,32
94,167,32
95,167,32
96,167,32
97,167,32
98,167,32
99,167,32
100,167,32
101,167,32
102,167,32
103,167,32
104,167,32
105,167,32
106,167,32
107,167,32
108,167,32
109,167,32
110,167,32
111,167,32
112,167,32
113,167,32
114,167,32
115,167,32
116,167,32
117,167,32
118,167,32
119,167,32
120,167,32
121,167,32
122,167,32
123,167,32
124,167,32
125,167,32
126,167,32
127,167,32
128,167,32
129,167,32
130,167,32
131,167,32
132,167,32
133,167,32
134,167,32
135,167,32
136,167,32
137,167,32
138,167,32
139,167,32
140,167,32
141,167,32
142,167,32
143,167,32
144,167,32
145,167,32
146,167,32
147,167,32
148,167,32
149,167,32
150,167,32
151,167,32
152,167,32
153,167,32
154,167,32
155,167,32
156,167,32
157,167,32
158,167,32
159,167,32
160,167,32
161,167,32
162,167,32
163,167,32
164,167,32
165,167,32
166,167,32
167,167,32
168,167,32
169,167,32
170,167,32
171,167,32
172,167,32
173,167,32
174,167,32
175,167,32
176,167,32
177,167,32
178,167,32
179,167,32
180,167,32
181,167,32
182,167,32
183,167,32
184,167,32
185,167,32
186,167,32
187,167,32
188,167,32
189,167,32
190,167,32
191,167,32
192,167,32
193,167,32
194,167,32
195,167,32
196,167,32
197,167,32
198,167,32
199,167,32
200,167,32
201,167,32
202,167,32
203,167,32
204,167,32
205,167,32
206,167,32
207,167,32
208,167,32
209,167,32
210,167,32
211,167,32
212,167,32
213,167,32
214,167,32
215,167,32
216,167,32
217,167,32
218,167,32
219,167,32
220,167,32
221,167,32
222,167,32
223,167,32
224,167,32
225,167,32
226,167,32
227,167,32
228,167,32
229,167,32
230,167,32
231,167,32
232,167,32
233,167,32
234,167,32
235,167,32
236,167,32
237,167,32
238,167,32
239,167,32
240,167,32
241,167,32
242,167,32
243,167,32
244,167,32
245,167,32
246,167,32
247,167,32
248,167,32
249,167,32
250,167,32
251,167,32
252,167,32
253,167,32
254,167,32
255,167,32
256,167,32
257,167,32
258,167,32
259,167,32
260,167,32
261,167,32
262,167,32
263,167,32
264,167,32
265,167,32
266,167,32
267,167,32
268,167,32
269,167,32
270,167,32
271,167,32
272,167,32
273,167,32
274,167,32
275,167,32
276,167,32
277,167,32
278,167,32
279,167,32
280,167,32
281,167,32
282,167,32
283,167,32
284,167,32
285,167,32
286,167,32
287,167,32
288,167,32
289,167,32
290,167,32
291,167,32
292,167,32
293,167,32
294,167,32
295,167,32
296,167,32
297,167,32
298,167,32
299,167,32
300,167,32
301,167,32
302,167,32
303,167,32
304,167,32
305,167,32
306,167,32
307,167,32
308,167,32
309,167,32
310,167,32
311,167,32
312,167,32
313,167,32
314,167,32
315,167,32
316,167,32
317,167,32
318,167,32
319,167,32
0,168,32
1,168,32
2,168,32
3,168,32
4,168,32
5,168,32
6,168,32
7,168,32
8,168,32
9,168,32
10,168,32
11,168,32
12,168,32
13,168,32
14,168,32
15,168,32
16,168,32
17,168,32
18,168,32
19,168,32
20,168,32
21,168,32
22,168,32
23,168,32
24,168,32
25,168,32
26,168,32
27,168,32
28,168,32
29,168,32
30,168,32
31,168,32
32,168,32
33,168,32
34,168,32
35,168,32
36,168,32
37,168,32
38,168,32
39,168,32
40,168,32
41,168,32
42,168,32
43,168,32
44,168,32
45,168,32
46,168,32
47,168,32
48,168,32
49,168,32
50,168,32
51,168,32
52,168,32
53,168,32
54,168,32
55,168,32
56,168,32
57,168,32
58,168,32
59,168,32
60,168,32
61,168,32
62,168,32
63,168,32
64,168,32
65,168,32
66,168,32
67,168,32
68,168,32
69,168,32
70,168,32
71,168,32
72,168,32
73,168,32
74,168,32
75,168,32
76,168,32
77,168,32
78,168,32
79,168,32
80,168,32
81,168,32
82,168,32
83,168,32
84,168,32
85,168,32
86,168,32
87,168,32
88,168,32
89,168,32
90,168,32
91,168,32
92,168,32
93,168,32
94,168,32
95,168,32
96,168,32
97,168,32
98,168,32
99,168,32
100,168,32
101,168,32
102,168,32
103,168,32
104,168,32
105,168,32
106,168,32
107,168,32
108,168,32
109,168,32
110,168,32
111,168,32
112,168,32
113,168,32
114,168,32
115,168,32
116,168,32
117,168,32
118,168,32
119,168,32
120,168,32
121,168,32
122,168,32
123,168,32
124,168,32
125,168,32
126,168,32
127,168,32
128,168,32
129,168,32
130,168,32
131,168,32
132,168,32
133,168,32
134,168,32
135,168,32
136,168,32
137,168,32
138,168,32
139,168,32
140,168,32
141,168,32
142,168,32
143,168,32
144,168,32
145,168,32
146,168,32
147,168,32
148,168,32
149,168,32
150,168,32
151,168,32
152,168,32
153,168,32
154,168,32
155,168,32
156,168,32
157,168,32
158,168,32
159,168,32
160,168,32
161,168,32
162,168,32
163,168,32
164,168,32
165,168,32
166,168,32
167,168,32
168,168,32
169,168,32
170,168,32
171,168,32
172,168,32
173,168,32
174,168,32
175,168,32
176,168,32
177,168,32
178,168,32
179,168,32
180,168,32
181,168,32
182,168,32
183,168,32
184,168,32
185,168,32
186,168,32
187,168,32
188,168,32
189,168,32
190,168,32
191,168,32
192,168,32
193,168,32
194,168,32
195,168,32
196,168,32
197,168,32
198,168,32
199,168,32
200,168,32
201,168,32
202,168,32
203,168,32
204,168,32
205,168,32
206,168,32
207,168,32
208,168,32
209,168,32
210,168,32
211,168,32
212,168,32
213,168,32
214,168,32
215,168,32
216,168,32
217,168,32
218,168,32
219,168,32
220,168,32
221,168,32
222,168,32
223,168,32
224,168,32
225,168,32
226,168,32
227,168,32
228,168,32
229,168,32
230,168,32
231,168,32
232,168,32
233,168,32
234,168,32
235,168,32
236,168,32
237,168,32
238,168,32
239,168,32
240,168,32
241,168,32
242,168,32
243,168,32
244,168,32
245,168,32
246,168,32
247,168,32
248,168,32
249,168,32
250,168,32
251,168,32
252,168,32
253,168,32
254,168,32
255,168,32
256,168,32
257,168,32
258,168,32
259,168,32
260,168,32
261,168,32
262,168,32
263,168,32
264,168,32
265,168,32
266,168,32
267,168,32
268,168,32
269,168,32
270,168,32
271,168,32
272,168,32
273,168,32
274,168,32
275,168,32
276,168,32
277,168,32
278,168,32
279,168,32
280,168,32
281,168,32
282,168,32
283,168,32
284,168,32
285,168,32
286,168,32
287,168,32
288,168,32
289,168,32
290,168,32
291,168,32
292,168,32
293,168,32
294,168,32
295,168,32
296,168,32
297,168,32
298,168,32
299,168,32
300,168,32
301,168,32
302,168,32
303,168,32
304,168,32
305,168,32
306,168,32
307,168,32
308,168,32
309,168,32
310,168,32
311,168,32
312,168,32
313,168,32
314,168,32
315,168,32
316,168,32
317,168,32
318,168,32
319,168,32
0,169,32
1,169,32
2,169,32
3,169,32
4,169,32
5,169,32
6,169,32
7,169,32
8,169,32
9,169,32
10,169,32
11,169,32
12,169,32
13,169,32
14,169,32
15,169,32
16,169,32
17,169,32
18,169,32
19,169,32
20,169,32
21,169,32
22,169,32
23,169,32
24,169,32
25,169,32
26,169,32
27,169,32
28,169,32
29,169,32
30,169,32
31,169,32
32,169,32
33,169,32
34,169,32
35,169,32
36,169,32
37,169,32
38,169,32
39,169,32
40,169,32
41,169,32
42,169,32
43,169,32
44,169,32
45,169,32
46,169,32
47,169,32
48,169,32
49,169,32
50,169,32
51,169,32
52,169,32
53,169,32
54,169,32
55,169,32
56,169,32
57,169,32
58,169,32
59,169,32
60,169,32
61,169,32
62,169,32
63,169,32
64,169,32
65,169,32
66,169,32
67,169,32
68,169,32
69,169,32
70,169,32
71,169,32
72,169,32
73,169,32
74,169,32
75,169,32
76,169,32
77,169,32
78,169,32
79,169,32
80,169,32
81,169,32
82,169,32
83,169,32
84,169,32
85,169,32
86,169,32
87,169,32
88,169,32
89,169,32
90,169,32
91,169,32
92,169,32
93,169,32
94,169,32
95,169,32
96,169,32
97,169,32
98,169,32
99,169,32
100,169,32
101,169,32
102,169,32
103,169,32
104,169,32
105,169,32
106,169,32
107,169,32
108,169,32
109,169,32
110,169,32
111,169,32
112,169,32
113,169,32
114,169,32
115,169,32
116,169,32
117,169,32
118,169,32
119,169,32
120,169,32
121,169,32
122,169,32
123,169,32
124,169,32
125,169,32
126,169,32
127,169,32
128,169,32
129,169,32
130,169,32
131,169,32
132,169,32
133,169,32
134,169,32
135,169,32
136,169,32
137,169,32
138,169,32
139,169,32
140,169,32
141,169,32
142,169,32
143,169,32
144,169,32
145,169,32
146,169,32
147,169,32
148,169,32
149,169,32
150,169,32
151,169,32
152,169,32
153,169,32
154,169,32
155,169,32
156,169,32
157,169,32
158,169,32
159,169,32
160,169,32
161,169,32
162,169,32
163,169,32
164,169,32
165,169,32
166,169,32
167,169,32
168,169,32
169,169,32
170,169,32
171,169,32
172,169,32
173,169,32
174,169,32
175,169,32
176,169,32
177,169,32
178,169,32
179,169,32
180,169,32
181,169,32
182,169,32
183,169,32
184,169,32
185,169,32
186,169,32
187,169,32
188,169,32
189,169,32
190,169,32
191,169,32
192,169,32
193,169,32
194,169,32
195,169,32
196,169,32
197,169,32
198,169,32
199,169,32
200,169,32
201,169,32
202,169,32
203,169,32
204,169,32
205,169,32
206,169,32
207,169,32
208,169,32
209,169,32
210,169,32
211,169,32
212,169,32
213,169,32
214,169,32
215,169,32
216,169,32
217,169,32
218,169,32
219,169,32
220,169,32
221,169,32
222,169,32
223,169,32
224,169,32
225,169,32
226,169,32
227,169,32
228,169,32
229,169,32
230,169,32
231,169,32
232,169,32
233,169,32
234,169,32
235,169,32
236,169,32
237,169,32
238,169,32
239,169,32
240,169,32
241,169,32
242,169,32
243,169,32
244,169,32
245,169,32
246,169,32
247,169,32
248,169,32
249,169,32
250,169,32
251,169,32
252,169,32
253,169,32
254,169,32
255,169,32
256,169,32
257,169,32
258,169,32
259,169,32
260,169,32
261,169,32
262,169,32
263,169,32
264,169,32
265,169,32
266,169,32
267,169,32
268,169,32
269,169,32
270,169,32
271,169,32
272,169,32
273,169,32
274,169,32
275,169,32
276,169,32
277,169,32
278,169,32
279,169,32
280,169,32
281,169,32
282,169,32
283,169,32
284,169,32
285,169,32
286,169,32
287,169,32
288,169,32
289,169,32
290,169,32
291,169,32
292,169,32
293,169,32
294,169,32
295,169,32
296,169,32
297,169,32
298,169,32
299,169,32
300,169,32
301,169,32
302,169,32
303,169,32
304,169,32
305,169,32
306,169,32
307,169,32
308,169,32
309,169,32
310,169,32
311,169,32
312,169,32
313,169,32
314,169,32
315,169,32
316,169,32
317,169,32
318,169,32
319,169,32
0,170,32
1,170,32
2,170,32
3,170,32
4,170,32
5,170,32
6,170,32
7,170,32
8,170,32
9,170,32
10,170,32
11,170,32
12,170,32
13,170,32
14,170,32
15,170,32
16,170,32
17,170,32
18,170,32
19,170,32
20,170,32
21,170,32
22,170,32
23,170,32
24,170,32
25,170,32
26,170,32
27,170,32
28,170,32
29,170,32
30,170,32
31,170,32
32,170,32
33,170,32
34,170,32
35,170,32
36,170,32
37,170,32
38,170,32
39,170,32
40,170,32
41,170,32
42,170,32
43,170,32
44,170,32
45,170,32
46,170,32
47,170,32
48,170,32
49,170,32
50,170,32
51,170,32
52,170,32
53,170,32
54,170,32
55,170,32
56,170,32
57,170,32
58,170,32
59,170,32
60,170,32
61,170,32
62,170,32
63,170,32
64,170,32
65,170,32
66,170,32
67,170,32
68,170,32
69,170,32
70,170,32
71,170,32
72,170,32
73,170,32
74,170,32
75,170,32
76,170,32
77,170,32
78,170,32
79,170,32
80,170,32
81,170,32
82,170,32
83,170,32
84,170,32
85,170,32
86,170,32
87,170,32
88,170,32
89,170,32
90,170,32
91,170,32
92,170,32
93,170,32
94,170,32
95,170,32
96,170,32
97,170,32
98,170,32
99,170,32
100,170,32
101,170,32
102,170,32
103,170,32
104,170,32
105,170,32
106,170,32
107,170,32
108,170,32
109,170,32
110,170,32
111,170,32
112,170,32
113,170,32
114,170,32
115,170,32
116,170,32
117,170,32
118,170,32
119,170,32
120,170,32
121,170,32
122,170,32
123,170,32
124,170,32
125,170,32
126,170,32
127,170,32
128,170,32
129,170,32
130,170,32
131,170,32
132,170,32
133,170,32
134,170,32
135,170,32
136,170,32
137,170,32
138,170,32
139,170,32
140,170,32
141,170,32
142,170,32
143,170,32
144,170,32
145,170,32
146,170,32
147,170,32
148,170,32
149,170,32
150,170,32
151,170,32
152,170,32
153,170,32
154,170,32
155,170,32
156,170,32
157,170,32
158,170,32
159,170,32
160,170,32
161,170,32
162,170,32
163,170,32
164,170,32
165,170,32
166,170,32
167,170,32
168,170,32
169,170,32
170,170,32
171,170,32
172,170,32
173,170,32
174,170,32
175,170,32
176,170,32
177,170,32
178,170,32
179,170,32
180,170,32
181,170,32
182,170,32
183,170,32
184,170,32
185,170,32
186,170,32
187,170,32
188,170,32
189,170,32
190,170,32
191,170,32
192,170,32
193,170,32
194,170,32
195,170,32
196,170,32
197,170,32
198,170,32
199,170,32
200,170,32
201,170,32
202,170,32
203,170,32
204,170,32
205,170,32
206,170,32
207,170,32
208,170,32
209,170,32
210,170,32
211,170,32
212,170,32
213,170,32
214,170,32
215,170,32
216,170,32
217,170,32
218,170,32
219,170,32
220,170,32
221,170,32
222,170,32
223,170,32
224,170,32
225,170,32
226,170,32
227,170,32
228,170,32
229,170,32
230,170,32
231,170,32
232,170,32
233,170,32
234,170,32
235,170,32
236,170,32
237,170,32
238,170,32
239,170,32
240,170,32
241,170,32
242,170,32
243,170,32
244,170,32
245,170,32
246,170,32
247,170,32
248,170,32
249,170,32
250,170,32
251,170,32
252,170,32
253,170,32
254,170,32
255,170,32
256,170,32
257,170,32
258,170,32
259,170,32
260,170,32
261,170,32
262,170,32
263,170,32
264,170,32
265,170,32
266,170,32
267,170,32
268,170,32
269,170,32
270,170,32
271,170,32
272,170,32
273,170,32
274,170,32
275,170,32
276,170,32
277,170,32
278,170,32
279,170,32
280,170,32
281,170,32
282,170,32
283,170,32
284,170,32
285,170,32
286,170,32
287,170,32
288,170,32
289,170,32
290,170,32
291,170,32
292,170,32
293,170,32
294,170,32
295,170,32
296,170,32
297,170,32
298,170,32
299,170,32
300,170,32
301,170,32
302,170,32
303,170,32
304,170,32
305,170,32
306,170,32
307,170,32
308,170,32
309,170,32
310,170,32
311,170,32
312,170,32
313,170,32
314,170,32
315,170,32
316,170,32
317,170,32
318,170,32
319,170,32
0,171,32
1,171,32
2,171,32
3,171,32
4,171,32
5,171,32
6,171,32
7,171,32
8,171,32
9,171,32
10,171,32
11,171,32
12,171,32
13,171,32
14,171,32
15,171,32
16,171,32
17,171,32
18,171,32
19,171,32
20,171,32
21,171,32
22,171,32
23,171,32
24,171,32
25,171,32
26,171,32
27,171,32
28,171,32
29,171,32
30,171,32
31,171,32
32,171,32
33,171,32
34,171,32
35,171,32
36,171,32
37,171,32
38,171,32
39,171,32
40,171,32
41,171,32
42,171,32
43,171,32
44,171,32
45,171,32
46,171,32
47,171,32
48,171,32
49,171,32
50,171,32
51,171,32
52,171,32
53,171,32
54,171,32
55,171,32
56,171,32
57,171,32
58,171,32
59,171,32
60,171,32
61,171,32
62,171,32
63,171,32
64,171,32
65,171,32
66,171,32
67,171,32
68,171,32
69,171,32
70,171,32
71,171,32
72,171,32
73,171,32
74,171,32
75,171,32
76,171,32
77,171,32
78,171,32
79,171,32
80,171,32
81,171,32
82,171,32
83,171,32
84,171,32
85,171,32
86,171,32
87,171,32
88,171,32
89,171,32
90,171,32
91,171,32
92,171,32
93,171,32
94,171,32
95,171,32
96,171,32
97,171,32
98,171,32
99,171,32
100,171,32
101,171,32
102,171,32
103,171,32
104,171,32
105,171,32
106,171,32
107,171,32
108,171,32
109,171,32
110,171,32
111,171,32
112,171,32
113,171,32
114,171,32
115,171,32
116,171,32
117,171,32
118,171,32
119,171,32
120,171,32
121,171,32
122,171,32
123,171,32
124,171,32
125,171,32
126,171,32
127,171,32
128,171,32
129,171,32
130,171,32
131,171,32
132,171,32
133,171,32
134,171,32
135,171,32
136,171,32
137,171,32
138,171,32
139,171,32
140,171,32
141,171,32
142,171,32
143,171,32
144,171,32
145,171,32
146,171,32
147,171,32
148,171,32
149,171,32
150,171,32
151,171,32
152,171,32
153,171,32
154,171,32
155,171,32
156,171,32
157,171,32
158,171,32
159,171,32
160,171,32
161,171,32
162,171,32
163,171,32
164,171,32
165,171,32
166,171,32
167,171,32
168,171,32
169,171,32
170,171,32
171,171,32
172,171,32
173,171,32
174,171,32
175,171,32
176,171,32
177,171,32
178,171,32
179,171,32
180,171,32
181,171,32
182,171,32
183,171,32
184,171,32
185,171,32
186,171,32
187,171,32
188,171,32
189,171,32
190,171,32
191,171,32
192,171,32
193,171,32
194,171,32
195,171,32
196,171,32
197,171,32
198,171,32
199,171,32
200,171,32
201,171,32
202,171,32
203,171,32
204,171,32
205,171,32
206,171,32
207,171,32
208,171,32
209,171,32
210,171,32
211,171,32
212,171,32
213,171,32
214,171,32
215,171,32
216,171,32
217,171,32
218,171,32
219,171,32
220,171,32
221,171,32
222,171,32
223,171,32
224,171,32
225,171,32
226,171,32
227,171,32
228,171,32
229,171,32
230,171,32
231,171,32
232,171,32
233,171,32
234,171,32
235,171,32
236,171,32
237,171,32
238,171,32
239,171,32
240,171,32
241,171,32
242,171,32
243,171,32
244,171,32
245,171,32
246,171,32
247,171,32
248,171,32
249,171,32
250,171,32
251,171,32
252,171,32
253,171,32
254,171,32
255,171,32
256,171,32
257,171,32
258,171,32
259,171,32
260,171,32
261,171,32
262,171,32
263,171,32
264,171,32
265,171,32
266,171,32
267,171,32
268,171,32
269,171,32
270,171,32
271,171,32
272,171,32
273,171,32
274,171,32
275,171,32
276,171,32
277,171,32
278,171,32
279,171,32
280,171,32
281,171,32
282,171,32
283,171,32
284,171,32
285,171,32
286,171,32
287,171,32
288,171,32
289,171,32
290,171,32
291,171,32
292,171,32
293,171,32
294,171,32
295,171,32
296,171,32
297,171,32
298,171,32
299,171,32
300,171,32
301,171,32
302,171,32
303,171,32
304,171,32
305,171,32
306,171,32
307,171,32
308,171,32
309,171,32
310,171,32
311,171,32
312,171,32
313,171,32
314,171,32
315,171,32
316,171,32
317,171,32
318,171,32
319,171,32
0,172,32
1,172,32
2,172,32
3,172,32
4,172,32
5,172,32
6,172,32
7,172,32
8,172,32
9,172,32
10,172,32
11,172,32
12,172,32
13,172,32
14,172,32
15,172,32
16,172,32
17,172,32
18,172,32
19,172,32
20,172,32
21,172,32
22,172,32
23,172,32
24,172,32
25,172,32
26,172,32
27,172,32
28,172,32
29,172,32
30,172,32
31,172,32
32,172,32
33,172,32
34,172,32
35,172,32
36,172,32
37,172,32
38,172,32
39,172,32
40,172,32
41,172,32
42,172,32
43,172,32
44,172,32
45,172,32
46,172,32
47,172,32
48,172,32
49,172,32
50,172,32
51,172,32
52,172,32
53,172,32
54,172,32
55,172,32
56,172,32
57,172,32
58,172,32
59,172,32
60,172,32
61,172,32
62,172,32
63,172,32
64,172,32
65,172,32
66,172,32
67,172,32
68,172,32
69,172,32
70,172,32
71,172,32
72,172,32
73,172,32
74,172,32
75,172,32
76,172,32
77,172,32
78,172,32
79,172,32
80,172,32
81,172,32
82,172,32
83,172,32
84,172,32
85,172,32
86,172,32
87,172,32
88,172,32
89,172,32
90,172,32
91,172,32
92,172,32
93,172,32
94,172,32
95,172,32
96,172,32
97,172,32
98,172,32
99,172,32
100,172,32
101,172,32
102,172,32
103,172,32
104,172,32
105,172,32
106,172,32
107,172,32
108,172,32
109,172,32
110,172,32
111,172,32
112,172,32
113,172,32
114,172,32
115,172,32
116,172,32
117,172,32
118,172,32
119,172,32
120,172,32
121,172,32
122,172,32
123,172,32
124,172,32
125,172,32
126,172,32
127,172,32
128,172,32
129,172,32
130,172,32
131,172,32
132,172,32
133,172,32
134,172,32
135,172,32
136,172,32
137,172,32
138,172,32
139,172,32
140,172,32
141,172,32
142,172,32
143,172,32
144,172,32
145,172,32
146,172,32
147,172,32
148,172,32
149,172,32
150,172,32
151,172,32
152,172,32
153,172,32
154,172,32
155,172,32
156,172,32
157,172,32
158,172,32
159,172,32
160,172,32
161,172,32
162,172,32
163,172,32
164,172,32
165,172,32
166,172,32
167,172,32
168,172,32
169,172,32
170,172,32
171,172,32
172,172,32
173,172,32
174,172,32
175,172,32
176,172,32
177,172,32
178,172,32
179,172,32
180,172,32
181,172,32
182,172,32
183,172,32
184,172,32
185,172,32
186,172,32
187,172,32
188,172,32
189,172,32
190,172,32
191,172,32
192,172,32
193,172,32
194,172,32
195,172,32
196,172,32
197,172,32
198,172,32
199,172,32
200,172,32
201,172,32
202,172,32
203,172,32
204,172,32
205,172,32
206,172,32
207,172,32
208,172,32
209,172,32
210,172,32
211,172,32
212,172,32
213,172,32
214,172,32
215,172,32
216,172,32
217,172,32
218,172,32
219,172,32
220,172,32
221,172,32
222,172,32
223,172,32
224,172,32
225,172,32
226,172,32
227,172,32
228,172,32
229,172,32
230,172,32
231,172,32
232,172,32
233,172,32
234,172,32
235,172,32
236,172,32
237,172,32
238,172,32
239,172,32
240,172,32
241,172,32
242,172,32
243,172,32
244,172,32
245,172,32
246,172,32
247,172,32
248,172,32
249,172,32
250,172,32
251,172,32
252,172,32
253,172,32
254,172,32
255,172,32
256,172,32
257,172,32
258,172,32
259,172,32
260,172,32
261,172,32
262,172,32
263,172,32
264,172,32
265,172,32
266,172,32
267,172,32
268,172,32
269,172,32
270,172,32
271,172,32
272,172,32
273,172,32
274,172,32
275,172,32
276,172,32
277,172,32
278,172,32
279,172,32
280,172,32
281,172,32
282,172,32
283,172,32
284,172,32
285,172,32
286,172,32
287,172,32
288,172,32
289,172,32
290,172,32
291,172,32
292,172,32
293,172,32
294,172,32
295,172,32
296,172,32
297,172,32
298,172,32
299,172,32
300,172,32
301,172,32
302,172,32
303,172,32
304,172,32
305,172,32
306,172,32
307,172,32
308,172,32
309,172,32
310,172,32
311,172,32
312,172,32
313,172,32
314,172,32
315,172,32
316,172,32
317,172,32
318,172,32
319,172,32
0,173,32
1,173,32
2,173,32
3,173,32
4,173,32
5,173,32
6,173,32
7,173,32
8,173,32
9,173,32
10,173,32
11,173,32
12,173,32
13,173,32
14,173,32
15,173,32
16,173,32
17,173,32
18,173,32
19,173,32
20,173,32
21,173,32
22,173,32
23,173,32
24,173,32
25,173,32
26,173,32
27,173,32
28,173,32
29,173,32
30,173,32
31,173,32
32,173,32
33,173,32
34,173,32
35,173,32
36,173,32
37,173,32
38,173,32
39,173,32
40,173,32
41,173,32
42,173,32
43,173,32
44,173,32
45,173,32
46,173,32
47,173,32
48,173,32
49,173,32
50,173,32
51,173,32
52,173,32
53,173,32
54,173,32
55,173,32
56,173,32
57,173,32
58,173,32
59,173,32
60,173,32
61,173,32
62,173,32
63,173,32
64,173,32
65,173,32
66,173,32
67,173,32
68,173,32
69,173,32
70,173,32
71,173,32
72,173,32
73,173,32
74,173,32
75,173,32
76,173,32
77,173,32
78,173,32
79,173,32
80,173,32
81,173,32
82,173,32
83,173,32
84,173,32
85,173,32
86,173,32
87,173,32
88,173,32
89,173,32
90,173,32
91,173,32
92,173,32
93,173,32
94,173,32
95,173,32
96,173,32
97,173,32
98,173,32
99,173,32
100,173,32
101,173,32
102,173,32
103,173,32
104,173,32
105,173,32
106,173,32
107,173,32
108,173,32
109,173,32
110,173,32
111,173,32
112,173,32
113,173,32
114,173,32
115,173,32
116,173,32
117,173,32
118,173,32
119,173,32
120,173,32
121,173,32
122,173,32
123,173,32
124,173,32
125,173,32
126,173,32
127,173,32
128,173,32
129,173,32
130,173,32
131,173,32
132,173,32
133,173,32
134,173,32
135,173,32
136,173,32
137,173,32
138,173,32
139,173,32
140,173,32
141,173,32
142,173,32
143,173,32
144,173,32
145,173,32
146,173,32
147,173,32
148,173,32
149,173,32
150,173,32
151,173,32
152,173,32
153,173,32
154,173,32
155,173,32
156,173,32
157,173,32
158,173,32
159,173,32
160,173,32
161,173,32
162,173,32
163,173,32
164,173,32
165,173,32
166,173,32
167,173,32
168,173,32
169,173,32
170,173,32
171,173,32
172,173,32
173,173,32
174,173,32
175,173,32
176,173,32
177,173,32
178,173,32
179,173,32
180,173,32
181,173,32
182,173,32
183,173,32
184,173,32
185,173,32
186,173,32
187,173,32
188,173,32
189,173,32
190,173,32
191,173,32
192,173,32
193,173,32
194,173,32
195,173,32
196,173,32
197,173,32
198,173,32
199,173,32
200,173,32
201,173,32
202,173,32
203,173,32
204,173,32
205,173,32
206,173,32
207,173,32
208,173,32
209,173,32
210,173,32
211,173,32
212,173,32
213,173,32
214,173,32
215,173,32
216,173,32
217,173,32
218,173,32
219,173,32
220,173,32
221,173,32
222,173,32
223,173,32
224,173,32
225,173,32
226,173,32
227,173,32
228,173,32
229,173,32
230,173,32
231,173,32
232,173,32
233,173,32
234,173,32
235,173,32
236,173,32
237,173,32
238,173,32
239,173,32
240,173,32
241,173,32
242,173,32
243,173,32
244,173,32
245,173,32
246,173,32
247,173,32
248,173,32
249,173,32
250,173,32
251,173,32
252,173,32
253,173,32
254,173,32
255,173,32
256,173,32
257,173,32
258,173,32
259,173,32
260,173,32
261,173,32
262,173,32
263,173,32
264,173,32
265,173,32
266,173,32
267,173,32
268,173,32
269,173,32
270,173,32
271,173,32
272,173,32
273,173,32
274,173,32
275,173,32
276,173,32
277,173,32
278,173,32
279,173,32
280,173,32
281,173,32
282,173,32
283,173,32
284,173,32
285,173,32
286,173,32
287,173,32
288,173,32
289,173,32
290,173,32
291,173,32
292,173,32
293,173,32
294,173,32
295,173,32
296,173,32
297,173,32
298,173,32
299,173,32
300,173,32
301,173,32
302,173,32
303,173,32
304,173,32
305,173,32
306,173,32
307,173,32
308,173,32
309,173,32
310,173,32
311,173,32
312,173,32
313,173,32
314,173,32
315,173,32
316,173,32
317,173,32
318,173,32
319,173,32
0,174,32
1,174,32
2,174,32
3,174,32
4,174,32
5,174,32
6,174,32
7,174,32
8,174,32
9,174,32
10,174,32
11,174,32
12,174,32
13,174,32
14,174,32
15,174,32
16,174,32
17,174,32
18,174,32
19,174,32
20,174,32
21,174,32
22,174,32
23,174,32
24,174,32
25,174,32
26,174,32
27,174,32
28,174,32
29,174,32
30,174,32
31,174,32
32,174,32
33,174,32
34,174,32
35,174,32
36,174,32
37,174,32
38,174,32
39,174,32
40,174,32
41,174,32
42,174,32
43,174,32
44,174,32
45,174,32
46,174,32
47,174,32
48,174,32
49,174,32
50,174,32
51,174,32
52,174,32
53,174,32
54,174,32
55,174,32
56,174,32
57,174,32
58,174,32
59,174,32
60,174,32
61,174,32
62,174,32
63,174,32
64,174,32
65,174,32
66,174,32
67,174,32
68,174,32
69,174,32
70,174,32
71,174,32
72,174,32
73,174,32
74,174,32
75,174,32
76,174,32
77,174,32
78,174,32
79,174,32
80,174,32
81,174,32
82,174,32
83,174,32
84,174,32
85,174,32
86,174,32
87,174,32
88,174,32
89,174,32
90,174,32
91,174,32
92,174,32
93,174,32
94,174,32
95,174,32
96,174,32
97,174,32
98,174,32
99,174,32
100,174,32
101,174,32
102,174,32
103,174,32
104,174,32
105,174,32
106,174,32
107,174,32
108,174,32
109,174,32
110,174,32
111,174,32
112,174,32
113,174,32
114,174,32
115,174,32
116,174,32
117,174,32
118,174,32
119,174,32
120,174,32
121,174,32
122,174,32
123,174,32
124,174,32
125,174,32
126,174,32
127,174,32
128,174,32
129,174,32
130,174,32
131,174,32
132,174,32
133,174,32
134,174,32
135,174,32
136,174,32
137,174,32
138,174,32
139,174,32
140,174,32
141,174,32
142,174,32
143,174,32
144,174,32
145,174,32
146,174,32
147,174,32
148,174,32
149,174,32
150,174,32
151,174,32
152,174,32
153,174,32
154,174,32
155,174,32
156,174,32
157,174,32
158,174,32
159,174,32
160,174,32
161,174,32
162,174,32
163,174,32
164,174,32
165,174,32
166,174,32
167,174,32
168,174,32
169,174,32
170,174,32
171,174,32
172,174,32
173,174,32
174,174,32
175,174,32
176,174,32
177,174,32
178,174,32
179,174,32
180,174,32
181,174,32
182,174,32
183,174,32
184,174,32
185,174,32
186,174,32
187,174,32
188,174,32
189,174,32
190,174,32
191,174,32
192,174,32
193,174,32
194,174,32
195,174,32
196,174,32
197,174,32
198,174,32
199,174,32
200,174,32
201,174,32
202,174,32
203,174,32
204,174,32
205,174,32
206,174,32
207,174,32
208,174,32
209,174,32
210,174,32
211,174,32
212,174,32
213,174,32
214,174,32
215,174,32
216,174,32
217,174,32
218,174,32
219,174,32
220,174,32
221,174,32
222,174,32
223,174,32
224,174,32
225,174,32
226,174,32
227,174,32
228,174,32
229,174,32
230,174,32
231,174,32
232,174,32
233,174,32
234,174,32
235,174,32
236,174,32
237,174,32
238,174,32
239,174,32
240,174,32
241,174,32
242,174,32
243,174,32
244,174,32
245,174,32
246,174,32
247,174,32
248,174,32
249,174,32
250,174,32
251,174,32
252,174,32
253,174,32
254,174,32
255,174,32
256,174,32
257,174,32
258,174,32
259,174,32
260,174,32
261,174,32
262,174,32
263,174,32
264,174,32
265,174,32
266,174,32
267,174,32
268,174,32
269,174,32
270,174,32
271,174,32
272,174,32
273,174,32
274,174,32
275,174,32
276,174,32
277,174,32
278,174,32
279,174,32
280,174,32
281,174,32
282,174,32
283,174,32
284,174,32
285,174,32
286,174,32
287,174,32
288,174,32
289,174,32
290,174,32
291,174,32
292,174,32
293,174,32
294,174,32
295,174,32
296,174,32
297,174,32
298,174,32
299,174,32
300,174,32
301,174,32
302,174,32
303,174,32
304,174,32
305,174,32
306,174,32
307,174,32
308,174,32
309,174,32
310,174,32
311,174,32
312,174,32
313,174,32
314,174,32
315,174,32
316,174,32
317,174,32
318,174,32
319,174,32
0,175,32
1,175,32
2,175,32
3,175,32
4,175,32
5,175,32
6,175,32
7,175,32
8,175,32
9,175,32
10,175,32
11,175,32
12,175,32
13,175,32
14,175,32
15,175,32
16,175,32
17,175,32
18,175,32
19,175,32
20,175,32
21,175,32
22,175,32
23,175,32
24,175,32
25,175,32
26,175,32
27,175,32
28,175,32
29,175,32
30,175,32
31,175,32
32,175,32
33,175,32
34,175,32
35,175,32
36,175,32
37,175,32
38,175,32
39,175,32
40,175,32
41,175,32
42,175,32
43,175,32
44,175,32
45,175,32
46,175,32
47,175,32
48,175,32
49,175,32
50,175,32
51,175,32
52,175,32
53,175,32
54,175,32
55,175,32
56,175,32
57,175,32
58,175,32
59,175,32
60,175,32
61,175,32
62,175,32
63,175,32
64,175,32
65,175,32
66,175,32
67,175,32
68,175,32
69,175,32
70,175,32
71,175,32
72,175,32
73,175,32
74,175,32
75,175,32
76,175,32
77,175,32
78,175,32
79,175,32
80,175,32
81,175,32
82,175,32
83,175,32
84,175,32
85,175,32
86,175,32
87,175,32
88,175,32
89,175,32
90,175,32
91,175,32
92,175,32
93,175,32
94,175,32
95,175,32
96,175,32
97,175,32
98,175,32
99,175,32
100,175,32
101,175,32
102,175,32
103,175,32
104,175,32
105,175,32
106,175,32
107,175,32
108,175,32
109,175,32
110,175,32
111,175,32
112,175,32
113,175,32
114,175,32
115,175,32
116,175,32
117,175,32
118,175,32
119,175,32
120,175,32
121,175,32
122,175,32
123,175,32
124,175,32
125,175,32
126,175,32
127,175,32
128,175,32
129,175,32
130,175,32
131,175,32
132,175,32
133,175,32
134,175,32
135,175,32
136,175,32
137,175,32
138,175,32
139,175,32
140,175,32
141,175,32
142,175,32
143,175,32
144,175,32
145,175,32
146,175,32
147,175,32
148,175,32
149,175,32
150,175,32
151,175,32
152,175,32
153,175,32
154,175,32
155,175,32
156,175,32
157,175,32
158,175,32
159,175,32
160,175,32
161,175,32
162,175,32
163,175,32
164,175,32
165,175,32
166,175,32
167,175,32
168,175,32
169,175,32
170,175,32
171,175,32
172,175,32
173,175,32
174,175,32
175,175,32
176,175,32
177,175,32
178,175,32
179,175,32
180,175,32
181,175,32
182,175,32
183,175,32
184,175,32
185,175,32
186,175,32
187,175,32
188,175,32
189,175,32
190,175,32
191,175,32
192,175,32
193,175,32
194,175,32
195,175,32
196,175,32
197,175,32
198,175,32
199,175,32
200,175,32
201,175,32
202,175,32
203,175,32
204,175,32
205,175,32
206,175,32
207,175,32
208,175,32
209,175,32
210,175,32
211,175,32
212,175,32
213,175,32
214,175,32
215,175,32
216,175,32
217,175,32
218,175,32
219,175,32
220,175,32
221,175,32
222,175,32
223,175,32
224,175,32
225,175,32
226,175,32
227,175,32
228,175,32
229,175,32
230,175,32
231,175,32
232,175,32
233,175,32
234,175,32
235,175,32
236,175,32
237,175,32
238,175,32
239,175,32
240,175,32
241,175,32
242,175,32
243,175,32
244,175,32
245,175,32
246,175,32
247,175,32
248,175,32
249,175,32
250,175,32
251,175,32
252,175,32
253,175,32
254,175,32
255,175,32
256,175,32
257,175,32
258,175,32
259,175,32
260,175,32
261,175,32
262,175,32
263,175,32
264,175,32
265,175,32
266,175,32
267,175,32
268,175,32
269,175,32
270,175,32
271,175,32
272,175,32
273,175,32
274,175,32
275,175,32
276,175,32
277,175,32
278,175,32
279,175,32
280,175,32
281,175,32
282,175,32
283,175,32
284,175,32
285,175,32
286,175,32
287,175,32
288,175,32
289,175,32
290,175,32
291,175,32
292,175,32
293,175,32
294,175,32
295,175,32
296,175,32
297,175,32
298,175,32
299,175,32
300,175,32
301,175,32
302,175,32
303,175,32
304,175,32
305,175,32
306,175,32
307,175,32
308,175,32
309,175,32
310,175,32
311,175,32
312,175,32
313,175,32
314,175,32
315,175,32
316,175,32
317,175,32
318,175,32
319,175,32
