x,y,bend_magnitude,normalized_intensity
0,0,0,0
1,0,0,0
2,0,0,0
3,0,1.79568196E-05,0.011225732
4,0,5.09973187E-05,0.0318810483
5,0,8.8276788E-05,0.055186363
6,0,0.000128465423,0.0803103469
7,0,0.000170712189,0.106720975
8,0,0.000215456718,0.134693082
9,0,0.000261546518,0.163506188
10,0,0.000309167011,0.193276209
11,0,0.000357647966,0.223584148
12,0,0.000407567919,0.254791681
13,0,0.000457392717,0.285939726
14,0,0.000508417839,0.317838155
15,0,0.000559536358,0.349794972
16,0,0.000610107248,0.381409438
17,0,0.000660832535,0.413120425
18,0,0.00071146799,0.444775254
19,0,0.000761019019,0.475752152
20,0,0.00080931181,0.505942461
21,0,0.00085661121,0.53551175
22,0,0.00090315681,0.5646098
23,0,0.000947857588,0.592554557
24,0,0.00099054362,0.619239792
25,0,0.00103106097,0.644569275
26,0,0.00106926174,0.668450537
27,0,0.00110533093,0.690999249
28,0,0.00113936273,0.712274274
29,0,0.00117066676,0.731844035
30,0,0.00119917928,0.749668678
31,0,0.00122484469,0.76571345
32,0,0.00124762845,0.779956751
33,0,0.00126751114,0.792386441
34,0,0.00128451168,0.803014356
35,0,0.00129862133,0.811835023
36,0,0.00130987457,0.818870004
37,0,0.00131828505,0.824127824
38,0,0.00132388252,0.827627091
39,0,0.00132667222,0.829371077
40,0,0.00132667218,0.829371053
41,0,0.00132388252,0.827627091
42,0,0.00131828505,0.824127824
43,0,0.00130987457,0.818870004
44,0,0.00129862135,0.811835032
45,0,0.00128451169,0.803014359
46,0,0.00126751114,0.792386441
47,0,0.00124762845,0.779956751
48,0,0.00122484469,0.76571345
49,0,0.00119917968,0.749668932
50,0,0.00117066669,0.731843993
51,0,0.00113936273,0.712274274
52,0,0.00110533093,0.690999249
53,0,0.00106926174,0.668450537
54,0,0.00103106094,0.644569255
55,0,0.000990543716,0.619239852
56,0,0.000947857588,0.592554557
57,0,0.00090315681,0.5646098
58,0,0.00085661121,0.53551175
59,0,0.000809311801,0.505942455
60,0,0.000761018966,0.475752119
61,0,0.00071146799,0.444775254
62,0,0.000660832535,0.413120425
63,0,0.000610107248,0.381409438
64,0,0.0005595362,0.349794873
65,0,0.000508417453,0.317837914
66,0,0.000457392717,0.285939726
67,0,0.000407567919,0.254791681
68,0,0.000357647966,0.223584148
69,0,0.000309167891,0.193276759
70,0,0.000261546403,0.163506116
71,0,0.000215456718,0.134693082
72,0,0.000170712189,0.106720975
73,0,0.000128465423,0.0803103469
74,0,8.82773913E-05,0.0551867402
75,0,5.09973187E-05,0.0318810483
76,0,1.79568196E-05,0.011225732
77,0,0,0
78,0,0,0
79,0,0,0
0,1,0,0
1,1,0,0
2,1,7.42329664E-06,0.00464068474
3,1,3.62092317E-05,0.0226362541
4,1,7.27548887E-05,0.045482825
5,1,0.00011242174,0.0702806153
6,1,0.000154920439,0.0968487387
7,1,0.000199879384,0.124954889
8,1,0.000246059743,0.153824608
9,1,0.000294695872,0.184229555
10,1,0.000343701593,0.214865553
11,1,0.000394927214,0.246889325
12,1,0.000446176612,0.278927961
13,1,0.000498377493,0.311561418
14,1,0.000551249602,0.344614495
15,1,0.000603708175,0.377409048
16,1,0.000656293362,0.410282754
17,1,0.000709137667,0.443318449
18,1,0.00076101902,0.475752152
19,1,0.000811758145,0.507471791
20,1,0.000861738926,0.538717349
21,1,0.00091099266,0.569508393
22,1,0.000958474861,0.59919196
23,1,0.00100399875,0.627651285
24,1,0.00104738754,0.654775851
25,1,0.00108848217,0.680466223
26,1,0.00112799931,0.70517042
27,1,0.00116497112,0.728283397
28,1,0.00119917935,0.749668721
29,1,0.00123054086,0.769274415
30,1,0.00125899952,0.787065388
31,1,0.00128451174,0.803014391
32,1,0.00130706447,0.817113262
33,1,0.00132667197,0.829370919
34,1,0.00134335732,0.839801791
35,1,0.00135716373,0.848432887
36,1,0.00136813147,0.855289386
37,1,0.00137631118,0.860402944
38,1,0.00138186235,0.863873267
39,1,0.00138463043,0.865603737
40,1,0.00138463044,0.865603741
41,1,0.00138186235,0.863873267
42,1,0.00137631118,0.860402944
43,1,0.00136813147,0.855289386
44,1,0.00135716373,0.848432889
45,1,0.00134335734,0.839801808
46,1,0.00132667197,0.829370919
47,1,0.00130706447,0.817113262
48,1,0.00128451174,0.803014391
49,1,0.00125899958,0.787065427
50,1,0.00123054082,0.769274395
51,1,0.00119917935,0.749668721
52,1,0.00116497112,0.728283397
53,1,0.00112799931,0.70517042
54,1,0.00108848211,0.680466182
55,1,0.00104738757,0.654775869
56,1,0.00100399875,0.627651285
57,1,0.000958474861,0.59919196
58,1,0.00091099266,0.569508393
59,1,0.000861739112,0.538717465
60,1,0.000811758012,0.507471708
61,1,0.00076101902,0.475752152
62,1,0.000709137667,0.443318449
63,1,0.000656293362,0.410282754
64,1,0.000603708293,0.377409121
65,1,0.000551249398,0.344614367
66,1,0.000498377493,0.311561418
67,1,0.000446176612,0.278927961
68,1,0.000394927214,0.246889325
69,1,0.000343701724,0.214865635
70,1,0.000294695872,0.184229555
71,1,0.000246059743,0.153824608
72,1,0.000199879384,0.124954889
73,1,0.000154920439,0.0968487387
74,1,0.00011242188,0.0702807023
75,1,7.27548887E-05,0.045482825
76,1,3.62092317E-05,0.0226362541
77,1,7.42329664E-06,0.00464068474
78,1,0,0
79,1,0,0
0,2,0,0
1,2,2.90113263E-07,0.000181364731
2,2,2.10164557E-05,0.013138468
3,2,5.59860428E-05,0.0349997565
4,2,9.5009497E-05,0.0593953259
5,2,0.000137208792,0.0857762767
6,2,0.000181730314,0.113608972
7,2,0.000228367671,0.142764383
8,2,0.000277224118,0.173307063
9,2,0.000327082033,0.204475811
10,2,0.00037883038,0.236826366
11,2,0.000431348531,0.269658165
12,2,0.000484429689,0.302841928
13,2,0.000538899319,0.336893697
14,2,0.000593088515,0.370770152
15,2,0.000647249015,0.404628668
16,2,0.000702167034,0.438960748
17,2,0.000756249507,0.472770485
18,2,0.000809311797,0.505942453
19,2,0.000861739112,0.538717465
20,2,0.000913614262,0.571147291
21,2,0.000963798328,0.602519933
22,2,0.00101209653,0.632713626
23,2,0.00105830673,0.661602001
24,2,0.00110250609,0.689233295
25,2,0.00114504952,0.715829379
26,2,0.00118492142,0.740755355
27,2,0.00122199023,0.763928976
28,2,0.00125615632,0.785287961
29,2,0.00128733466,0.804779145
30,2,0.00131548183,0.822375389
31,2,0.00134058793,0.838070504
32,2,0.00136265693,0.851866968
33,2,0.00138186235,0.863873265
34,2,0.00139838051,0.874199621
35,2,0.00141197692,0.882699436
36,2,0.00142271908,0.889414914
37,2,0.00143069692,0.894402272
38,2,0.00143597212,0.897700069
39,2,0.00143859345,0.899338797
40,2,0.00143859348,0.899338815
41,2,0.00143597212,0.897700069
42,2,0.00143069692,0.894402272
43,2,0.00142271908,0.889414914
44,2,0.00141197687,0.882699404
45,2,0.00139838052,0.874199625
46,2,0.00138186235,0.863873265
47,2,0.00136265693,0.851866968
48,2,0.00134058793,0.838070504
49,2,0.00131548179,0.822375365
50,2,0.00128733467,0.804779151
51,2,0.00125615632,0.785287961
52,2,0.00122199023,0.763928976
53,2,0.00118492142,0.740755355
54,2,0.00114504977,0.715829536
55,2,0.00110250602,0.689233248
56,2,0.00105830673,0.661602001
57,2,0.00101209653,0.632713626
58,2,0.000963798328,0.602519933
59,2,0.000913614468,0.57114742
60,2,0.000861738855,0.538717305
61,2,0.000809311797,0.505942453
62,2,0.000756249507,0.472770485
63,2,0.000702167034,0.438960748
64,2,0.000647249178,0.40462877
65,2,0.000593088256,0.37076999
66,2,0.000538899319,0.336893697
67,2,0.000484429689,0.302841928
68,2,0.000431348531,0.269658165
69,2,0.000378831176,0.236826864
70,2,0.000327081911,0.204475735
71,2,0.000277224118,0.173307063
72,2,0.000228367671,0.142764383
73,2,0.000181730314,0.113608972
74,2,0.000137208792,0.0857762767
75,2,9.50091933E-05,0.059395136
76,2,5.59860428E-05,0.0349997565
77,2,2.10164557E-05,0.013138468
78,2,2.90113263E-07,0.000181364731
79,2,0,0
0,3,0,0
1,3,7.98915812E-06,0.00499443388
2,3,3.816378E-05,0.0238581428
3,3,7.6059704E-05,0.0475488351
4,3,0.000117331089,0.0733497019
5,3,0.000161319667,0.100849226
6,3,0.000208351861,0.13025147
7,3,0.000256878005,0.16058766
8,3,0.000307555913,0.192269028
9,3,0.000359399813,0.224679318
10,3,0.000413020779,0.258200544
11,3,0.000466799673,0.291820498
12,3,0.000522572901,0.326687213
13,3,0.000578327351,0.361542189
14,3,0.000633785864,0.396212159
15,3,0.00069059813,0.431728431
16,3,0.000746740355,0.466825825
17,3,0.000802002521,0.501373048
18,3,0.000856611069,0.535511662
19,3,0.000910992684,0.569508408
20,3,0.000963798217,0.602519864
21,3,0.00101480184,0.634404851
22,3,0.00106378097,0.665024227
23,3,0.00111099249,0.694538581
24,3,0.00115642607,0.722941449
25,3,0.00119917929,0.749668683
26,3,0.00123908926,0.77461846
27,3,0.00127602053,0.797706098
28,3,0.00130987423,0.818869789
29,3,0.00134058757,0.838070279
30,3,0.00136813119,0.85528921
31,3,0.00139289834,0.870772433
32,3,0.00141467043,0.884383288
33,3,0.00143333961,0.896054349
34,3,0.00144900177,0.905845574
35,3,0.00146178849,0.913839208
36,3,0.00147182172,0.9201115
37,3,0.00147922191,0.924737736
38,3,0.00148409213,0.927782362
39,3,0.00148650762,0.929292414
40,3,0.00148650759,0.929292395
41,3,0.00148409213,0.927782362
42,3,0.00147922191,0.924737736
43,3,0.00147182172,0.9201115
44,3,0.00146178855,0.913839248
45,3,0.00144900174,0.905845555
46,3,0.00143333961,0.896054349
47,3,0.00141467043,0.884383288
48,3,0.00139289834,0.870772433
49,3,0.0013681312,0.855289221
50,3,0.0013405875,0.838070236
51,3,0.00130987423,0.818869789
52,3,0.00127602053,0.797706098
53,3,0.00123908926,0.77461846
54,3,0.00119917928,0.749668681
55,3,0.00115642607,0.722941445
56,3,0.00111099249,0.694538581
57,3,0.00106378097,0.665024227
58,3,0.00101480184,0.634404851
59,3,0.000963798357,0.602519951
60,3,0.000910992493,0.569508289
61,3,0.000856611069,0.535511662
62,3,0.000802002521,0.501373048
63,3,0.000746740355,0.466825825
64,3,0.000690598129,0.43172843
65,3,0.000633785864,0.396212159
66,3,0.000578327351,0.361542189
67,3,0.000522572901,0.326687213
68,3,0.000466799673,0.291820498
69,3,0.00041302699,0.258204427
70,3,0.000359399831,0.22467933
71,3,0.000307555913,0.192269028
72,3,0.000256878005,0.16058766
73,3,0.000208351861,0.13025147
74,3,0.000161319691,0.10084924
75,3,0.000117331092,0.0733497036
76,3,7.6059704E-05,0.0475488351
77,3,3.816378E-05,0.0238581428
78,3,7.98915812E-06,0.00499443388
79,3,0,0
0,4,0,0
1,4,2.02483967E-05,0.0126583148
2,4,5.59861141E-05,0.0349998011
3,4,9.61361445E-05,0.0600996513
4,4,0.000139723301,0.0873482259
5,4,0.000185892287,0.116210835
6,4,0.000234146131,0.146376796
7,4,0.000285137709,0.178254256
8,4,0.000336959181,0.210650524
9,4,0.000391331279,0.244641321
10,4,0.000446176647,0.278927983
11,4,0.000502385484,0.31406702
12,4,0.000559536107,0.349794815
13,4,0.000616532683,0.385426308
14,4,0.000674512512,0.421672483
15,4,0.000732560536,0.45796129
16,4,0.000789869852,0.493788293
17,4,0.000846379702,0.529115508
18,4,0.000903156454,0.564609577
19,4,0.000958474861,0.59919196
20,4,0.00101209649,0.632713601
21,4,0.00106378081,0.665024131
22,4,0.00111382248,0.696307751
23,4,0.00116212175,0.726502108
24,4,0.00120773222,0.755015566
25,4,0.00125046771,0.781731718
26,4,0.00129016,0.806545411
27,4,0.00132667212,0.829371018
28,4,0.00135991598,0.850153462
29,4,0.0013901478,0.86905293
30,4,0.00141736165,0.886065709
31,4,0.00144120877,0.900973768
32,4,0.00146178853,0.913839236
33,4,0.00147922193,0.924737749
34,4,0.00149367083,0.933770505
35,4,0.00150531957,0.941052731
36,4,0.00151435342,0.946700254
37,4,0.00152094863,0.950823256
38,4,0.00152525494,0.953515354
39,4,0.00152738192,0.954845042
40,4,0.00152738192,0.954845037
41,4,0.00152525494,0.953515354
42,4,0.00152094863,0.950823256
43,4,0.00151435342,0.946700254
44,4,0.00150531963,0.941052768
45,4,0.00149367082,0.933770497
46,4,0.00147922193,0.924737749
47,4,0.00146178853,0.913839236
48,4,0.00144120877,0.900973768
49,4,0.00141736167,0.886065717
50,4,0.00139014779,0.869052926
51,4,0.00135991598,0.850153462
52,4,0.00132667212,0.829371018
53,4,0.00129016,0.806545411
54,4,0.00125046785,0.781731804
55,4,0.00120773217,0.755015529
56,4,0.00116212175,0.726502108
57,4,0.00111382248,0.696307751
58,4,0.00106378081,0.665024131
59,4,0.00101209653,0.632713626
60,4,0.000958474822,0.599191936
61,4,0.000903156454,0.564609577
62,4,0.000846379702,0.529115508
63,4,0.000789869852,0.493788293
64,4,0.000732560967,0.457961559
65,4,0.000674512244,0.421672315
66,4,0.000616532683,0.385426308
67,4,0.000559536107,0.349794815
68,4,0.000502385484,0.31406702
69,4,0.000446176642,0.27892798
70,4,0.00039133104,0.244641172
71,4,0.000336959181,0.210650524
72,4,0.000285137709,0.178254256
73,4,0.000234146131,0.146376796
74,4,0.000185898158,0.116214505
75,4,0.000139723301,0.0873482259
76,4,9.61361445E-05,0.0600996513
77,4,5.59861141E-05,0.0349998011
78,4,2.02483967E-05,0.0126583148
79,4,0,0
0,5,5.73891113E-06,0.00358768868
1,5,3.52328603E-05,0.0220258741
2,5,7.38542006E-05,0.0461700614
3,5,0.000116104953,0.0725831811
4,5,0.000161320036,0.100849456
5,5,0.000209767103,0.131136211
6,5,0.000259990899,0.16253369
7,5,0.000312407393,0.195301939
8,5,0.000366437722,0.229079077
9,5,0.000422156628,0.263911833
10,5,0.00047849149,0.299129655
11,5,0.000536850609,0.335612943
12,5,0.000595205907,0.372093843
13,5,0.000654027172,0.408866042
14,5,0.000713800408,0.446233368
15,5,0.000772994136,0.483238414
16,5,0.000831392699,0.519746361
17,5,0.000890145628,0.55647584
18,5,0.000947857546,0.59255453
19,5,0.00100399888,0.627651364
20,5,0.00105830675,0.661602013
21,5,0.0011109925,0.694538588
22,5,0.0011621219,0.726502204
23,5,0.00121058445,0.756798639
24,5,0.00125615624,0.785287908
25,5,0.00129862134,0.811835026
26,5,0.00133781316,0.836335852
27,5,0.00137358978,0.858701661
28,5,0.00140655547,0.879310209
29,5,0.00143597219,0.897700114
30,5,0.00146178861,0.913839284
31,5,0.00148409198,0.92778227
32,5,0.00150302033,0.939615357
33,5,0.00151876989,0.949461219
34,5,0.00153157102,0.957463865
35,5,0.00154168343,0.963785649
36,5,0.00154937461,0.968593804
37,5,0.00155488434,0.972038215
38,5,0.00155843011,0.97425486
39,5,0.00156016245,0.975337837
40,5,0.00156016247,0.975337849
41,5,0.00155843011,0.97425486
42,5,0.00155488434,0.972038215
43,5,0.00154937461,0.968593804
44,5,0.00154168337,0.963785613
45,5,0.00153157111,0.957463921
46,5,0.00151876989,0.949461219
47,5,0.00150302033,0.939615357
48,5,0.00148409198,0.92778227
49,5,0.00146178863,0.913839296
50,5,0.00143597215,0.897700091
51,5,0.00140655547,0.879310209
52,5,0.00137358978,0.858701661
53,5,0.00133781316,0.836335852
54,5,0.00129862134,0.81183503
55,5,0.00125615627,0.785287926
56,5,0.00121058445,0.756798639
57,5,0.0011621219,0.726502204
58,5,0.0011109925,0.694538588
59,5,0.00105830676,0.661602018
60,5,0.00100399857,0.627651173
61,5,0.000947857546,0.59255453
62,5,0.000890145628,0.55647584
63,5,0.000831392699,0.519746361
64,5,0.000772994133,0.483238412
65,5,0.000713799951,0.446233082
66,5,0.000654027172,0.408866042
67,5,0.000595205907,0.372093843
68,5,0.000536850609,0.335612943
69,5,0.000478491585,0.299129713
70,5,0.00042215652,0.263911765
71,5,0.000366437722,0.229079077
72,5,0.000312407393,0.195301939
73,5,0.000259990899,0.16253369
74,5,0.000209767103,0.131136211
75,5,0.0001613199,0.100849371
76,5,0.000116104953,0.0725831811
77,5,7.38542006E-05,0.0461700614
78,5,3.52328603E-05,0.0220258741
79,5,5.73891113E-06,0.00358768868
0,6,1.56697152E-05,0.00979594537
1,6,5.09970639E-05,0.031880889
2,6,9.16392428E-05,0.0572884066
3,6,0.00013595577,0.0849929486
4,6,0.000183118398,0.114476734
5,6,0.000232700138,0.145472832
6,6,0.000285137693,0.178254245
7,6,0.000338606887,0.211680591
8,6,0.000394926863,0.246889105
9,6,0.000451771958,0.2824259
10,6,0.000510431634,0.319097082
11,6,0.000569951887,0.356306255
12,6,0.000629458237,0.393506737
13,6,0.000690597932,0.431728307
14,6,0.000751491658,0.469796108
15,6,0.000811757949,0.507471668
16,6,0.000872035214,0.545154089
17,6,0.000932002457,0.582642698
18,6,0.000990543595,0.619239776
19,6,0.00104738757,0.65477587
20,6,0.00110250543,0.689232881
21,6,0.00115642607,0.722941449
22,6,0.00120773222,0.755015566
23,6,0.00125615612,0.785287836
24,6,0.00130143729,0.813595426
25,6,0.00134335703,0.839801609
26,6,0.00138186236,0.863873273
27,6,0.00141736153,0.886065633
28,6,0.00144900176,0.905845568
29,6,0.00147676205,0.923199954
30,6,0.00150070799,0.938169791
31,6,0.00152094864,0.950823265
32,6,0.00153770263,0.961297045
33,6,0.00155123599,0.969757444
34,6,0.00156186566,0.976402598
35,6,0.00156995662,0.981460676
36,6,0.00157586808,0.985156232
37,6,0.00157994712,0.987706249
38,6,0.00158249201,0.989297196
39,6,0.00158370394,0.990054833
40,6,0.00158370395,0.990054842
41,6,0.00158249201,0.989297196
42,6,0.00157994712,0.987706249
43,6,0.00157586808,0.985156232
44,6,0.00156995656,0.981460641
45,6,0.00156186563,0.97640258
46,6,0.00155123599,0.969757444
47,6,0.00153770263,0.961297045
48,6,0.00152094864,0.950823265
49,6,0.00150070808,0.938169849
50,6,0.00147676189,0.923199853
51,6,0.00144900176,0.905845568
52,6,0.00141736153,0.886065633
53,6,0.00138186236,0.863873273
54,6,0.00134335738,0.839801831
55,6,0.00130143728,0.81359542
56,6,0.00125615612,0.785287836
57,6,0.00120773222,0.755015566
58,6,0.00115642607,0.722941449
59,6,0.00110250602,0.689233248
60,6,0.0010473874,0.654775766
61,6,0.000990543595,0.619239776
62,6,0.000932002457,0.582642698
63,6,0.000872035214,0.545154089
64,6,0.000811758187,0.507471817
65,6,0.000751491585,0.469796063
66,6,0.000690597932,0.431728307
67,6,0.000629458237,0.393506737
68,6,0.000569951887,0.356306255
69,6,0.000510431634,0.319097082
70,6,0.000451771777,0.282425787
71,6,0.000394926863,0.246889105
72,6,0.000338606887,0.211680591
73,6,0.000285137693,0.178254245
74,6,0.000232700209,0.145472876
75,6,0.000183118398,0.114476734
76,6,0.00013595577,0.0849929486
77,6,9.16392428E-05,0.0572884066
78,6,5.09970639E-05,0.031880889
79,6,1.56697153E-05,0.00979594541
0,7,2.80253559E-05,0.0175200922
1,7,6.61838598E-05,0.0413749367
2,7,0.000108757944,0.0679901879
3,7,0.000154920768,0.0968489448
4,7,0.000204106942,0.127597753
5,7,0.000255325866,0.159617338
6,7,0.000309167589,0.19327657
7,7,0.000364674667,0.227976901
8,7,0.000422156624,0.263911831
9,7,0.00048046919,0.300366016
10,7,0.000540949326,0.338175262
11,7,0.000601578751,0.376077836
12,7,0.000663104358,0.414540659
13,7,0.000725505319,0.45355071
14,7,0.00078744879,0.492274762
15,7,0.000848930464,0.53071012
16,7,0.000910992726,0.569508434
17,7,0.000971800104,0.607522255
18,7,0.00103106088,0.644569217
19,7,0.00108848211,0.680466182
20,7,0.00114504952,0.71582938
21,7,0.00119917995,0.749669101
22,7,0.00125046771,0.781731718
23,7,0.00129862133,0.811835022
24,7,0.0013433573,0.839801781
25,7,0.00138463005,0.865603497
26,7,0.00142271927,0.889415034
27,7,0.0014567049,0.910661195
28,7,0.00148650765,0.929292428
29,7,0.00151212226,0.945305439
30,7,0.00153363749,0.95875572
31,7,0.00155123604,0.969757477
32,7,0.00156519025,0.978480972
33,7,0.00157586795,0.985156154
34,7,0.00158370384,0.990054773
35,7,0.00158918166,0.993479235
36,7,0.00159279774,0.995739832
37,7,0.00159501806,0.997127869
38,7,0.00159634631,0.997958232
39,7,0.00159693725,0.998327655
40,7,0.00159693721,0.998327628
41,7,0.00159634631,0.997958232
42,7,0.00159501806,0.997127869
43,7,0.00159279774,0.995739832
44,7,0.0015891816,0.9934792
45,7,0.00158370385,0.990054778
46,7,0.00157586795,0.985156154
47,7,0.00156519025,0.978480972
48,7,0.00155123604,0.969757477
49,7,0.00153363749,0.958755717
50,7,0.00151212224,0.945305427
51,7,0.00148650765,0.929292428
52,7,0.0014567049,0.910661195
53,7,0.00142271927,0.889415034
54,7,0.00138463004,0.865603493
55,7,0.00134335713,0.839801675
56,7,0.00129862133,0.811835022
57,7,0.00125046771,0.781731718
58,7,0.00119917995,0.749669101
59,7,0.00114504947,0.715829348
60,7,0.00108848213,0.680466196
61,7,0.00103106088,0.644569217
62,7,0.000971800104,0.607522255
63,7,0.000910992726,0.569508434
64,7,0.000848930805,0.530710334
65,7,0.000787448799,0.492274767
66,7,0.000725505319,0.45355071
67,7,0.000663104358,0.414540659
68,7,0.000601578751,0.376077836
69,7,0.000540949372,0.338175291
70,7,0.00048046919,0.300366016
71,7,0.000422156624,0.263911831
72,7,0.000364674667,0.227976901
73,7,0.000309167589,0.19327657
74,7,0.000255326113,0.159617493
75,7,0.000204106942,0.127597753
76,7,0.000154920768,0.0968489448
77,7,0.000108757944,0.0679901879
78,7,6.61838598E-05,0.0413749367
79,7,2.80253557E-05,0.0175200921
0,8,4.11061635E-05,0.0256975782
1,8,8.15920756E-05,0.0510074053
2,8,0.000125979718,0.0787564048
3,8,0.000173453899,0.108434959
4,8,0.000224046007,0.140062689
5,8,0.000277224333,0.173307197
6,8,0.000332011149,0.207557255
7,8,0.000389541741,0.243522589
8,8,0.000448036334,0.280090569
9,8,0.000508417731,0.317838088
10,8,0.00056995199,0.35630632
11,8,0.000631621483,0.394859093
12,8,0.000695217312,0.434616119
13,8,0.000758636492,0.474262712
14,8,0.000821554264,0.513595849
15,8,0.000884957762,0.553232638
16,8,0.000947857466,0.59255448
17,8,0.00100939276,0.631023357
18,8,0.00106926178,0.668450568
19,8,0.00112799931,0.70517042
20,8,0.00118492136,0.740755321
21,8,0.00123908912,0.774618373
22,8,0.00129016006,0.806545449
23,8,0.00133781317,0.83633586
24,8,0.00138186234,0.863873262
25,8,0.00142271923,0.889415006
26,8,0.0014592508,0.91225277
27,8,0.00149129643,0.932286141
28,8,0.00151876995,0.949461252
29,8,0.00154168348,0.963785678
30,8,0.00156016265,0.975337958
31,8,0.00157443806,0.984262256
32,8,0.00158488154,0.990791009
33,8,0.00159196169,0.995217178
34,8,0.00159634638,0.997958271
35,8,0.00159874295,0.999456489
36,8,0.00159961235,1
37,8,0.00159958749,0.999984456
38,8,0.00159923077,0.999761451
39,8,0.00159894624,0.999583581
40,8,0.00159894626,0.99958359
41,8,0.00159923077,0.999761451
42,8,0.00159958749,0.999984456
43,8,0.00159961235,1
44,8,0.00159874304,0.999456548
45,8,0.00159634633,0.997958244
46,8,0.00159196169,0.995217178
47,8,0.00158488154,0.990791009
48,8,0.00157443806,0.984262256
49,8,0.00156016255,0.975337895
50,8,0.00154168345,0.963785664
51,8,0.00151876995,0.949461252
52,8,0.00149129643,0.932286141
53,8,0.0014592508,0.91225277
54,8,0.00142271917,0.889414966
55,8,0.00138186237,0.863873283
56,8,0.00133781317,0.83633586
57,8,0.00129016006,0.806545449
58,8,0.00123908912,0.774618373
59,8,0.00118492143,0.740755363
60,8,0.00112799903,0.705170242
61,8,0.00106926178,0.668450568
62,8,0.00100939276,0.631023357
63,8,0.000947857466,0.59255448
64,8,0.000884957793,0.553232658
65,8,0.000821554042,0.51359571
66,8,0.000758636492,0.474262712
67,8,0.000695217312,0.434616119
68,8,0.000631621483,0.394859093
69,8,0.0005699518,0.356306201
70,8,0.000508417491,0.317837938
71,8,0.000448036334,0.280090569
72,8,0.000389541741,0.243522589
73,8,0.000332011149,0.207557255
74,8,0.000277224333,0.173307197
75,8,0.000224045472,0.140062355
76,8,0.000173453899,0.108434959
77,8,0.000125979718,0.0787564048
78,8,8.15920756E-05,0.0510074053
79,8,4.11114224E-05,0.0257008658
0,9,5.39841109E-05,0.0337482458
1,9,9.61363996E-05,0.0600998107
2,9,0.000142241098,0.0889222302
3,9,0.00019146981,0.119697632
4,9,0.000242987202,0.151903804
5,9,0.000297900415,0.18623288
6,9,0.000354150394,0.221397637
7,9,0.000413020625,0.258200448
8,9,0.00047256697,0.295425932
9,9,0.000534803421,0.33433314
10,9,0.000597324483,0.373418274
11,9,0.000660832585,0.413120456
12,9,0.00072550528,0.453550686
13,9,0.000789870054,0.493788419
14,9,0.000854049762,0.533910457
15,9,0.000918852054,0.574421705
16,9,0.000982499274,0.614210857
17,9,0.00104466344,0.653072877
18,9,0.00110533085,0.690999197
19,9,0.00116497112,0.728283397
20,9,0.00122199013,0.763928914
21,9,0.00127602029,0.797705948
22,9,0.00132667212,0.829371018
23,9,0.00137358979,0.858701665
24,9,0.00141736158,0.886065662
25,9,0.00145670475,0.910661107
26,9,0.00149129626,0.932286037
27,9,0.00152094861,0.950823248
28,9,0.00154557676,0.966219572
29,9,0.00156519027,0.978480987
30,9,0.00157994713,0.987706261
31,9,0.00159015308,0.994086519
32,9,0.00159634635,0.997958254
33,9,0.00159929985,0.999804637
34,9,0.00159944569,0.999895812
35,9,0.00159763267,0.9987624
36,9,0.00159476275,0.996968263
37,9,0.00159169096,0.995047932
38,9,0.00158916999,0.99347194
39,9,0.00158776489,0.992593541
40,9,0.00158776492,0.992593559
41,9,0.00158916999,0.99347194
42,9,0.00159169096,0.995047932
43,9,0.00159476275,0.996968263
44,9,0.00159763276,0.998762457
45,9,0.00159944575,0.99989585
46,9,0.00159929985,0.999804637
47,9,0.00159634635,0.997958254
48,9,0.00159015308,0.994086519
49,9,0.00157994711,0.987706243
50,9,0.00156519023,0.978480962
51,9,0.00154557676,0.966219572
52,9,0.00152094861,0.950823248
53,9,0.00149129626,0.932286037
54,9,0.00145670553,0.910661594
55,9,0.00141736157,0.886065656
56,9,0.00137358979,0.858701665
57,9,0.00132667212,0.829371018
58,9,0.00127602029,0.797705948
59,9,0.00122199023,0.763928976
60,9,0.00116497066,0.728283114
61,9,0.00110533085,0.690999197
62,9,0.00104466344,0.653072877
63,9,0.000982499274,0.614210857
64,9,0.000918858361,0.574425647
65,9,0.000854049542,0.533910319
66,9,0.000789870054,0.493788419
67,9,0.00072550528,0.453550686
68,9,0.000660832585,0.413120456
69,9,0.000597324488,0.373418277
70,9,0.000534803421,0.33433314
71,9,0.00047256697,0.295425932
72,9,0.000413020625,0.258200448
73,9,0.000354150394,0.221397637
74,9,0.000297900413,0.186232879
75,9,0.000242987114,0.15190375
76,9,0.00019146981,0.119697632
77,9,0.000142241098,0.0889222302
78,9,9.61363996E-05,0.0600998107
79,9,5.39842938E-05,0.0337483602
0,10,6.61845758E-05,0.0413753843
1,10,0.000109978318,0.0687531061
2,10,0.00015747367,0.0984448948
3,10,0.000208352347,0.130251774
4,10,0.00026154638,0.163506102
5,10,0.000317283521,0.198350257
6,10,0.000375280324,0.234607043
7,10,0.000435038154,0.271964738
8,10,0.000496380177,0.310312793
9,10,0.000559536229,0.349794892
10,10,0.000622985242,0.389460135
11,10,0.000688288142,0.430284338
12,10,0.000753869755,0.471282779
13,10,0.000819096913,0.512059632
14,10,0.00088495779,0.553232656
15,10,0.000950511676,0.594213764
16,10,0.00101480147,0.634404623
17,10,0.00107748741,0.673592831
18,10,0.00113936273,0.712274276
19,10,0.00119917935,0.749668721
20,10,0.00125615637,0.785287989
21,10,0.00130987422,0.818869783
22,10,0.00135991611,0.850153543
23,10,0.00140655545,0.879310198
24,10,0.00144900173,0.905845551
25,10,0.0014865079,0.929292587
26,10,0.00151876997,0.949461264
27,10,0.00154557674,0.966219558
28,10,0.00156681167,0.979494607
29,10,0.00158249179,0.989297058
30,10,0.00159279768,0.995739798
31,10,0.00159837767,0.999228134
32,10,0.00159958748,0.99998445
33,10,0.00159704146,0.998392804
34,10,0.00159169103,0.995047976
35,10,0.0015846384,0.990639015
36,10,0.00157707243,0.985909134
37,10,0.00157014609,0.981579123
38,10,0.00156488221,0.978288403
39,10,0.00156204376,0.976513939
40,10,0.00156204381,0.976513972
41,10,0.00156488221,0.978288403
42,10,0.00157014609,0.981579123
43,10,0.00157707243,0.985909134
44,10,0.00158463835,0.990638984
45,10,0.001591691,0.995047952
46,10,0.00159704146,0.998392804
47,10,0.00159958748,0.99998445
48,10,0.00159837767,0.999228134
49,10,0.00159279772,0.99573982
50,10,0.00158249164,0.989296962
51,10,0.00156681167,0.979494607
52,10,0.00154557674,0.966219558
53,10,0.00151876997,0.949461264
54,10,0.00148650797,0.929292632
55,10,0.00144900169,0.905845526
56,10,0.00140655545,0.879310198
57,10,0.00135991611,0.850153543
58,10,0.00130987422,0.818869783
59,10,0.00125615637,0.785287993
60,10,0.00119917902,0.749668517
61,10,0.00113936273,0.712274276
62,10,0.00107748741,0.673592831
63,10,0.00101480147,0.634404623
64,10,0.000950511811,0.594213848
65,10,0.000884957751,0.553232632
66,10,0.000819096913,0.512059632
67,10,0.000753869755,0.471282779
68,10,0.000688288142,0.430284338
69,10,0.000622985271,0.389460153
70,10,0.000559536178,0.34979486
71,10,0.000496380177,0.310312793
72,10,0.000435038154,0.271964738
73,10,0.000375280324,0.234607043
74,10,0.000317283521,0.198350257
75,10,0.000261546214,0.163505998
76,10,0.000208352347,0.130251774
77,10,0.00015747367,0.0984448948
78,10,0.000109978318,0.0687531061
79,10,6.61845744E-05,0.0413753834
0,11,7.82694515E-05,0.048930262
1,11,0.000123504249,0.0772088619
2,11,0.000172079553,0.107575784
3,11,0.000224045524,0.140062387
4,11,0.000278805752,0.174295823
5,11,0.000335306539,0.209617373
6,11,0.000394927318,0.24688939
7,11,0.00045551334,0.28476483
8,11,0.000518515279,0.324150585
9,11,0.000582528211,0.364168362
10,11,0.000647248959,0.404628633
11,11,0.000713800296,0.446233298
12,11,0.000780211576,0.487750407
13,11,0.000846379417,0.529115329
14,11,0.000913613954,0.571147099
15,11,0.000979822045,0.612537183
16,11,0.00104466332,0.653072804
17,11,0.0011081617,0.692768908
18,11,0.00117066661,0.731843942
19,11,0.0012305408,0.769274381
20,11,0.00128733435,0.804778952
21,11,0.00134058759,0.838070291
22,11,0.00139014801,0.86905306
23,11,0.00143597211,0.897700064
24,11,0.00147676197,0.923199905
25,11,0.00151212221,0.945305408
26,11,0.0015416834,0.963785631
27,11,0.0015651903,0.978481003
28,11,0.00158249199,0.989297181
29,11,0.00159358434,0.996231581
30,11,0.0015990525,0.99965001
31,11,0.00159894615,0.99958352
32,11,0.00159382874,0.996384365
33,11,0.00158463848,0.990639061
34,11,0.00157257992,0.983100634
35,11,0.00155905989,0.974648566
36,11,0.00154563683,0.966257122
37,11,0.00153384952,0.958888268
38,11,0.00152510051,0.95341881
39,11,0.00152043686,0.950503328
40,11,0.00152043689,0.950503341
41,11,0.00152510051,0.95341881
42,11,0.00153384952,0.958888268
43,11,0.00154563683,0.966257122
44,11,0.00155905983,0.974648532
45,11,0.00157258003,0.983100701
46,11,0.00158463848,0.990639061
47,11,0.00159382874,0.996384365
48,11,0.00159894615,0.99958352
49,11,0.00159905249,0.999650004
50,11,0.00159358444,0.996231645
51,11,0.00158249199,0.989297181
52,11,0.0015651903,0.978481003
53,11,0.0015416834,0.963785631
54,11,0.00151212224,0.945305431
55,11,0.00147676192,0.923199874
56,11,0.00143597211,0.897700064
57,11,0.00139014801,0.86905306
58,11,0.00134058759,0.838070291
59,11,0.00128733463,0.804779127
60,11,0.00123054069,0.769274313
61,11,0.00117066661,0.731843942
62,11,0.0011081617,0.692768908
63,11,0.00104466332,0.653072804
64,11,0.000979822006,0.612537159
65,11,0.000913613954,0.571147099
66,11,0.000846379417,0.529115329
67,11,0.000780211576,0.487750407
68,11,0.000713800296,0.446233298
69,11,0.000647248959,0.404628633
70,11,0.000582528211,0.364168362
71,11,0.000518515279,0.324150585
72,11,0.00045551334,0.28476483
73,11,0.000394927318,0.24688939
74,11,0.000335306523,0.209617363
75,11,0.000278805752,0.174295823
76,11,0.000224045524,0.140062387
77,11,0.000172079553,0.107575784
78,11,0.000123504249,0.0772088619
79,11,7.82694519E-05,0.0489302623
0,12,8.93935693E-05,0.0558845205
1,12,0.000135956234,0.0849932386
2,12,0.000185898008,0.116214411
3,12,0.000238503847,0.149101028
4,12,0.000294695864,0.18422955
5,12,0.000352403101,0.220305314
6,12,0.000413026971,0.258204414
7,12,0.000474541036,0.296660022
8,12,0.00053889928,0.336893673
9,12,0.000603708229,0.377409082
10,12,0.000669941391,0.41881484
11,12,0.000737274739,0.460908381
12,12,0.000804437596,0.502895339
13,12,0.000872035088,0.54515401
14,12,0.000939918803,0.587591614
15,12,0.00100669511,0.629336917
16,12,0.00107199952,0.670162068
17,12,0.00113651859,0.710496255
18,12,0.00119917934,0.749668718
19,12,0.0012589995,0.787065379
20,12,0.00131548185,0.822375404
21,12,0.00136813142,0.85528936
22,12,0.0014173616,0.886065676
23,12,0.00146178868,0.913839329
24,12,0.00150070808,0.938169849
25,12,0.00153363765,0.958755815
26,12,0.00156016252,0.975337882
27,12,0.00157994713,0.987706258
28,12,0.0015927977,0.995739809
29,12,0.00159905249,0.999650003
30,12,0.00159858572,0.999358198
31,12,0.00159169091,0.995047899
32,12,0.00157913848,0.987200731
33,12,0.00156204379,0.976513961
34,12,0.00154187959,0.963908282
35,12,0.00152043659,0.950503159
36,12,0.00149973468,0.937561328
37,12,0.00148184812,0.926379519
38,12,0.0014686754,0.918144576
39,12,0.00146168333,0.913773467
40,12,0.00146168332,0.913773463
41,12,0.0014686754,0.918144576
42,12,0.00148184812,0.926379519
43,12,0.00149973468,0.937561328
44,12,0.00152043649,0.950503095
45,12,0.00154187967,0.963908327
46,12,0.00156204379,0.976513961
47,12,0.00157913848,0.987200731
48,12,0.00159169091,0.995047899
49,12,0.00159858572,0.9993582
50,12,0.00159905256,0.999650043
51,12,0.0015927977,0.995739809
52,12,0.00157994713,0.987706258
53,12,0.00156016252,0.975337882
54,12,0.00153363749,0.958755718
55,12,0.00150070804,0.938169828
56,12,0.00146178868,0.913839329
57,12,0.0014173616,0.886065676
58,12,0.00136813142,0.85528936
59,12,0.00131548182,0.822375384
60,12,0.00125899941,0.787065318
61,12,0.00119917934,0.749668718
62,12,0.00113651859,0.710496255
63,12,0.00107199952,0.670162068
64,12,0.00100669514,0.62933694
65,12,0.000939918855,0.587591646
66,12,0.000872035088,0.54515401
67,12,0.000804437596,0.502895339
68,12,0.000737274739,0.460908381
69,12,0.000669941372,0.418814828
70,12,0.00060370823,0.377409082
71,12,0.00053889928,0.336893673
72,12,0.000474541036,0.296660022
73,12,0.000413026971,0.258204414
74,12,0.000352403101,0.220305314
75,12,0.000294695246,0.184229164
76,12,0.000238503847,0.149101028
77,12,0.000185898008,0.116214411
78,12,0.000135956234,0.0849932386
79,12,8.93990482E-05,0.0558879456
0,13,9.95276489E-05,0.0622198552
1,13,0.000147295651,0.0920820915
2,13,0.000198472184,0.124075176
3,13,0.000252232101,0.157683267
4,13,0.000309167655,0.193276612
5,13,0.000368201827,0.23018191
6,13,0.000429508074,0.2685076
7,13,0.000492387832,0.307816973
8,13,0.000557458847,0.348496213
9,13,0.00062298492,0.389459934
10,13,0.000690598059,0.431728386
11,13,0.000758636541,0.474262742
12,13,0.000826467249,0.516667209
13,13,0.000895343265,0.559725151
14,13,0.000963798333,0.602519937
15,13,0.00103106087,0.644569212
16,13,0.00109685394,0.685699846
17,13,0.0011621219,0.726502203
18,13,0.00122484458,0.765713381
19,13,0.00128451174,0.803014391
20,13,0.0013405875,0.838070235
21,13,0.00139289832,0.870772419
22,13,0.00144120877,0.900973768
23,13,0.00148409202,0.927782294
24,13,0.00152094861,0.950823246
25,13,0.00155123606,0.969757488
26,13,0.00157443801,0.984262222
27,13,0.00159015309,0.994086526
28,13,0.00159837772,0.999228165
29,13,0.00159894609,0.999583483
30,13,0.00159169096,0.995047929
31,13,0.00157707242,0.98590913
32,13,0.00155593357,0.972694146
33,13,0.00152956913,0.956212379
34,13,0.00149973458,0.937561262
35,13,0.0014686754,0.918144574
36,13,0.00143898153,0.899581406
37,13,0.00141342462,0.883604465
38,13,0.00139462477,0.871851712
39,13,0.00138465182,0.865617111
40,13,0.00138465194,0.865617182
41,13,0.00139462477,0.871851712
42,13,0.00141342462,0.883604465
43,13,0.00143898153,0.899581406
44,13,0.00146867524,0.918144473
45,13,0.00149973463,0.937561298
46,13,0.00152956913,0.956212379
47,13,0.00155593357,0.972694146
48,13,0.00157707242,0.98590913
49,13,0.00159169087,0.995047871
50,13,0.00159894632,0.999583627
51,13,0.00159837772,0.999228165
52,13,0.00159015309,0.994086526
53,13,0.00157443801,0.984262222
54,13,0.00155123638,0.969757689
55,13,0.00152094855,0.950823211
56,13,0.00148409202,0.927782294
57,13,0.00144120877,0.900973768
58,13,0.00139289832,0.870772419
59,13,0.00134058759,0.838070292
60,13,0.0012845115,0.803014242
61,13,0.00122484458,0.765713381
62,13,0.0011621219,0.726502203
63,13,0.00109685394,0.685699846
64,13,0.00103106089,0.64456922
65,13,0.000963797985,0.602519719
66,13,0.000895343265,0.559725151
67,13,0.000826467249,0.516667209
68,13,0.000758636541,0.474262742
69,13,0.000690598173,0.431728457
70,13,0.000622984924,0.389459936
71,13,0.000557458847,0.348496213
72,13,0.000492387832,0.307816973
73,13,0.000429508074,0.2685076
74,13,0.00036820183,0.230181912
75,13,0.000309167656,0.193276612
76,13,0.000252232101,0.157683267
77,13,0.000198472184,0.124075176
78,13,0.000147295651,0.0920820915
79,13,9.95276489E-05,0.0622198552
0,14,0.000108757967,0.0679902018
1,14,0.000157473627,0.0984448678
2,14,0.00020976722,0.131136284
3,14,0.000264666692,0.16545677
4,14,0.000322170961,0.201405647
5,14,0.000382393149,0.239053636
6,14,0.000444312174,0.277762405
7,14,0.000508417736,0.317838091
8,14,0.000574133562,0.358920436
9,14,0.000640491964,0.400404487
10,14,0.000709137296,0.443318217
11,14,0.000777804711,0.486245752
12,14,0.000846379672,0.529115489
13,14,0.000916235666,0.572786066
14,14,0.000985178119,0.615885541
15,14,0.00105284572,0.658188042
16,14,0.00111949428,0.699853485
17,14,0.00118492138,0.740755331
18,14,0.00124762844,0.779956742
19,14,0.00130706447,0.817113262
20,14,0.00136265689,0.851866949
21,14,0.00141467041,0.884383271
22,14,0.00146178857,0.913839261
23,14,0.00150302035,0.939615368
24,14,0.00153770265,0.96129706
25,14,0.0015651903,0.978481005
26,14,0.00158488152,0.990790999
27,14,0.00159634632,0.997958238
28,14,0.00159958754,0.999984485
29,14,0.00159382869,0.996384337
30,14,0.00157913851,0.987200747
31,14,0.00155593343,0.972694056
32,14,0.0015251002,0.953418617
33,14,0.00148805232,0.93025808
34,14,0.00144684955,0.904500108
35,14,0.00140421373,0.877846263
36,14,0.00136346075,0.852369482
37,14,0.00132827506,0.830373094
38,14,0.0013022796,0.814121992
39,14,0.00128844317,0.805472128
40,14,0.00128844313,0.805472104
41,14,0.0013022796,0.814121992
42,14,0.00132827506,0.830373094
43,14,0.00136346075,0.852369482
44,14,0.00140421355,0.877846154
45,14,0.00144684982,0.904500279
46,14,0.00148805232,0.93025808
47,14,0.0015251002,0.953418617
48,14,0.00155593343,0.972694056
49,14,0.00157913838,0.987200664
50,14,0.00159382884,0.996384427
51,14,0.00159958754,0.999984485
52,14,0.00159634632,0.997958238
53,14,0.00158488152,0.990790999
54,14,0.00156519021,0.978480945
55,14,0.00153770276,0.961297128
56,14,0.00150302035,0.939615368
57,14,0.00146178857,0.913839261
58,14,0.00141467041,0.884383271
59,14,0.00136265699,0.851867009
60,14,0.00130706435,0.817113192
61,14,0.00124762844,0.779956742
62,14,0.00118492138,0.740755331
63,14,0.00111949428,0.699853485
64,14,0.00105284584,0.658188116
65,14,0.000985178013,0.615885475
66,14,0.000916235666,0.572786066
67,14,0.000846379672,0.529115489
68,14,0.000777804711,0.486245752
69,14,0.000709137646,0.443318436
70,14,0.000640491658,0.400404296
71,14,0.000574133562,0.358920436
72,14,0.000508417736,0.317838091
73,14,0.000444312174,0.277762405
74,14,0.000382393147,0.239053635
75,14,0.000322170966,0.20140565
76,14,0.000264666692,0.16545677
77,14,0.00020976722,0.131136284
78,14,0.000157473627,0.0984448678
79,14,0.000108757993,0.0679902183
0,15,0.000117331295,0.0733498306
1,15,0.000166603486,0.104152413
2,15,0.000219745285,0.137374086
3,15,0.000275650105,0.172323066
4,15,0.000333655134,0.208584995
5,15,0.000394926889,0.246889122
6,15,0.000457392813,0.285939785
7,15,0.000522572896,0.32668721
8,15,0.000588853354,0.368122535
9,15,0.000656293123,0.410282605
10,15,0.000725505307,0.453550703
11,15,0.000794713268,0.496816161
12,15,0.000864310253,0.540324818
13,15,0.000934637942,0.584290276
14,15,0.00100399862,0.627651202
15,15,0.00107199937,0.670161971
16,15,0.00113936312,0.712274521
17,15,0.00120488468,0.75323542
18,15,0.00126751115,0.79238645
19,15,0.001326672,0.829370937
20,15,0.00138186235,0.863873269
21,15,0.00143333951,0.896054289
22,15,0.00147922193,0.924737751
23,15,0.00151876981,0.949461169
24,15,0.0015512363,0.969757643
25,15,0.00157586797,0.985156162
26,15,0.00159196174,0.995217208
27,15,0.00159929984,0.999804634
28,15,0.00159704143,0.998392785
29,15,0.00158463841,0.990639016
30,15,0.00156204377,0.976513946
31,15,0.00152956909,0.956212349
32,15,0.00148805234,0.930258093
33,15,0.00143898178,0.899581562
34,15,0.00138465206,0.865617261
35,15,0.00132827506,0.830373095
36,15,0.0012740021,0.796444276
37,15,0.00122670356,0.766875521
38,15,0.0011914391,0.744829895
39,15,0.00117253873,0.733014299
40,15,0.00117253874,0.733014307
41,15,0.0011914391,0.744829895
42,15,0.00122670356,0.766875521
43,15,0.0012740021,0.796444276
44,15,0.00132827492,0.830373011
45,15,0.00138465224,0.865617373
46,15,0.00143898178,0.899581562
47,15,0.00148805234,0.930258093
48,15,0.00152956909,0.956212349
49,15,0.00156204355,0.976513806
50,15,0.00158463817,0.990638866
51,15,0.00159704143,0.998392785
52,15,0.00159929984,0.999804634
53,15,0.00159196174,0.995217208
54,15,0.00157586804,0.985156209
55,15,0.00155123602,0.969757466
56,15,0.00151876981,0.949461169
57,15,0.00147922193,0.924737751
58,15,0.00143333951,0.896054289
59,15,0.00138186233,0.863873256
60,15,0.00132667143,0.829370584
61,15,0.00126751115,0.79238645
62,15,0.00120488468,0.75323542
63,15,0.00113936312,0.712274521
64,15,0.00107199962,0.670162131
65,15,0.00100399861,0.627651201
66,15,0.000934637942,0.584290276
67,15,0.000864310253,0.540324818
68,15,0.000794713268,0.496816161
69,15,0.0007255055,0.453550824
70,15,0.000656293162,0.410282629
71,15,0.000588853354,0.368122535
72,15,0.000522572896,0.32668721
73,15,0.000457392813,0.285939785
74,15,0.000394927077,0.246889239
75,15,0.000333654915,0.208584858
76,15,0.000275650105,0.172323066
77,15,0.000219745285,0.137374086
78,15,0.000166603486,0.104152413
79,15,0.000117331785,0.0733501371
0,16,0.000124741359,0.0779822427
1,16,0.000174829851,0.109295137
2,16,0.000228367261,0.142764127
3,16,0.000285137668,0.17825423
4,16,0.000343701423,0.214865447
5,16,0.000405759509,0.25366115
6,16,0.000468694772,0.293005222
7,16,0.000534803243,0.334333029
8,16,0.000601578484,0.376077669
9,16,0.000669941633,0.418814991
10,16,0.000739636798,0.462385025
11,16,0.000809311699,0.505942392
12,16,0.000879782554,0.54999735
13,16,0.000950511745,0.594213807
14,16,0.00102021251,0.637787341
15,16,0.00108848235,0.680466332
16,16,0.00115642608,0.722941453
17,16,0.00122199017,0.763928941
18,16,0.00128451173,0.803014383
19,16,0.00134335733,0.839801799
20,16,0.00139838032,0.874199503
21,16,0.00144900192,0.90584567
22,16,0.00149367085,0.933770515
23,16,0.00153157103,0.95746387
24,16,0.00156186565,0.976402593
25,16,0.00158370392,0.990054819
26,16,0.00159634635,0.997958251
27,16,0.00159944567,0.999895799
28,16,0.001591691,0.995047958
29,16,0.00157258024,0.983100834
30,16,0.00154187964,0.963908313
31,16,0.00149973462,0.937561291
32,16,0.00144684968,0.904500193
33,16,0.00138465228,0.865617396
34,16,0.00131554691,0.822416074
35,16,0.00124317321,0.777171549
36,16,0.00117253885,0.733014379
37,16,0.00110999242,0.693913382
38,16,0.00106262977,0.664304551
39,16,0.00103694511,0.64824775
40,16,0.00103694516,0.648247783
41,16,0.00106262977,0.664304551
42,16,0.00110999242,0.693913382
43,16,0.00117253885,0.733014379
44,16,0.00124317273,0.777171252
45,16,0.00131554697,0.822416114
46,16,0.00138465228,0.865617396
47,16,0.00144684968,0.904500193
48,16,0.00149973462,0.937561291
49,16,0.00154187952,0.963908237
50,16,0.00157258016,0.983100783
51,16,0.001591691,0.995047958
52,16,0.00159944567,0.999895799
53,16,0.00159634635,0.997958251
54,16,0.0015837038,0.990054744
55,16,0.00156186572,0.97640264
56,16,0.00153157103,0.95746387
57,16,0.00149367085,0.933770515
58,16,0.00144900192,0.90584567
59,16,0.00139838052,0.874199623
60,16,0.00134335701,0.839801597
61,16,0.00128451173,0.803014383
62,16,0.00122199017,0.763928941
63,16,0.00115642608,0.722941453
64,16,0.0010884823,0.680466304
65,16,0.00102021251,0.637787341
66,16,0.000950511745,0.594213807
67,16,0.000879782554,0.54999735
68,16,0.000809311699,0.505942392
69,16,0.000739636989,0.462385144
70,16,0.000669941324,0.418814798
71,16,0.000601578484,0.376077669
72,16,0.000534803243,0.334333029
73,16,0.000468694772,0.293005222
74,16,0.000405760242,0.253661609
75,16,0.000343701427,0.214865449
76,16,0.000285137668,0.17825423
77,16,0.000228367261,0.142764127
78,16,0.000174829851,0.109295137
79,16,0.000124741403,0.0779822706
0,17,0.000130954931,0.0818666668
1,17,0.000181730575,0.113609134
2,17,0.000235599202,0.147285185
3,17,0.000293095077,0.183228816
4,17,0.000352403289,0.220305431
5,17,0.000414847396,0.259342456
6,17,0.000478491897,0.299129908
7,17,0.000545061218,0.340745817
8,17,0.00061224952,0.382748682
9,17,0.000681386447,0.425969733
10,17,0.000751491466,0.469795988
11,17,0.000821554411,0.513595941
12,17,0.000892743788,0.558100084
13,17,0.000963798173,0.602519837
14,17,0.00103377593,0.646266532
15,17,0.00110250528,0.689232789
16,17,0.00117066647,0.731843852
17,17,0.00123624011,0.772837314
18,17,0.00129862118,0.811834927
19,17,0.00135716372,0.848432885
20,17,0.00141197114,0.882695821
21,17,0.00146178849,0.913839211
22,17,0.00150531955,0.941052717
23,17,0.00154168339,0.963785627
24,17,0.00156995675,0.981460758
25,17,0.00158918165,0.993479233
26,17,0.00159874294,0.999456486
27,17,0.00159763279,0.998762475
28,17,0.00158463845,0.990639044
29,17,0.00155905971,0.974648459
30,17,0.0015204366,0.950503162
31,17,0.00146867531,0.918144519
32,17,0.00140421382,0.877846324
33,17,0.00132827506,0.830373094
34,17,0.00124317273,0.777171252
35,17,0.00115270726,0.720616631
36,17,0.00106262969,0.664304502
37,17,0.000980917244,0.613221849
38,17,0.000917486156,0.573567811
39,17,0.00088241678,0.55164414
40,17,0.000882416798,0.551644151
41,17,0.000917486156,0.573567811
42,17,0.000980917244,0.613221849
43,17,0.00106262969,0.664304502
44,17,0.00115270712,0.720616543
45,17,0.00124317306,0.777171457
46,17,0.00132827506,0.830373094
47,17,0.00140421382,0.877846324
48,17,0.00146867531,0.918144519
49,17,0.0015204366,0.950503166
50,17,0.00155905992,0.97464859
51,17,0.00158463845,0.990639044
52,17,0.00159763279,0.998762475
53,17,0.00159874294,0.999456486
54,17,0.00158918162,0.993479212
55,17,0.00156995661,0.981460667
56,17,0.00154168339,0.963785627
57,17,0.00150531955,0.941052717
58,17,0.00146178849,0.913839211
59,17,0.00141197693,0.882699441
60,17,0.00135716315,0.848432526
61,17,0.00129862118,0.811834927
62,17,0.00123624011,0.772837314
63,17,0.00117066647,0.731843852
64,17,0.00110250581,0.689233117
65,17,0.00103377593,0.646266532
66,17,0.000963798173,0.602519837
67,17,0.000892743788,0.558100084
68,17,0.000821554411,0.513595941
69,17,0.000751492066,0.469796364
70,17,0.000681386389,0.425969697
71,17,0.00061224952,0.382748682
72,17,0.000545061218,0.340745817
73,17,0.000478491897,0.299129908
74,17,0.000414847484,0.259342511
75,17,0.000352403289,0.220305431
76,17,0.000293095077,0.183228816
77,17,0.000235599202,0.147285185
78,17,0.000181730575,0.113609134
79,17,0.000130954933,0.0818666677
0,18,0.000135956443,0.0849933688
1,18,0.000187283885,0.117080794
2,18,0.000241452312,0.150944266
3,18,0.000299503788,0.187235231
4,18,0.000359399938,0.224679396
5,18,0.000422156604,0.263911818
6,18,0.000486412378,0.304081409
7,18,0.000553315836,0.345906203
8,18,0.00062083483,0.388115801
9,18,0.000690597743,0.431728188
10,18,0.000761018855,0.47575205
11,18,0.000831392747,0.519746391
12,18,0.00090315675,0.564609762
13,18,0.000974468976,0.609190705
14,18,0.0010446634,0.653072853
15,18,0.00111382235,0.696307672
16,18,0.00118206864,0.738971939
17,18,0.00124762845,0.779956746
18,18,0.00130987424,0.818869795
19,18,0.00136813145,0.855289374
20,18,0.00142271908,0.88941491
21,18,0.00147182177,0.92011153
22,18,0.00151435339,0.946700238
23,18,0.00154937467,0.968593838
24,18,0.00157586802,0.985156196
25,18,0.00159279767,0.995739794
26,18,0.0015996122,0.999999905
27,18,0.00159476275,0.996968265
28,18,0.00157707245,0.985909147
29,18,0.0015456367,0.966257044
30,18,0.00149973474,0.937561365
31,18,0.0014389816,0.899581448
32,18,0.00136346087,0.852369555
33,18,0.00127400225,0.796444371
34,18,0.00117253897,0.733014449
35,18,0.00106262984,0.664304598
36,18,0.00095023113,0.59403838
37,18,0.000844688213,0.528058071
38,18,0.000759459991,0.474777524
39,18,0.000710679883,0.444282568
40,18,0.000710679948,0.444282608
41,18,0.000759459991,0.474777524
42,18,0.000844688213,0.528058071
43,18,0.00095023113,0.59403838
44,18,0.00106262962,0.66430446
45,18,0.00117253901,0.733014477
46,18,0.00127400225,0.796444371
47,18,0.00136346087,0.852369555
48,18,0.0014389816,0.899581448
49,18,0.00149973476,0.937561375
50,18,0.0015456368,0.966257105
51,18,0.00157707245,0.985909147
52,18,0.00159476275,0.996968265
53,18,0.0015996122,0.999999905
54,18,0.00159279767,0.995739792
55,18,0.00157586764,0.98515596
56,18,0.00154937467,0.968593838
57,18,0.00151435339,0.946700238
58,18,0.00147182177,0.92011153
59,18,0.00142271908,0.889414915
60,18,0.00136813111,0.855289162
61,18,0.00130987424,0.818869795
62,18,0.00124762845,0.779956746
63,18,0.00118206864,0.738971939
64,18,0.00111382292,0.696308029
65,18,0.00104466343,0.65307287
66,18,0.000974468976,0.609190705
67,18,0.00090315675,0.564609762
68,18,0.000831392747,0.519746391
69,18,0.000761019271,0.475752309
70,18,0.00069059777,0.431728205
71,18,0.00062083483,0.388115801
72,18,0.000553315836,0.345906203
73,18,0.000486412378,0.304081409
74,18,0.000422156604,0.263911818
75,18,0.000359399349,0.224679028
76,18,0.000299503788,0.187235231
77,18,0.000241452312,0.150944266
78,18,0.000187283885,0.117080794
79,18,0.000135956443,0.0849933688
0,19,0.000139722911,0.0873479821
1,19,0.000191470084,0.119697803
2,19,0.000246060089,0.153824824
3,19,0.000304329742,0.190252183
4,19,0.000364674043,0.227976511
5,19,0.000427662865,0.267354065
6,19,0.000492387872,0.307816998
7,19,0.000559536257,0.349794909
8,19,0.000627296703,0.392155451
9,19,0.000697532015,0.436063159
10,19,0.000768195607,0.480238606
11,19,0.000838796856,0.52437508
12,19,0.000910992159,0.569508079
13,19,0.000982499214,0.614210819
14,19,0.00105284549,0.658187899
15,19,0.0011223301,0.701626301
16,19,0.00119062444,0.744320611
17,19,0.00125615627,0.785287927
18,19,0.00131828494,0.824127754
19,19,0.00137631118,0.860402944
20,19,0.00143069691,0.894402263
21,19,0.00147922186,0.92473771
22,19,0.00152094863,0.950823256
23,19,0.00155488431,0.972038201
24,19,0.00157994707,0.987706219
25,19,0.00159501812,0.997127909
26,19,0.00159958748,0.999984454
27,19,0.00159169096,0.995047932
28,19,0.00157014634,0.981579277
29,19,0.00153384941,0.958888203
30,19,0.00148184815,0.926379536
31,19,0.0014134246,0.883604457
32,19,0.00132827507,0.830373102
33,19,0.00122670357,0.766875528
34,19,0.00110999235,0.69391334
35,19,0.000980917199,0.613221821
36,19,0.000844687989,0.528057931
37,19,0.000710679746,0.444282482
38,19,0.000595405598,0.37221868
39,19,0.000524867817,0.328121883
40,19,0.000524867895,0.328121932
41,19,0.000595405598,0.37221868
42,19,0.000710679746,0.444282482
43,19,0.000844687989,0.528057931
44,19,0.000980916993,0.613221692
45,19,0.00110999273,0.693913576
46,19,0.00122670357,0.766875528
47,19,0.00132827507,0.830373102
48,19,0.0014134246,0.883604457
49,19,0.00148184824,0.926379592
50,19,0.00153384967,0.958888362
51,19,0.00157014634,0.981579277
52,19,0.00159169096,0.995047932
53,19,0.00159958748,0.999984454
54,19,0.00159501808,0.997127882
55,19,0.00157994712,0.987706249
56,19,0.00155488431,0.972038201
57,19,0.00152094863,0.950823256
58,19,0.00147922186,0.92473771
59,19,0.00143069692,0.894402272
60,19,0.00137631104,0.860402859
61,19,0.00131828494,0.824127754
62,19,0.00125615627,0.785287927
63,19,0.00119062444,0.744320611
64,19,0.00112233033,0.701626444
65,19,0.00105284549,0.658187899
66,19,0.000982499214,0.614210819
67,19,0.000910992159,0.569508079
68,19,0.000838796856,0.52437508
69,19,0.000768195689,0.480238658
70,19,0.000697532015,0.436063159
71,19,0.000627296703,0.392155451
72,19,0.000559536257,0.349794909
73,19,0.000492387872,0.307816998
74,19,0.000427663314,0.267354346
75,19,0.000364674043,0.227976511
76,19,0.000304329742,0.190252183
77,19,0.000246060089,0.153824824
78,19,0.000191470084,0.119697803
79,19,0.000139722911,0.0873479821
0,20,0.000142241357,0.0889223921
1,20,0.000194263062,0.121443837
2,20,0.000249143224,0.155752251
3,20,0.000307555544,0.192268798
4,20,0.000368201967,0.230181998
5,20,0.000431348407,0.269658087
6,20,0.000496380147,0.310312774
7,20,0.000563695566,0.352395107
8,20,0.000631621328,0.394858996
9,20,0.000702167176,0.438960836
10,20,0.00077299361,0.483238085
11,20,0.000843829213,0.527521066
12,20,0.000916235234,0.572785796
13,20,0.0009878578,0.617560748
14,20,0.00105830668,0.66160197
15,20,0.00112799922,0.705170362
16,20,0.00119632737,0.747885801
17,20,0.0012618398,0.788840995
18,20,0.00132388244,0.827627044
19,20,0.00138186233,0.863873258
20,20,0.00143597206,0.897700031
21,20,0.00148409211,0.92778235
22,20,0.00152525493,0.953515348
23,20,0.0015584302,0.974254918
24,20,0.00158249187,0.989297107
25,20,0.00159634633,0.99795824
26,20,0.00159923076,0.999761446
27,20,0.00158916998,0.993471937
28,20,0.00156488153,0.978287974
29,20,0.00152510085,0.953419024
30,20,0.00146867545,0.918144603
31,20,0.0013946247,0.871851669
32,20,0.00130227967,0.814122039
33,20,0.00119143909,0.744829889
34,20,0.00106262974,0.664304532
35,20,0.000917486191,0.573567833
36,20,0.000759459668,0.474777321
37,20,0.00059540548,0.372218606
38,20,0.000440272118,0.275236758
39,20,0.000330857094,0.206835796
40,20,0.000330857251,0.206835894
41,20,0.000440272118,0.275236758
42,20,0.00059540548,0.372218606
43,20,0.000759459668,0.474777321
44,20,0.000917485915,0.573567661
45,20,0.00106263005,0.664304731
46,20,0.00119143909,0.744829889
47,20,0.00130227967,0.814122039
48,20,0.0013946247,0.871851669
49,20,0.00146867512,0.918144401
50,20,0.00152510068,0.953418919
51,20,0.00156488153,0.978287974
52,20,0.00158916998,0.993471937
53,20,0.00159923076,0.999761446
54,20,0.00159634633,0.997958239
55,20,0.0015824918,0.989297064
56,20,0.0015584302,0.974254918
57,20,0.00152525493,0.953515348
58,20,0.00148409211,0.92778235
59,20,0.00143597215,0.897700085
60,20,0.00138186243,0.863873319
61,20,0.00132388244,0.827627044
62,20,0.0012618398,0.788840995
63,20,0.00119632737,0.747885801
64,20,0.00112799922,0.705170362
65,20,0.00105830668,0.66160197
66,20,0.0009878578,0.617560748
67,20,0.000916235234,0.572785796
68,20,0.000843829213,0.527521066
69,20,0.00077299389,0.48323826
70,20,0.000702166918,0.438960675
71,20,0.000631621328,0.394858996
72,20,0.000563695566,0.352395107
73,20,0.000496380147,0.310312774
74,20,0.000431348404,0.269658085
75,20,0.000368201973,0.230182002
76,20,0.000307555544,0.192268798
77,20,0.000249143224,0.155752251
78,20,0.000194263062,0.121443837
79,20,0.000142241357,0.0889223924
0,21,0.000143499828,0.0897091272
1,21,0.000195666618,0.122321272
2,21,0.000250684504,0.156715784
3,21,0.000309167329,0.193276408
4,21,0.000369967557,0.231285759
5,21,0.000433195231,0.270812632
6,21,0.000498377803,0.311561612
7,21,0.000565777148,0.353696411
8,21,0.000633786274,0.396212416
9,21,0.000704485875,0.440410374
10,21,0.00077539807,0.484741237
11,21,0.0008463797,0.529115507
12,21,0.000918852282,0.574421847
13,21,0.000990543128,0.619239484
14,21,0.00106104373,0.663313041
15,21,0.00113083973,0.706946112
16,21,0.00119917994,0.749669092
17,21,0.00126467683,0.790614566
18,21,0.00132667196,0.829370915
19,21,0.00138463043,0.865603737
20,21,0.00143859348,0.899338815
21,21,0.00148650793,0.929292606
22,21,0.00152738192,0.954845042
23,21,0.00156016269,0.975337983
24,21,0.00158370391,0.990054816
25,21,0.00159693728,0.998327673
26,21,0.00159894624,0.999583581
27,21,0.00158776489,0.992593541
28,21,0.00156204389,0.976514018
29,21,0.00152043674,0.950503249
30,21,0.00146168338,0.913773499
31,21,0.00138465174,0.865617056
32,21,0.00128844317,0.805472133
33,21,0.00117253882,0.733014359
34,21,0.00103694502,0.648247696
35,21,0.00088241684,0.551644178
36,21,0.00071067961,0.444282397
37,21,0.000524867817,0.328121883
38,21,0.000330857227,0.206835879
39,21,0.000149191687,0.0932674015
40,21,0.000149192052,0.0932676296
41,21,0.000330857227,0.206835879
42,21,0.000524867817,0.328121883
43,21,0.00071067961,0.444282397
44,21,0.000882416453,0.551643936
45,21,0.00103694544,0.648247956
46,21,0.00117253882,0.733014359
47,21,0.00128844317,0.805472133
48,21,0.00138465174,0.865617056
49,21,0.00146168303,0.913773285
50,21,0.00152043686,0.950503322
51,21,0.00156204389,0.976514018
52,21,0.00158776489,0.992593541
53,21,0.00159894624,0.999583581
54,21,0.00159693737,0.998327732
55,21,0.00158370396,0.990054844
56,21,0.00156016269,0.975337983
57,21,0.00152738192,0.954845042
58,21,0.00148650793,0.929292606
59,21,0.00143859345,0.899338797
60,21,0.00138462998,0.865603457
61,21,0.00132667196,0.829370915
62,21,0.00126467683,0.790614566
63,21,0.00119917994,0.749669092
64,21,0.00113083979,0.70694615
65,21,0.00106104324,0.663312734
66,21,0.000990543128,0.619239484
67,21,0.000918852282,0.574421847
68,21,0.0008463797,0.529115507
69,21,0.000775398097,0.484741253
70,21,0.000704485864,0.440410368
71,21,0.000633786274,0.396212416
72,21,0.000565777148,0.353696411
73,21,0.000498377803,0.311561612
74,21,0.00043319544,0.270812763
75,21,0.000369967559,0.23128576
76,21,0.000309167329,0.193276408
77,21,0.000250684504,0.156715784
78,21,0.000195666618,0.122321272
79,21,0.000143499827,0.0897091264
0,22,0.000143499828,0.0897091272
1,22,0.000195666618,0.122321272
2,22,0.000250684504,0.156715784
3,22,0.000309167329,0.193276408
4,22,0.000369967557,0.231285759
5,22,0.000433195231,0.270812632
6,22,0.000498377803,0.311561612
7,22,0.000565777148,0.353696411
8,22,0.000633786274,0.396212416
9,22,0.000704485875,0.440410374
10,22,0.00077539807,0.484741237
11,22,0.0008463797,0.529115507
12,22,0.000918852282,0.574421847
13,22,0.000990543128,0.619239484
14,22,0.00106104373,0.663313041
15,22,0.00113083973,0.706946112
16,22,0.00119917994,0.749669092
17,22,0.00126467683,0.790614566
18,22,0.00132667196,0.829370915
19,22,0.00138463043,0.865603737
20,22,0.00143859348,0.899338815
21,22,0.00148650793,0.929292606
22,22,0.00152738192,0.954845042
23,22,0.00156016269,0.975337983
24,22,0.00158370391,0.990054816
25,22,0.00159693728,0.998327673
26,22,0.00159894624,0.999583581
27,22,0.00158776489,0.992593541
28,22,0.00156204389,0.976514018
29,22,0.00152043674,0.950503249
30,22,0.00146168338,0.913773499
31,22,0.00138465174,0.865617056
32,22,0.00128844317,0.805472133
33,22,0.00117253882,0.733014359
34,22,0.00103694502,0.648247696
35,22,0.00088241684,0.551644178
36,22,0.00071067961,0.444282397
37,22,0.000524867817,0.328121883
38,22,0.000330857227,0.206835879
39,22,0.000149191687,0.0932674015
40,22,0.000149192052,0.0932676296
41,22,0.000330857227,0.206835879
42,22,0.000524867817,0.328121883
43,22,0.00071067961,0.444282397
44,22,0.000882416453,0.551643936
45,22,0.00103694544,0.648247956
46,22,0.00117253882,0.733014359
47,22,0.00128844317,0.805472133
48,22,0.00138465174,0.865617056
49,22,0.00146168303,0.913773285
50,22,0.00152043686,0.950503322
51,22,0.00156204389,0.976514018
52,22,0.00158776489,0.992593541
53,22,0.00159894624,0.999583581
54,22,0.00159693737,0.998327732
55,22,0.00158370396,0.990054844
56,22,0.00156016269,0.975337983
57,22,0.00152738192,0.954845042
58,22,0.00148650793,0.929292606
59,22,0.00143859345,0.899338797
60,22,0.00138462998,0.865603457
61,22,0.00132667196,0.829370915
62,22,0.00126467683,0.790614566
63,22,0.00119917994,0.749669092
64,22,0.00113083979,0.70694615
65,22,0.00106104324,0.663312734
66,22,0.000990543128,0.619239484
67,22,0.000918852282,0.574421847
68,22,0.0008463797,0.529115507
69,22,0.000775398097,0.484741253
70,22,0.000704485864,0.440410368
71,22,0.000633786274,0.396212416
72,22,0.000565777148,0.353696411
73,22,0.000498377803,0.311561612
74,22,0.00043319544,0.270812763
75,22,0.000369967559,0.23128576
76,22,0.000309167329,0.193276408
77,22,0.000250684504,0.156715784
78,22,0.000195666618,0.122321272
79,22,0.000143499827,0.0897091264
0,23,0.000142241357,0.0889223921
1,23,0.000194263038,0.121443822
2,23,0.000249143224,0.155752251
3,23,0.000307555493,0.192268766
4,23,0.000368201967,0.230181998
5,23,0.000431348407,0.269658087
6,23,0.000496380152,0.310312778
7,23,0.00056369557,0.352395109
8,23,0.000631621302,0.39485898
9,23,0.000702167187,0.438960843
10,23,0.00077299361,0.483238085
11,23,0.000843829213,0.527521066
12,23,0.000916235227,0.572785791
13,23,0.0009878578,0.617560748
14,23,0.0010583067,0.661601978
15,23,0.00112799922,0.705170362
16,23,0.00119632737,0.747885801
17,23,0.00126183981,0.788841002
18,23,0.00132388241,0.827627026
19,23,0.00138186235,0.863873267
20,23,0.00143597207,0.897700036
21,23,0.00148409213,0.927782362
22,23,0.00152525494,0.953515354
23,23,0.00155843017,0.9742549
24,23,0.00158249189,0.989297116
25,23,0.00159634633,0.997958244
26,23,0.00159923079,0.999761467
27,23,0.00158916999,0.993471945
28,23,0.00156488156,0.978287995
29,23,0.00152510037,0.953418728
30,23,0.00146867542,0.918144585
31,23,0.00139462471,0.871851675
32,23,0.00130227967,0.814122042
33,23,0.0011914391,0.744829894
34,23,0.00106262972,0.66430452
35,23,0.000917486292,0.573567896
36,23,0.000759459754,0.474777375
37,23,0.000595405617,0.372218692
38,23,0.000440272291,0.275236866
39,23,0.000330857261,0.2068359
40,23,0.000330857424,0.206836002
41,23,0.000440272291,0.275236866
42,23,0.000595405617,0.372218692
43,23,0.000759459754,0.474777375
44,23,0.000917485988,0.573567706
45,23,0.00106263012,0.66430477
46,23,0.0011914391,0.744829894
47,23,0.00130227967,0.814122042
48,23,0.00139462471,0.871851675
49,23,0.00146867518,0.918144435
50,23,0.00152510069,0.953418926
51,23,0.00156488156,0.978287995
52,23,0.00158916999,0.993471945
53,23,0.00159923079,0.999761467
54,23,0.00159634631,0.99795823
55,23,0.00158249202,0.989297196
56,23,0.00155843017,0.9742549
57,23,0.00152525494,0.953515354
58,23,0.00148409213,0.927782362
59,23,0.00143597212,0.897700069
60,23,0.00138186245,0.863873332
61,23,0.00132388241,0.827627026
62,23,0.00126183981,0.788841002
63,23,0.00119632737,0.747885801
64,23,0.00112799922,0.705170362
65,23,0.0010583067,0.661601978
66,23,0.0009878578,0.617560748
67,23,0.000916235227,0.572785791
68,23,0.000843829213,0.527521066
69,23,0.00077299389,0.48323826
70,23,0.000702166888,0.438960657
71,23,0.000631621302,0.39485898
72,23,0.00056369557,0.352395109
73,23,0.000496380152,0.310312778
74,23,0.000431348404,0.269658085
75,23,0.000368201973,0.230182002
76,23,0.000307555493,0.192268766
77,23,0.000249143224,0.155752251
78,23,0.000194263038,0.121443822
79,23,0.000142241357,0.0889223924
0,24,0.000139722911,0.0873479821
1,24,0.000191470084,0.119697803
2,24,0.000246060089,0.153824824
3,24,0.000304329742,0.190252183
4,24,0.000364674043,0.227976511
5,24,0.000427662865,0.267354065
6,24,0.000492387872,0.307816998
7,24,0.000559536257,0.349794909
8,24,0.000627296703,0.392155451
9,24,0.000697532015,0.436063159
10,24,0.000768195607,0.480238606
11,24,0.000838796856,0.52437508
12,24,0.000910992159,0.569508079
13,24,0.000982499214,0.614210819
14,24,0.00105284549,0.658187899
15,24,0.0011223301,0.701626301
16,24,0.00119062444,0.744320611
17,24,0.00125615627,0.785287927
18,24,0.00131828494,0.824127754
19,24,0.00137631118,0.860402944
20,24,0.00143069691,0.894402263
21,24,0.00147922186,0.92473771
22,24,0.00152094863,0.950823256
23,24,0.00155488431,0.972038201
24,24,0.00157994707,0.987706219
25,24,0.00159501812,0.997127909
26,24,0.00159958748,0.999984454
27,24,0.00159169096,0.995047932
28,24,0.00157014634,0.981579277
29,24,0.00153384941,0.958888203
30,24,0.00148184815,0.926379536
31,24,0.0014134246,0.883604457
32,24,0.00132827507,0.830373102
33,24,0.00122670357,0.766875528
34,24,0.00110999235,0.69391334
35,24,0.000980917199,0.613221821
36,24,0.000844687989,0.528057931
37,24,0.000710679746,0.444282482
38,24,0.000595405598,0.37221868
39,24,0.000524867817,0.328121883
40,24,0.000524867895,0.328121932
41,24,0.000595405598,0.37221868
42,24,0.000710679746,0.444282482
43,24,0.000844687989,0.528057931
44,24,0.000980916993,0.613221692
45,24,0.00110999273,0.693913576
46,24,0.00122670357,0.766875528
47,24,0.00132827507,0.830373102
48,24,0.0014134246,0.883604457
49,24,0.00148184824,0.926379592
50,24,0.00153384967,0.958888362
51,24,0.00157014634,0.981579277
52,24,0.00159169096,0.995047932
53,24,0.00159958748,0.999984454
54,24,0.00159501808,0.997127882
55,24,0.00157994712,0.987706249
56,24,0.00155488431,0.972038201
57,24,0.00152094863,0.950823256
58,24,0.00147922186,0.92473771
59,24,0.00143069692,0.894402272
60,24,0.00137631104,0.860402859
61,24,0.00131828494,0.824127754
62,24,0.00125615627,0.785287927
63,24,0.00119062444,0.744320611
64,24,0.00112233033,0.701626444
65,24,0.00105284549,0.658187899
66,24,0.000982499214,0.614210819
67,24,0.000910992159,0.569508079
68,24,0.000838796856,0.52437508
69,24,0.000768195689,0.480238658
70,24,0.000697532015,0.436063159
71,24,0.000627296703,0.392155451
72,24,0.000559536257,0.349794909
73,24,0.000492387872,0.307816998
74,24,0.000427663314,0.267354346
75,24,0.000364674043,0.227976511
76,24,0.000304329742,0.190252183
77,24,0.000246060089,0.153824824
78,24,0.000191470084,0.119697803
79,24,0.000139722911,0.0873479821
0,25,0.000135956443,0.0849933688
1,25,0.000187283934,0.117080825
2,25,0.000241452312,0.150944266
3,25,0.000299503787,0.18723523
4,25,0.000359399938,0.224679396
5,25,0.000422156604,0.263911818
6,25,0.000486412402,0.304081424
7,25,0.000553315854,0.345906215
8,25,0.000620834828,0.3881158
9,25,0.000690597788,0.431728217
10,25,0.000761018854,0.475752049
11,25,0.000831392733,0.519746382
12,25,0.000903156796,0.564609791
13,25,0.000974468749,0.609190562
14,25,0.00104466339,0.653072846
15,25,0.00111382232,0.696307649
16,25,0.00118206863,0.738971934
17,25,0.00124762838,0.779956705
18,25,0.00130987422,0.818869781
19,25,0.00136813147,0.855289386
20,25,0.0014227191,0.889414928
21,25,0.0014718217,0.920111489
22,25,0.00151435342,0.946700254
23,25,0.00154937465,0.968593827
24,25,0.00157586803,0.985156201
25,25,0.00159279766,0.995739784
26,25,0.00159961218,0.999999895
27,25,0.00159476275,0.996968263
28,25,0.00157707256,0.985909216
29,25,0.0015456367,0.966257041
30,25,0.00149973472,0.93756135
31,25,0.00143898188,0.899581623
32,25,0.00136346082,0.852369522
33,25,0.00127400217,0.796444316
34,25,0.00117253885,0.733014374
35,25,0.00106262974,0.664304538
36,25,0.000950230975,0.594038283
37,25,0.000844687989,0.528057931
38,25,0.000759459739,0.474777366
39,25,0.00071067961,0.444282397
40,25,0.000710679658,0.444282427
41,25,0.000759459739,0.474777366
42,25,0.000844687989,0.528057931
43,25,0.000950230975,0.594038283
44,25,0.0010626295,0.664304386
45,25,0.00117253888,0.733014393
46,25,0.00127400217,0.796444316
47,25,0.00136346082,0.852369522
48,25,0.00143898188,0.899581623
49,25,0.00149973452,0.937561228
50,25,0.00154563684,0.96625713
51,25,0.00157707256,0.985909216
52,25,0.00159476275,0.996968263
53,25,0.00159961218,0.999999895
54,25,0.0015927977,0.995739811
55,25,0.00157586762,0.985155944
56,25,0.00154937465,0.968593827
57,25,0.00151435342,0.946700254
58,25,0.0014718217,0.920111489
59,25,0.00142271908,0.889414914
60,25,0.00136813116,0.855289192
61,25,0.00130987422,0.818869781
62,25,0.00124762838,0.779956705
63,25,0.00118206863,0.738971934
64,25,0.00111382292,0.696308028
65,25,0.00104466316,0.653072703
66,25,0.000974468749,0.609190562
67,25,0.000903156796,0.564609791
68,25,0.000831392733,0.519746382
69,25,0.000761019267,0.475752307
70,25,0.000690597788,0.431728217
71,25,0.000620834828,0.3881158
72,25,0.000553315854,0.345906215
73,25,0.000486412402,0.304081424
74,25,0.000422156596,0.263911813
75,25,0.000359399349,0.224679028
76,25,0.000299503787,0.18723523
77,25,0.000241452312,0.150944266
78,25,0.000187283934,0.117080825
79,25,0.000135956442,0.0849933687
0,26,0.000130954932,0.0818666674
1,26,0.000181730575,0.113609134
2,26,0.000235599202,0.147285185
3,26,0.000293095028,0.183228785
4,26,0.000352403282,0.220305427
5,26,0.000414847489,0.259342514
6,26,0.0004784919,0.299129911
7,26,0.000545061203,0.340745808
8,26,0.000612249503,0.382748672
9,26,0.000681386447,0.425969733
10,26,0.000751491402,0.469795948
11,26,0.000821554411,0.513595941
12,26,0.000892743788,0.558100084
13,26,0.000963798135,0.602519813
14,26,0.00103377593,0.646266534
15,26,0.00110250529,0.689232792
16,26,0.00117066652,0.731843889
17,26,0.00123624012,0.772837316
18,26,0.00129862119,0.811834932
19,26,0.00135716373,0.848432887
20,26,0.00141197114,0.882695824
21,26,0.0014617885,0.91383922
22,26,0.00150531959,0.94105274
23,26,0.00154168344,0.963785656
24,26,0.00156995671,0.981460735
25,26,0.00158918166,0.993479235
26,26,0.00159874295,0.999456489
27,26,0.00159763267,0.9987624
28,26,0.00158463848,0.990639064
29,26,0.00155905975,0.974648481
30,26,0.00152043662,0.950503175
31,26,0.00146867542,0.918144583
32,26,0.00140421379,0.877846301
33,26,0.0013282751,0.830373121
34,26,0.00124317313,0.777171502
35,26,0.00115270744,0.72061674
36,26,0.00106262979,0.664304569
37,26,0.000980917242,0.613221848
38,26,0.000917486303,0.573567903
39,26,0.000882416863,0.551644192
40,26,0.000882416708,0.551644095
41,26,0.000917486303,0.573567903
42,26,0.000980917242,0.613221848
43,26,0.00106262979,0.664304569
44,26,0.00115270722,0.720616602
45,26,0.00124317319,0.777171536
46,26,0.0013282751,0.830373121
47,26,0.00140421379,0.877846301
48,26,0.00146867542,0.918144583
49,26,0.00152043661,0.950503168
50,26,0.00155905992,0.974648585
51,26,0.00158463848,0.990639064
52,26,0.00159763267,0.9987624
53,26,0.00159874295,0.999456489
54,26,0.00158918164,0.993479224
55,26,0.00156995667,0.981460708
56,26,0.00154168344,0.963785656
57,26,0.00150531959,0.94105274
58,26,0.0014617885,0.91383922
59,26,0.00141197692,0.882699437
60,26,0.00135716309,0.848432489
61,26,0.00129862119,0.811834932
62,26,0.00123624012,0.772837316
63,26,0.00117066652,0.731843889
64,26,0.00110250582,0.689233124
65,26,0.00103377593,0.646266534
66,26,0.000963798135,0.602519813
67,26,0.000892743788,0.558100084
68,26,0.000821554411,0.513595941
69,26,0.000751492066,0.469796364
70,26,0.000681386389,0.425969697
71,26,0.000612249503,0.382748672
72,26,0.000545061203,0.340745808
73,26,0.0004784919,0.299129911
74,26,0.000414847544,0.259342548
75,26,0.000352403282,0.220305427
76,26,0.000293095028,0.183228785
77,26,0.000235599202,0.147285185
78,26,0.000181730575,0.113609134
79,26,0.000130954933,0.081866668
0,27,0.000124741359,0.0779822427
1,27,0.000174829851,0.109295137
2,27,0.000228367261,0.142764127
3,27,0.000285137668,0.17825423
4,27,0.000343701423,0.214865447
5,27,0.000405759509,0.25366115
6,27,0.000468694772,0.293005222
7,27,0.000534803243,0.334333029
8,27,0.000601578484,0.376077669
9,27,0.000669941633,0.418814991
10,27,0.000739636798,0.462385025
11,27,0.000809311699,0.505942392
12,27,0.000879782554,0.54999735
13,27,0.000950511745,0.594213807
14,27,0.00102021251,0.637787341
15,27,0.00108848235,0.680466332
16,27,0.00115642608,0.722941453
17,27,0.00122199017,0.763928941
18,27,0.00128451173,0.803014383
19,27,0.00134335733,0.839801799
20,27,0.00139838032,0.874199503
21,27,0.00144900192,0.90584567
22,27,0.00149367085,0.933770515
23,27,0.00153157103,0.95746387
24,27,0.00156186565,0.976402593
25,27,0.00158370392,0.990054819
26,27,0.00159634635,0.997958251
27,27,0.00159944567,0.999895799
28,27,0.001591691,0.995047958
29,27,0.00157258024,0.983100834
30,27,0.00154187964,0.963908313
31,27,0.00149973462,0.937561291
32,27,0.00144684968,0.904500193
33,27,0.00138465228,0.865617396
34,27,0.00131554691,0.822416074
35,27,0.00124317321,0.777171549
36,27,0.00117253885,0.733014379
37,27,0.00110999242,0.693913382
38,27,0.00106262977,0.664304551
39,27,0.00103694511,0.64824775
40,27,0.00103694516,0.648247783
41,27,0.00106262977,0.664304551
42,27,0.00110999242,0.693913382
43,27,0.00117253885,0.733014379
44,27,0.00124317273,0.777171252
45,27,0.00131554697,0.822416114
46,27,0.00138465228,0.865617396
47,27,0.00144684968,0.904500193
48,27,0.00149973462,0.937561291
49,27,0.00154187952,0.963908237
50,27,0.00157258016,0.983100783
51,27,0.001591691,0.995047958
52,27,0.00159944567,0.999895799
53,27,0.00159634635,0.997958251
54,27,0.0015837038,0.990054744
55,27,0.00156186572,0.97640264
56,27,0.00153157103,0.95746387
57,27,0.00149367085,0.933770515
58,27,0.00144900192,0.90584567
59,27,0.00139838052,0.874199623
60,27,0.00134335701,0.839801597
61,27,0.00128451173,0.803014383
62,27,0.00122199017,0.763928941
63,27,0.00115642608,0.722941453
64,27,0.0010884823,0.680466304
65,27,0.00102021251,0.637787341
66,27,0.000950511745,0.594213807
67,27,0.000879782554,0.54999735
68,27,0.000809311699,0.505942392
69,27,0.000739636989,0.462385144
70,27,0.000669941324,0.418814798
71,27,0.000601578484,0.376077669
72,27,0.000534803243,0.334333029
73,27,0.000468694772,0.293005222
74,27,0.000405760242,0.253661609
75,27,0.000343701427,0.214865449
76,27,0.000285137668,0.17825423
77,27,0.000228367261,0.142764127
78,27,0.000174829851,0.109295137
79,27,0.000124741403,0.0779822706
0,28,0.000117331341,0.073349859
1,28,0.000166603485,0.104152412
2,28,0.000219745285,0.137374086
3,28,0.000275650144,0.172323091
4,28,0.000333655187,0.208585028
5,28,0.000394926887,0.246889121
6,28,0.000457392812,0.285939785
7,28,0.000522572948,0.326687242
8,28,0.000588853407,0.368122568
9,28,0.000656293187,0.410282645
10,28,0.000725505352,0.453550731
11,28,0.000794713257,0.496816154
12,28,0.000864310083,0.540324712
13,28,0.000934637928,0.584290267
14,28,0.00100399863,0.627651209
15,28,0.00107199936,0.670161966
16,28,0.0011393631,0.712274506
17,28,0.00120488472,0.753235442
18,28,0.00126751112,0.79238643
19,28,0.00132667209,0.829370994
20,28,0.00138186234,0.86387326
21,28,0.00143333964,0.896054368
22,28,0.00147922192,0.924737747
23,28,0.00151876981,0.949461165
24,28,0.0015512363,0.969757639
25,28,0.00157586792,0.985156136
26,28,0.0015919617,0.995217181
27,28,0.00159929981,0.999804613
28,28,0.00159704142,0.998392779
29,28,0.00158463836,0.990638986
30,28,0.00156204375,0.976513931
31,28,0.00152956903,0.956212315
32,28,0.00148805232,0.930258084
33,28,0.00143898163,0.899581471
34,28,0.00138465191,0.865617168
35,28,0.0013282749,0.830372993
36,28,0.00127400194,0.796444172
37,28,0.00122670339,0.76687542
38,28,0.00119143882,0.744829722
39,28,0.00117253881,0.733014349
40,28,0.00117253883,0.733014365
41,28,0.00119143882,0.744829722
42,28,0.00122670339,0.76687542
43,28,0.00127400194,0.796444172
44,28,0.00132827474,0.830372894
45,28,0.00138465219,0.86561734
46,28,0.00143898163,0.899581471
47,28,0.00148805232,0.930258084
48,28,0.00152956903,0.956212315
49,28,0.00156204349,0.976513768
50,28,0.00158463851,0.990639079
51,28,0.00159704142,0.998392779
52,28,0.00159929981,0.999804613
53,28,0.0015919617,0.995217181
54,28,0.00157586794,0.985156145
55,28,0.00155123606,0.969757489
56,28,0.00151876981,0.949461165
57,28,0.00147922192,0.924737747
58,28,0.00143333964,0.896054368
59,28,0.00138186229,0.863873232
60,28,0.00132667141,0.829370572
61,28,0.00126751112,0.79238643
62,28,0.00120488472,0.753235442
63,28,0.0011393631,0.712274506
64,28,0.00107199961,0.670162122
65,28,0.00100399862,0.627651206
66,28,0.000934637928,0.584290267
67,28,0.000864310083,0.540324712
68,28,0.000794713257,0.496816154
69,28,0.000725505338,0.453550723
70,28,0.000656293187,0.410282645
71,28,0.000588853407,0.368122568
72,28,0.000522572948,0.326687242
73,28,0.000457392812,0.285939785
74,28,0.000394927073,0.246889237
75,28,0.000333654909,0.208584854
76,28,0.000275650144,0.172323091
77,28,0.000219745285,0.137374086
78,28,0.000166603485,0.104152412
79,28,0.000117331785,0.0733501371
0,29,0.000108757896,0.0679901577
1,29,0.000157473627,0.0984448681
2,29,0.00020976722,0.131136284
3,29,0.000264666602,0.165456713
4,29,0.000322170961,0.201405647
5,29,0.000382393149,0.239053636
6,29,0.000444312121,0.277762372
7,29,0.000508417688,0.317838061
8,29,0.000574133581,0.358920447
9,29,0.000640491964,0.400404487
10,29,0.00070913722,0.44331817
11,29,0.000777804605,0.486245686
12,29,0.000846379742,0.529115532
13,29,0.000916235668,0.572786067
14,29,0.000985178048,0.615885497
15,29,0.00105284562,0.658187978
16,29,0.00111949428,0.699853484
17,29,0.00118492137,0.740755324
18,29,0.00124762844,0.779956744
19,29,0.00130706434,0.817113181
20,29,0.0013626569,0.851866954
21,29,0.00141467045,0.884383297
22,29,0.00146178854,0.913839244
23,29,0.00150302034,0.939615362
24,29,0.00153770267,0.961297074
25,29,0.00156519025,0.978480974
26,29,0.00158488154,0.990791014
27,29,0.00159634639,0.997958277
28,29,0.00159958759,0.999984517
29,29,0.00159382869,0.996384336
30,29,0.00157913851,0.987200748
31,29,0.00155593355,0.972694133
32,29,0.00152510026,0.953418655
33,29,0.00148805255,0.930258224
34,29,0.00144684967,0.904500186
35,29,0.00140421382,0.877846324
36,29,0.00136346083,0.852369531
37,29,0.00132827512,0.830373135
38,29,0.00130227976,0.814122095
39,29,0.00128844321,0.805472157
40,29,0.00128844322,0.805472163
41,29,0.00130227976,0.814122095
42,29,0.00132827512,0.830373135
43,29,0.00136346083,0.852369531
44,29,0.00140421377,0.87784629
45,29,0.00144684974,0.90450023
46,29,0.00148805255,0.930258224
47,29,0.00152510026,0.953418655
48,29,0.00155593355,0.972694133
49,29,0.00157913843,0.987200695
50,29,0.00159382878,0.996384389
51,29,0.00159958759,0.999984517
52,29,0.00159634639,0.997958277
53,29,0.00158488154,0.990791014
54,29,0.00156519031,0.978481011
55,29,0.00153770271,0.961297094
56,29,0.00150302034,0.939615362
57,29,0.00146178854,0.913839244
58,29,0.00141467045,0.884383297
59,29,0.00136265693,0.85186697
60,29,0.00130706439,0.817113213
61,29,0.00124762844,0.779956744
62,29,0.00118492137,0.740755324
63,29,0.00111949428,0.699853484
64,29,0.00105284584,0.658188116
65,29,0.00098517801,0.615885473
66,29,0.000916235668,0.572786067
67,29,0.000846379742,0.529115532
68,29,0.000777804605,0.486245686
69,29,0.000709137592,0.443318402
70,29,0.000640491658,0.400404296
71,29,0.000574133581,0.358920447
72,29,0.000508417688,0.317838061
73,29,0.000444312121,0.277762372
74,29,0.000382393147,0.239053635
75,29,0.000322170965,0.20140565
76,29,0.000264666602,0.165456713
77,29,0.00020976722,0.131136284
78,29,0.000157473627,0.0984448681
79,29,0.000108757923,0.0679901742
0,30,9.95276489E-05,0.0622198552
1,30,0.000147295651,0.0920820915
2,30,0.000198472184,0.124075176
3,30,0.000252232101,0.157683267
4,30,0.000309167655,0.193276612
5,30,0.000368201827,0.23018191
6,30,0.000429508074,0.2685076
7,30,0.000492387832,0.307816973
8,30,0.000557458847,0.348496213
9,30,0.00062298492,0.389459934
10,30,0.000690598059,0.431728386
11,30,0.000758636541,0.474262742
12,30,0.000826467249,0.516667209
13,30,0.000895343265,0.559725151
14,30,0.000963798333,0.602519937
15,30,0.00103106087,0.644569212
16,30,0.00109685394,0.685699846
17,30,0.0011621219,0.726502203
18,30,0.00122484458,0.765713381
19,30,0.00128451174,0.803014391
20,30,0.0013405875,0.838070235
21,30,0.00139289832,0.870772419
22,30,0.00144120877,0.900973768
23,30,0.00148409202,0.927782294
24,30,0.00152094861,0.950823246
25,30,0.00155123606,0.969757488
26,30,0.00157443801,0.984262222
27,30,0.00159015309,0.994086526
28,30,0.00159837772,0.999228165
29,30,0.00159894609,0.999583483
30,30,0.00159169096,0.995047929
31,30,0.00157707242,0.98590913
32,30,0.00155593357,0.972694146
33,30,0.00152956913,0.956212379
34,30,0.00149973458,0.937561262
35,30,0.0014686754,0.918144574
36,30,0.00143898153,0.899581406
37,30,0.00141342462,0.883604465
38,30,0.00139462477,0.871851712
39,30,0.00138465182,0.865617111
40,30,0.00138465194,0.865617182
41,30,0.00139462477,0.871851712
42,30,0.00141342462,0.883604465
43,30,0.00143898153,0.899581406
44,30,0.00146867524,0.918144473
45,30,0.00149973463,0.937561298
46,30,0.00152956913,0.956212379
47,30,0.00155593357,0.972694146
48,30,0.00157707242,0.98590913
49,30,0.00159169087,0.995047871
50,30,0.00159894632,0.999583627
51,30,0.00159837772,0.999228165
52,30,0.00159015309,0.994086526
53,30,0.00157443801,0.984262222
54,30,0.00155123638,0.969757689
55,30,0.00152094855,0.950823211
56,30,0.00148409202,0.927782294
57,30,0.00144120877,0.900973768
58,30,0.00139289832,0.870772419
59,30,0.00134058759,0.838070292
60,30,0.0012845115,0.803014242
61,30,0.00122484458,0.765713381
62,30,0.0011621219,0.726502203
63,30,0.00109685394,0.685699846
64,30,0.00103106089,0.64456922
65,30,0.000963797985,0.602519719
66,30,0.000895343265,0.559725151
67,30,0.000826467249,0.516667209
68,30,0.000758636541,0.474262742
69,30,0.000690598173,0.431728457
70,30,0.000622984924,0.389459936
71,30,0.000557458847,0.348496213
72,30,0.000492387832,0.307816973
73,30,0.000429508074,0.2685076
74,30,0.00036820183,0.230181912
75,30,0.000309167656,0.193276612
76,30,0.000252232101,0.157683267
77,30,0.000198472184,0.124075176
78,30,0.000147295651,0.0920820915
79,30,9.95276489E-05,0.0622198552
0,31,8.93935693E-05,0.0558845205
1,31,0.00013595628,0.084993267
2,31,0.000185898007,0.116214411
3,31,0.000238503847,0.149101028
4,31,0.000294695866,0.184229551
5,31,0.00035240307,0.220305294
6,31,0.000413026974,0.258204417
7,31,0.000474541036,0.296660022
8,31,0.000538899321,0.336893698
9,31,0.000603708231,0.377409083
10,31,0.000669941339,0.418814807
11,31,0.000737274765,0.460908397
12,31,0.000804437585,0.502895332
13,31,0.000872035078,0.545154004
14,31,0.000939918946,0.587591703
15,31,0.0010066951,0.629336913
16,31,0.00107199953,0.670162075
17,31,0.00113651857,0.710496243
18,31,0.00119917935,0.749668724
19,31,0.00125899957,0.787065422
20,31,0.0013154818,0.822375372
21,31,0.00136813119,0.855289215
22,31,0.00141736166,0.886065711
23,31,0.00146178862,0.913839295
24,31,0.00150070805,0.938169829
25,31,0.00153363753,0.958755746
26,31,0.00156016253,0.975337886
27,31,0.00157994712,0.987706253
28,31,0.00159279764,0.995739774
29,31,0.00159905245,0.999649979
30,31,0.00159858573,0.999358205
31,31,0.00159169081,0.995047835
32,31,0.00157913841,0.987200683
33,31,0.00156204366,0.976513878
34,31,0.00154187954,0.96390825
35,31,0.00152043667,0.950503206
36,31,0.00149973473,0.937561359
37,31,0.00148184829,0.926379625
38,31,0.00146867526,0.918144484
39,31,0.00146168308,0.913773316
40,31,0.00146168307,0.91377331
41,31,0.00146867526,0.918144484
42,31,0.00148184829,0.926379625
43,31,0.00149973473,0.937561359
44,31,0.00152043659,0.950503159
45,31,0.0015418796,0.963908286
46,31,0.00156204366,0.976513878
47,31,0.00157913841,0.987200683
48,31,0.00159169081,0.995047835
49,31,0.00159858565,0.999358157
50,31,0.00159905249,0.999650001
51,31,0.00159279764,0.995739774
52,31,0.00157994712,0.987706253
53,31,0.00156016253,0.975337886
54,31,0.0015336375,0.958755724
55,31,0.00150070807,0.938169845
56,31,0.00146178862,0.913839295
57,31,0.00141736166,0.886065711
58,31,0.00136813119,0.855289215
59,31,0.0013154818,0.822375371
60,31,0.00125899944,0.787065339
61,31,0.00119917935,0.749668724
62,31,0.00113651857,0.710496243
63,31,0.00107199953,0.670162075
64,31,0.0010066953,0.62933704
65,31,0.00093991874,0.587591574
66,31,0.000872035078,0.545154004
67,31,0.000804437585,0.502895332
68,31,0.000737274765,0.460908397
69,31,0.000669941357,0.418814819
70,31,0.000603708232,0.377409083
71,31,0.000538899321,0.336893698
72,31,0.000474541036,0.296660022
73,31,0.000413026974,0.258204417
74,31,0.00035240307,0.220305294
75,31,0.000294695313,0.184229206
76,31,0.000238503847,0.149101028
77,31,0.000185898007,0.116214411
78,31,0.00013595628,0.084993267
79,31,8.93990482E-05,0.0558879456
0,32,7.82694515E-05,0.048930262
1,32,0.000123504249,0.0772088619
2,32,0.000172079553,0.107575784
3,32,0.000224045524,0.140062387
4,32,0.000278805752,0.174295823
5,32,0.000335306539,0.209617373
6,32,0.000394927318,0.24688939
7,32,0.00045551334,0.28476483
8,32,0.000518515279,0.324150585
9,32,0.000582528211,0.364168362
10,32,0.000647248959,0.404628633
11,32,0.000713800296,0.446233298
12,32,0.000780211576,0.487750407
13,32,0.000846379417,0.529115329
14,32,0.000913613954,0.571147099
15,32,0.000979822045,0.612537183
16,32,0.00104466332,0.653072804
17,32,0.0011081617,0.692768908
18,32,0.00117066661,0.731843942
19,32,0.0012305408,0.769274381
20,32,0.00128733435,0.804778952
21,32,0.00134058759,0.838070291
22,32,0.00139014801,0.86905306
23,32,0.00143597211,0.897700064
24,32,0.00147676197,0.923199905
25,32,0.00151212221,0.945305408
26,32,0.0015416834,0.963785631
27,32,0.0015651903,0.978481003
28,32,0.00158249199,0.989297181
29,32,0.00159358434,0.996231581
30,32,0.0015990525,0.99965001
31,32,0.00159894615,0.99958352
32,32,0.00159382874,0.996384365
33,32,0.00158463848,0.990639061
34,32,0.00157257992,0.983100634
35,32,0.00155905989,0.974648566
36,32,0.00154563683,0.966257122
37,32,0.00153384952,0.958888268
38,32,0.00152510051,0.95341881
39,32,0.00152043686,0.950503328
40,32,0.00152043689,0.950503341
41,32,0.00152510051,0.95341881
42,32,0.00153384952,0.958888268
43,32,0.00154563683,0.966257122
44,32,0.00155905983,0.974648532
45,32,0.00157258003,0.983100701
46,32,0.00158463848,0.990639061
47,32,0.00159382874,0.996384365
48,32,0.00159894615,0.99958352
49,32,0.00159905249,0.999650004
50,32,0.00159358444,0.996231645
51,32,0.00158249199,0.989297181
52,32,0.0015651903,0.978481003
53,32,0.0015416834,0.963785631
54,32,0.00151212224,0.945305431
55,32,0.00147676192,0.923199874
56,32,0.00143597211,0.897700064
57,32,0.00139014801,0.86905306
58,32,0.00134058759,0.838070291
59,32,0.00128733463,0.804779127
60,32,0.00123054069,0.769274313
61,32,0.00117066661,0.731843942
62,32,0.0011081617,0.692768908
63,32,0.00104466332,0.653072804
64,32,0.000979822006,0.612537159
65,32,0.000913613954,0.571147099
66,32,0.000846379417,0.529115329
67,32,0.000780211576,0.487750407
68,32,0.000713800296,0.446233298
69,32,0.000647248959,0.404628633
70,32,0.000582528211,0.364168362
71,32,0.000518515279,0.324150585
72,32,0.00045551334,0.28476483
73,32,0.000394927318,0.24688939
74,32,0.000335306523,0.209617363
75,32,0.000278805752,0.174295823
76,32,0.000224045524,0.140062387
77,32,0.000172079553,0.107575784
78,32,0.000123504249,0.0772088619
79,32,7.82694519E-05,0.0489302623
0,33,6.61845758E-05,0.0413753843
1,33,0.000109978318,0.0687531061
2,33,0.00015747367,0.0984448948
3,33,0.000208352347,0.130251774
4,33,0.00026154638,0.163506102
5,33,0.000317283521,0.198350257
6,33,0.000375280324,0.234607043
7,33,0.000435038154,0.271964738
8,33,0.000496380177,0.310312793
9,33,0.000559536229,0.349794892
10,33,0.000622985242,0.389460135
11,33,0.000688288142,0.430284338
12,33,0.000753869755,0.471282779
13,33,0.000819096913,0.512059632
14,33,0.00088495779,0.553232656
15,33,0.000950511676,0.594213764
16,33,0.00101480147,0.634404623
17,33,0.00107748741,0.673592831
18,33,0.00113936273,0.712274276
19,33,0.00119917935,0.749668721
20,33,0.00125615637,0.785287989
21,33,0.00130987422,0.818869783
22,33,0.00135991611,0.850153543
23,33,0.00140655545,0.879310198
24,33,0.00144900173,0.905845551
25,33,0.0014865079,0.929292587
26,33,0.00151876997,0.949461264
27,33,0.00154557674,0.966219558
28,33,0.00156681167,0.979494607
29,33,0.00158249179,0.989297058
30,33,0.00159279768,0.995739798
31,33,0.00159837767,0.999228134
32,33,0.00159958748,0.99998445
33,33,0.00159704146,0.998392804
34,33,0.00159169103,0.995047976
35,33,0.0015846384,0.990639015
36,33,0.00157707243,0.985909134
37,33,0.00157014609,0.981579123
38,33,0.00156488221,0.978288403
39,33,0.00156204376,0.976513939
40,33,0.00156204381,0.976513972
41,33,0.00156488221,0.978288403
42,33,0.00157014609,0.981579123
43,33,0.00157707243,0.985909134
44,33,0.00158463835,0.990638984
45,33,0.001591691,0.995047952
46,33,0.00159704146,0.998392804
47,33,0.00159958748,0.99998445
48,33,0.00159837767,0.999228134
49,33,0.00159279772,0.99573982
50,33,0.00158249164,0.989296962
51,33,0.00156681167,0.979494607
52,33,0.00154557674,0.966219558
53,33,0.00151876997,0.949461264
54,33,0.00148650797,0.929292632
55,33,0.00144900169,0.905845526
56,33,0.00140655545,0.879310198
57,33,0.00135991611,0.850153543
58,33,0.00130987422,0.818869783
59,33,0.00125615637,0.785287993
60,33,0.00119917902,0.749668517
61,33,0.00113936273,0.712274276
62,33,0.00107748741,0.673592831
63,33,0.00101480147,0.634404623
64,33,0.000950511811,0.594213848
65,33,0.000884957751,0.553232632
66,33,0.000819096913,0.512059632
67,33,0.000753869755,0.471282779
68,33,0.000688288142,0.430284338
69,33,0.000622985271,0.389460153
70,33,0.000559536178,0.34979486
71,33,0.000496380177,0.310312793
72,33,0.000435038154,0.271964738
73,33,0.000375280324,0.234607043
74,33,0.000317283521,0.198350257
75,33,0.000261546214,0.163505998
76,33,0.000208352347,0.130251774
77,33,0.00015747367,0.0984448948
78,33,0.000109978318,0.0687531061
79,33,6.61845744E-05,0.0413753834
0,34,5.39841109E-05,0.0337482458
1,34,9.61363996E-05,0.0600998107
2,34,0.000142241312,0.0889223642
3,34,0.00019146981,0.119697632
4,34,0.000242987202,0.151903804
5,34,0.000297900417,0.186232881
6,34,0.000354150394,0.221397637
7,34,0.000413020607,0.258200436
8,34,0.000472566974,0.295425934
9,34,0.000534803425,0.334333143
10,34,0.000597324347,0.373418189
11,34,0.00066083226,0.413120253
12,34,0.000725505279,0.453550686
13,34,0.000789870054,0.493788419
14,34,0.000854049758,0.533910455
15,34,0.000918852054,0.574421705
16,34,0.000982499163,0.614210788
17,34,0.00104466338,0.653072839
18,34,0.00110533086,0.690999201
19,34,0.0011649711,0.728283386
20,34,0.00122199023,0.763928978
21,34,0.0012760206,0.797706145
22,34,0.00132667212,0.829371018
23,34,0.0013735898,0.858701672
24,34,0.00141736153,0.886065635
25,34,0.00145670513,0.910661338
26,34,0.00149129626,0.932286037
27,34,0.00152094854,0.9508232
28,34,0.00154557682,0.966219609
29,34,0.00156519031,0.978481007
30,34,0.0015799472,0.987706298
31,34,0.00159015315,0.994086567
32,34,0.00159634657,0.997958389
33,34,0.00159929983,0.999804629
34,34,0.00159944575,0.999895847
35,34,0.0015976328,0.998762482
36,34,0.00159476279,0.99696829
37,34,0.00159169102,0.995047969
38,34,0.00158917005,0.993471981
39,34,0.00158776496,0.992593584
40,34,0.00158776497,0.992593593
41,34,0.00158917005,0.993471981
42,34,0.00159169102,0.995047969
43,34,0.00159476279,0.99696829
44,34,0.00159763277,0.998762459
45,34,0.00159944574,0.999895841
46,34,0.00159929983,0.999804629
47,34,0.00159634657,0.997958389
48,34,0.00159015315,0.994086567
49,34,0.00157994711,0.987706243
50,34,0.00156519024,0.978480967
51,34,0.00154557682,0.966219609
52,34,0.00152094854,0.9508232
53,34,0.00149129626,0.932286037
54,34,0.00145670497,0.910661242
55,34,0.00141736154,0.886065639
56,34,0.0013735898,0.858701672
57,34,0.00132667212,0.829371018
58,34,0.0012760206,0.797706145
59,34,0.00122199025,0.763928994
60,34,0.00116497068,0.728283122
61,34,0.00110533086,0.690999201
62,34,0.00104466338,0.653072839
63,34,0.000982499163,0.614210788
64,34,0.000918858374,0.574425656
65,34,0.000854049414,0.533910239
66,34,0.000789870054,0.493788419
67,34,0.000725505279,0.453550686
68,34,0.00066083226,0.413120253
69,34,0.00059732443,0.37341824
70,34,0.000534803425,0.334333143
71,34,0.000472566974,0.295425934
72,34,0.000413020607,0.258200436
73,34,0.000354150394,0.221397637
74,34,0.000297900388,0.186232863
75,34,0.000242987118,0.151903752
76,34,0.00019146981,0.119697632
77,34,0.000142241312,0.0889223642
78,34,9.61363996E-05,0.0600998107
79,34,5.39842479E-05,0.0337483315
0,35,4.11061635E-05,0.0256975782
1,35,8.15920756E-05,0.0510074053
2,35,0.000125979718,0.0787564048
3,35,0.000173453899,0.108434959
4,35,0.000224046007,0.140062689
5,35,0.000277224333,0.173307197
6,35,0.000332011149,0.207557255
7,35,0.000389541741,0.243522589
8,35,0.000448036334,0.280090569
9,35,0.000508417731,0.317838088
10,35,0.00056995199,0.35630632
11,35,0.000631621483,0.394859093
12,35,0.000695217312,0.434616119
13,35,0.000758636492,0.474262712
14,35,0.000821554264,0.513595849
15,35,0.000884957762,0.553232638
16,35,0.000947857466,0.59255448
17,35,0.00100939276,0.631023357
18,35,0.00106926178,0.668450568
19,35,0.00112799931,0.70517042
20,35,0.00118492136,0.740755321
21,35,0.00123908912,0.774618373
22,35,0.00129016006,0.806545449
23,35,0.00133781317,0.83633586
24,35,0.00138186234,0.863873262
25,35,0.00142271923,0.889415006
26,35,0.0014592508,0.91225277
27,35,0.00149129643,0.932286141
28,35,0.00151876995,0.949461252
29,35,0.00154168348,0.963785678
30,35,0.00156016265,0.975337958
31,35,0.00157443806,0.984262256
32,35,0.00158488154,0.990791009
33,35,0.00159196169,0.995217178
34,35,0.00159634638,0.997958271
35,35,0.00159874295,0.999456489
36,35,0.00159961235,1
37,35,0.00159958749,0.999984456
38,35,0.00159923077,0.999761451
39,35,0.00159894624,0.999583581
40,35,0.00159894626,0.99958359
41,35,0.00159923077,0.999761451
42,35,0.00159958749,0.999984456
43,35,0.00159961235,1
44,35,0.00159874304,0.999456548
45,35,0.00159634633,0.997958244
46,35,0.00159196169,0.995217178
47,35,0.00158488154,0.990791009
48,35,0.00157443806,0.984262256
49,35,0.00156016255,0.975337895
50,35,0.00154168345,0.963785664
51,35,0.00151876995,0.949461252
52,35,0.00149129643,0.932286141
53,35,0.0014592508,0.91225277
54,35,0.00142271917,0.889414966
55,35,0.00138186237,0.863873283
56,35,0.00133781317,0.83633586
57,35,0.00129016006,0.806545449
58,35,0.00123908912,0.774618373
59,35,0.00118492143,0.740755363
60,35,0.00112799903,0.705170242
61,35,0.00106926178,0.668450568
62,35,0.00100939276,0.631023357
63,35,0.000947857466,0.59255448
64,35,0.000884957793,0.553232658
65,35,0.000821554042,0.51359571
66,35,0.000758636492,0.474262712
67,35,0.000695217312,0.434616119
68,35,0.000631621483,0.394859093
69,35,0.0005699518,0.356306201
70,35,0.000508417491,0.317837938
71,35,0.000448036334,0.280090569
72,35,0.000389541741,0.243522589
73,35,0.000332011149,0.207557255
74,35,0.000277224333,0.173307197
75,35,0.000224045472,0.140062355
76,35,0.000173453899,0.108434959
77,35,0.000125979718,0.0787564048
78,35,8.15920756E-05,0.0510074053
79,35,4.11114224E-05,0.0257008658
0,36,2.80253559E-05,0.0175200922
1,36,6.61838598E-05,0.0413749367
2,36,0.000108757944,0.0679901879
3,36,0.000154920768,0.0968489448
4,36,0.000204106942,0.127597753
5,36,0.000255325866,0.159617338
6,36,0.000309167589,0.19327657
7,36,0.000364674667,0.227976901
8,36,0.000422156624,0.263911831
9,36,0.00048046919,0.300366016
10,36,0.000540949326,0.338175262
11,36,0.000601578751,0.376077836
12,36,0.000663104358,0.414540659
13,36,0.000725505319,0.45355071
14,36,0.00078744879,0.492274762
15,36,0.000848930464,0.53071012
16,36,0.000910992726,0.569508434
17,36,0.000971800104,0.607522255
18,36,0.00103106088,0.644569217
19,36,0.00108848211,0.680466182
20,36,0.00114504952,0.71582938
21,36,0.00119917995,0.749669101
22,36,0.00125046771,0.781731718
23,36,0.00129862133,0.811835022
24,36,0.0013433573,0.839801781
25,36,0.00138463005,0.865603497
26,36,0.00142271927,0.889415034
27,36,0.0014567049,0.910661195
28,36,0.00148650765,0.929292428
29,36,0.00151212226,0.945305439
30,36,0.00153363749,0.95875572
31,36,0.00155123604,0.969757477
32,36,0.00156519025,0.978480972
33,36,0.00157586795,0.985156154
34,36,0.00158370384,0.990054773
35,36,0.00158918166,0.993479235
36,36,0.00159279774,0.995739832
37,36,0.00159501806,0.997127869
38,36,0.00159634631,0.997958232
39,36,0.00159693725,0.998327655
40,36,0.00159693721,0.998327628
41,36,0.00159634631,0.997958232
42,36,0.00159501806,0.997127869
43,36,0.00159279774,0.995739832
44,36,0.0015891816,0.9934792
45,36,0.00158370385,0.990054778
46,36,0.00157586795,0.985156154
47,36,0.00156519025,0.978480972
48,36,0.00155123604,0.969757477
49,36,0.00153363749,0.958755717
50,36,0.00151212224,0.945305427
51,36,0.00148650765,0.929292428
52,36,0.0014567049,0.910661195
53,36,0.00142271927,0.889415034
54,36,0.00138463004,0.865603493
55,36,0.00134335713,0.839801675
56,36,0.00129862133,0.811835022
57,36,0.00125046771,0.781731718
58,36,0.00119917995,0.749669101
59,36,0.00114504947,0.715829348
60,36,0.00108848213,0.680466196
61,36,0.00103106088,0.644569217
62,36,0.000971800104,0.607522255
63,36,0.000910992726,0.569508434
64,36,0.000848930805,0.530710334
65,36,0.000787448799,0.492274767
66,36,0.000725505319,0.45355071
67,36,0.000663104358,0.414540659
68,36,0.000601578751,0.376077836
69,36,0.000540949372,0.338175291
70,36,0.00048046919,0.300366016
71,36,0.000422156624,0.263911831
72,36,0.000364674667,0.227976901
73,36,0.000309167589,0.19327657
74,36,0.000255326113,0.159617493
75,36,0.000204106942,0.127597753
76,36,0.000154920768,0.0968489448
77,36,0.000108757944,0.0679901879
78,36,6.61838598E-05,0.0413749367
79,36,2.80253557E-05,0.0175200921
0,37,1.56697152E-05,0.00979594537
1,37,5.09970639E-05,0.031880889
2,37,9.16392428E-05,0.0572884066
3,37,0.00013595577,0.0849929486
4,37,0.000183118398,0.114476734
5,37,0.000232700138,0.145472832
6,37,0.000285137693,0.178254245
7,37,0.000338606887,0.211680591
8,37,0.000394926863,0.246889105
9,37,0.000451771958,0.2824259
10,37,0.000510431634,0.319097082
11,37,0.000569951887,0.356306255
12,37,0.000629458237,0.393506737
13,37,0.000690597932,0.431728307
14,37,0.000751491658,0.469796108
15,37,0.000811757949,0.507471668
16,37,0.000872035214,0.545154089
17,37,0.000932002457,0.582642698
18,37,0.000990543595,0.619239776
19,37,0.00104738757,0.65477587
20,37,0.00110250543,0.689232881
21,37,0.00115642607,0.722941449
22,37,0.00120773222,0.755015566
23,37,0.00125615612,0.785287836
24,37,0.00130143729,0.813595426
25,37,0.00134335703,0.839801609
26,37,0.00138186236,0.863873273
27,37,0.00141736153,0.886065633
28,37,0.00144900176,0.905845568
29,37,0.00147676205,0.923199954
30,37,0.00150070799,0.938169791
31,37,0.00152094864,0.950823265
32,37,0.00153770263,0.961297045
33,37,0.00155123599,0.969757444
34,37,0.00156186566,0.976402598
35,37,0.00156995662,0.981460676
36,37,0.00157586808,0.985156232
37,37,0.00157994712,0.987706249
38,37,0.00158249201,0.989297196
39,37,0.00158370394,0.990054833
40,37,0.00158370395,0.990054842
41,37,0.00158249201,0.989297196
42,37,0.00157994712,0.987706249
43,37,0.00157586808,0.985156232
44,37,0.00156995656,0.981460641
45,37,0.00156186563,0.97640258
46,37,0.00155123599,0.969757444
47,37,0.00153770263,0.961297045
48,37,0.00152094864,0.950823265
49,37,0.00150070808,0.938169849
50,37,0.00147676189,0.923199853
51,37,0.00144900176,0.905845568
52,37,0.00141736153,0.886065633
53,37,0.00138186236,0.863873273
54,37,0.00134335738,0.839801831
55,37,0.00130143728,0.81359542
56,37,0.00125615612,0.785287836
57,37,0.00120773222,0.755015566
58,37,0.00115642607,0.722941449
59,37,0.00110250602,0.689233248
60,37,0.0010473874,0.654775766
61,37,0.000990543595,0.619239776
62,37,0.000932002457,0.582642698
63,37,0.000872035214,0.545154089
64,37,0.000811758187,0.507471817
65,37,0.000751491585,0.469796063
66,37,0.000690597932,0.431728307
67,37,0.000629458237,0.393506737
68,37,0.000569951887,0.356306255
69,37,0.000510431634,0.319097082
70,37,0.000451771777,0.282425787
71,37,0.000394926863,0.246889105
72,37,0.000338606887,0.211680591
73,37,0.000285137693,0.178254245
74,37,0.000232700209,0.145472876
75,37,0.000183118398,0.114476734
76,37,0.00013595577,0.0849929486
77,37,9.16392428E-05,0.0572884066
78,37,5.09970639E-05,0.031880889
79,37,1.56697153E-05,0.00979594541
0,38,5.73891113E-06,0.00358768868
1,38,3.52328603E-05,0.0220258741
2,38,7.38542006E-05,0.0461700614
3,38,0.000116104953,0.0725831811
4,38,0.000161320036,0.100849456
5,38,0.000209767103,0.131136211
6,38,0.000259990899,0.16253369
7,38,0.000312407393,0.195301939
8,38,0.000366437722,0.229079077
9,38,0.000422156628,0.263911833
10,38,0.00047849149,0.299129655
11,38,0.000536850609,0.335612943
12,38,0.000595205907,0.372093843
13,38,0.000654027172,0.408866042
14,38,0.000713800408,0.446233368
15,38,0.000772994136,0.483238414
16,38,0.000831392699,0.519746361
17,38,0.000890145628,0.55647584
18,38,0.000947857546,0.59255453
19,38,0.00100399888,0.627651364
20,38,0.00105830675,0.661602013
21,38,0.0011109925,0.694538588
22,38,0.0011621219,0.726502204
23,38,0.00121058445,0.756798639
24,38,0.00125615624,0.785287908
25,38,0.00129862134,0.811835026
26,38,0.00133781316,0.836335852
27,38,0.00137358978,0.858701661
28,38,0.00140655547,0.879310209
29,38,0.00143597219,0.897700114
30,38,0.00146178861,0.913839284
31,38,0.00148409198,0.92778227
32,38,0.00150302033,0.939615357
33,38,0.00151876989,0.949461219
34,38,0.00153157102,0.957463865
35,38,0.00154168343,0.963785649
36,38,0.00154937461,0.968593804
37,38,0.00155488434,0.972038215
38,38,0.00155843011,0.97425486
39,38,0.00156016245,0.975337837
40,38,0.00156016247,0.975337849
41,38,0.00155843011,0.97425486
42,38,0.00155488434,0.972038215
43,38,0.00154937461,0.968593804
44,38,0.00154168337,0.963785613
45,38,0.00153157111,0.957463921
46,38,0.00151876989,0.949461219
47,38,0.00150302033,0.939615357
48,38,0.00148409198,0.92778227
49,38,0.00146178863,0.913839296
50,38,0.00143597215,0.897700091
51,38,0.00140655547,0.879310209
52,38,0.00137358978,0.858701661
53,38,0.00133781316,0.836335852
54,38,0.00129862134,0.81183503
55,38,0.00125615627,0.785287926
56,38,0.00121058445,0.756798639
57,38,0.0011621219,0.726502204
58,38,0.0011109925,0.694538588
59,38,0.00105830676,0.661602018
60,38,0.00100399857,0.627651173
61,38,0.000947857546,0.59255453
62,38,0.000890145628,0.55647584
63,38,0.000831392699,0.519746361
64,38,0.000772994133,0.483238412
65,38,0.000713799951,0.446233082
66,38,0.000654027172,0.408866042
67,38,0.000595205907,0.372093843
68,38,0.000536850609,0.335612943
69,38,0.000478491585,0.299129713
70,38,0.00042215652,0.263911765
71,38,0.000366437722,0.229079077
72,38,0.000312407393,0.195301939
73,38,0.000259990899,0.16253369
74,38,0.000209767103,0.131136211
75,38,0.0001613199,0.100849371
76,38,0.000116104953,0.0725831811
77,38,7.38542006E-05,0.0461700614
78,38,3.52328603E-05,0.0220258741
79,38,5.73891113E-06,0.00358768868
0,39,0,0
1,39,2.02484199E-05,0.0126583293
2,39,5.59861137E-05,0.0349998008
3,39,9.61361909E-05,0.0600996803
4,39,0.000139723301,0.0873482259
5,39,0.000185892287,0.116210835
6,39,0.00023414613,0.146376796
7,39,0.000285137711,0.178254257
8,39,0.000336959175,0.210650521
9,39,0.000391331175,0.244641256
10,39,0.000446176563,0.278927931
11,39,0.000502385487,0.314067021
12,39,0.000559536109,0.349794816
13,39,0.000616532674,0.385426303
14,39,0.000674512508,0.42167248
15,39,0.000732560743,0.457961419
16,39,0.000789869852,0.493788293
17,39,0.000846379786,0.52911556
18,39,0.000903156616,0.564609678
19,39,0.000958474917,0.599191995
20,39,0.00101209649,0.632713601
21,39,0.00106378097,0.665024227
22,39,0.00111382245,0.696307732
23,39,0.00116212174,0.726502107
24,39,0.00120773222,0.755015566
25,39,0.00125046796,0.781731875
26,39,0.00129015999,0.806545404
27,39,0.0013266721,0.829371003
28,39,0.00135991619,0.850153597
29,39,0.00139014801,0.869053061
30,39,0.00141736165,0.886065709
31,39,0.00144120877,0.900973768
32,39,0.00146178857,0.913839258
33,39,0.00147922193,0.924737749
34,39,0.00149367083,0.9337705
35,39,0.00150531958,0.941052739
36,39,0.00151435358,0.946700352
37,39,0.00152094863,0.950823261
38,39,0.00152525494,0.953515354
39,39,0.00152738192,0.95484504
40,39,0.00152738192,0.95484504
41,39,0.00152525494,0.953515354
42,39,0.00152094863,0.950823261
43,39,0.00151435358,0.946700352
44,39,0.00150531958,0.941052735
45,39,0.00149367084,0.933770509
46,39,0.00147922193,0.924737749
47,39,0.00146178857,0.913839258
48,39,0.00144120877,0.900973768
49,39,0.00141736176,0.886065776
50,39,0.00139014779,0.869052925
51,39,0.00135991619,0.850153597
52,39,0.0013266721,0.829371003
53,39,0.00129015999,0.806545404
54,39,0.00125046793,0.781731855
55,39,0.00120773217,0.755015529
56,39,0.00116212174,0.726502107
57,39,0.00111382245,0.696307732
58,39,0.00106378097,0.665024227
59,39,0.00101209653,0.632713626
60,39,0.000958474423,0.599191686
61,39,0.000903156616,0.564609678
62,39,0.000846379786,0.52911556
63,39,0.000789869852,0.493788293
64,39,0.000732560851,0.457961487
65,39,0.000674512134,0.421672246
66,39,0.000616532674,0.385426303
67,39,0.000559536109,0.349794816
68,39,0.000502385487,0.314067021
69,39,0.000446176674,0.278928
70,39,0.000391331181,0.24464126
71,39,0.000336959175,0.210650521
72,39,0.000285137711,0.178254257
73,39,0.00023414613,0.146376796
74,39,0.000185898158,0.116214505
75,39,0.000139723301,0.0873482259
76,39,9.61361909E-05,0.0600996803
77,39,5.59861137E-05,0.0349998008
78,39,2.02484199E-05,0.0126583293
79,39,0,0
0,40,0,0
1,40,7.98915812E-06,0.00499443388
2,40,3.816378E-05,0.0238581428
3,40,7.6059704E-05,0.0475488351
4,40,0.000117331089,0.0733497019
5,40,0.000161319667,0.100849226
6,40,0.000208351861,0.13025147
7,40,0.000256878005,0.16058766
8,40,0.000307555913,0.192269028
9,40,0.000359399813,0.224679318
10,40,0.000413020779,0.258200544
11,40,0.000466799673,0.291820498
12,40,0.000522572901,0.326687213
13,40,0.000578327351,0.361542189
14,40,0.000633785864,0.396212159
15,40,0.00069059813,0.431728431
16,40,0.000746740355,0.466825825
17,40,0.000802002521,0.501373048
18,40,0.000856611069,0.535511662
19,40,0.000910992684,0.569508408
20,40,0.000963798217,0.602519864
21,40,0.00101480184,0.634404851
22,40,0.00106378097,0.665024227
23,40,0.00111099249,0.694538581
24,40,0.00115642607,0.722941449
25,40,0.00119917929,0.749668683
26,40,0.00123908926,0.77461846
27,40,0.00127602053,0.797706098
28,40,0.00130987423,0.818869789
29,40,0.00134058757,0.838070279
30,40,0.00136813119,0.85528921
31,40,0.00139289834,0.870772433
32,40,0.00141467043,0.884383288
33,40,0.00143333961,0.896054349
34,40,0.00144900177,0.905845574
35,40,0.00146178849,0.913839208
36,40,0.00147182172,0.9201115
37,40,0.00147922191,0.924737736
38,40,0.00148409213,0.927782362
39,40,0.00148650762,0.929292414
40,40,0.00148650759,0.929292395
41,40,0.00148409213,0.927782362
42,40,0.00147922191,0.924737736
43,40,0.00147182172,0.9201115
44,40,0.00146178855,0.913839248
45,40,0.00144900174,0.905845555
46,40,0.00143333961,0.896054349
47,40,0.00141467043,0.884383288
48,40,0.00139289834,0.870772433
49,40,0.0013681312,0.855289221
50,40,0.0013405875,0.838070236
51,40,0.00130987423,0.818869789
52,40,0.00127602053,0.797706098
53,40,0.00123908926,0.77461846
54,40,0.00119917928,0.749668681
55,40,0.00115642607,0.722941445
56,40,0.00111099249,0.694538581
57,40,0.00106378097,0.665024227
58,40,0.00101480184,0.634404851
59,40,0.000963798357,0.602519951
60,40,0.000910992493,0.569508289
61,40,0.000856611069,0.535511662
62,40,0.000802002521,0.501373048
63,40,0.000746740355,0.466825825
64,40,0.000690598129,0.43172843
65,40,0.000633785864,0.396212159
66,40,0.000578327351,0.361542189
67,40,0.000522572901,0.326687213
68,40,0.000466799673,0.291820498
69,40,0.00041302699,0.258204427
70,40,0.000359399831,0.22467933
71,40,0.000307555913,0.192269028
72,40,0.000256878005,0.16058766
73,40,0.000208351861,0.13025147
74,40,0.000161319691,0.10084924
75,40,0.000117331092,0.0733497036
76,40,7.6059704E-05,0.0475488351
77,40,3.816378E-05,0.0238581428
78,40,7.98915812E-06,0.00499443388
79,40,0,0
0,41,0,0
1,41,2.90113263E-07,0.000181364731
2,41,2.10164557E-05,0.013138468
3,41,5.59860428E-05,0.0349997565
4,41,9.5009497E-05,0.0593953259
5,41,0.000137208792,0.0857762767
6,41,0.000181730314,0.113608972
7,41,0.000228367671,0.142764383
8,41,0.000277224118,0.173307063
9,41,0.000327082033,0.204475811
10,41,0.00037883038,0.236826366
11,41,0.000431348531,0.269658165
12,41,0.000484429689,0.302841928
13,41,0.000538899319,0.336893697
14,41,0.000593088515,0.370770152
15,41,0.000647249015,0.404628668
16,41,0.000702167034,0.438960748
17,41,0.000756249507,0.472770485
18,41,0.000809311797,0.505942453
19,41,0.000861739112,0.538717465
20,41,0.000913614262,0.571147291
21,41,0.000963798328,0.602519933
22,41,0.00101209653,0.632713626
23,41,0.00105830673,0.661602001
24,41,0.00110250609,0.689233295
25,41,0.00114504952,0.715829379
26,41,0.00118492142,0.740755355
27,41,0.00122199023,0.763928976
28,41,0.00125615632,0.785287961
29,41,0.00128733466,0.804779145
30,41,0.00131548183,0.822375389
31,41,0.00134058793,0.838070504
32,41,0.00136265693,0.851866968
33,41,0.00138186235,0.863873265
34,41,0.00139838051,0.874199621
35,41,0.00141197692,0.882699436
36,41,0.00142271908,0.889414914
37,41,0.00143069692,0.894402272
38,41,0.00143597212,0.897700069
39,41,0.00143859345,0.899338797
40,41,0.00143859348,0.899338815
41,41,0.00143597212,0.897700069
42,41,0.00143069692,0.894402272
43,41,0.00142271908,0.889414914
44,41,0.00141197687,0.882699404
45,41,0.00139838052,0.874199625
46,41,0.00138186235,0.863873265
47,41,0.00136265693,0.851866968
48,41,0.00134058793,0.838070504
49,41,0.00131548179,0.822375365
50,41,0.00128733467,0.804779151
51,41,0.00125615632,0.785287961
52,41,0.00122199023,0.763928976
53,41,0.00118492142,0.740755355
54,41,0.00114504977,0.715829536
55,41,0.00110250602,0.689233248
56,41,0.00105830673,0.661602001
57,41,0.00101209653,0.632713626
58,41,0.000963798328,0.602519933
59,41,0.000913614468,0.57114742
60,41,0.000861738855,0.538717305
61,41,0.000809311797,0.505942453
62,41,0.000756249507,0.472770485
63,41,0.000702167034,0.438960748
64,41,0.000647249178,0.40462877
65,41,0.000593088256,0.37076999
66,41,0.000538899319,0.336893697
67,41,0.000484429689,0.302841928
68,41,0.000431348531,0.269658165
69,41,0.000378831176,0.236826864
70,41,0.000327081911,0.204475735
71,41,0.000277224118,0.173307063
72,41,0.000228367671,0.142764383
73,41,0.000181730314,0.113608972
74,41,0.000137208792,0.0857762767
75,41,9.50091933E-05,0.059395136
76,41,5.59860428E-05,0.0349997565
77,41,2.10164557E-05,0.013138468
78,41,2.90113263E-07,0.000181364731
79,41,0,0
0,42,0,0
1,42,0,0
2,42,7.42329664E-06,0.00464068474
3,42,3.62092317E-05,0.0226362541
4,42,7.27548887E-05,0.045482825
5,42,0.00011242174,0.0702806153
6,42,0.000154920439,0.0968487387
7,42,0.000199879384,0.124954889
8,42,0.000246059743,0.153824608
9,42,0.000294695872,0.184229555
10,42,0.000343701593,0.214865553
11,42,0.000394927214,0.246889325
12,42,0.000446176612,0.278927961
13,42,0.000498377493,0.311561418
14,42,0.000551249602,0.344614495
15,42,0.000603708175,0.377409048
16,42,0.000656293362,0.410282754
17,42,0.000709137667,0.443318449
18,42,0.00076101902,0.475752152
19,42,0.000811758145,0.507471791
20,42,0.000861738926,0.538717349
21,42,0.00091099266,0.569508393
22,42,0.000958474861,0.59919196
23,42,0.00100399875,0.627651285
24,42,0.00104738754,0.654775851
25,42,0.00108848217,0.680466223
26,42,0.00112799931,0.70517042
27,42,0.00116497112,0.728283397
28,42,0.00119917935,0.749668721
29,42,0.00123054086,0.769274415
30,42,0.00125899952,0.787065388
31,42,0.00128451174,0.803014391
32,42,0.00130706447,0.817113262
33,42,0.00132667197,0.829370919
34,42,0.00134335732,0.839801791
35,42,0.00135716373,0.848432887
36,42,0.00136813147,0.855289386
37,42,0.00137631118,0.860402944
38,42,0.00138186235,0.863873267
39,42,0.00138463043,0.865603737
40,42,0.00138463044,0.865603741
41,42,0.00138186235,0.863873267
42,42,0.00137631118,0.860402944
43,42,0.00136813147,0.855289386
44,42,0.00135716373,0.848432889
45,42,0.00134335734,0.839801808
46,42,0.00132667197,0.829370919
47,42,0.00130706447,0.817113262
48,42,0.00128451174,0.803014391
49,42,0.00125899958,0.787065427
50,42,0.00123054082,0.769274395
51,42,0.00119917935,0.749668721
52,42,0.00116497112,0.728283397
53,42,0.00112799931,0.70517042
54,42,0.00108848211,0.680466182
55,42,0.00104738757,0.654775869
56,42,0.00100399875,0.627651285
57,42,0.000958474861,0.59919196
58,42,0.00091099266,0.569508393
59,42,0.000861739112,0.538717465
60,42,0.000811758012,0.507471708
61,42,0.00076101902,0.475752152
62,42,0.000709137667,0.443318449
63,42,0.000656293362,0.410282754
64,42,0.000603708293,0.377409121
65,42,0.000551249398,0.344614367
66,42,0.000498377493,0.311561418
67,42,0.000446176612,0.278927961
68,42,0.000394927214,0.246889325
69,42,0.000343701724,0.214865635
70,42,0.000294695872,0.184229555
71,42,0.000246059743,0.153824608
72,42,0.000199879384,0.124954889
73,42,0.000154920439,0.0968487387
74,42,0.00011242188,0.0702807023
75,42,7.27548887E-05,0.045482825
76,42,3.62092317E-05,0.0226362541
77,42,7.42329664E-06,0.00464068474
78,42,0,0
79,42,0,0
0,43,0,0
1,43,0,0
2,43,0,0
3,43,1.79568196E-05,0.011225732
4,43,5.09973187E-05,0.0318810483
5,43,8.8276788E-05,0.055186363
6,43,0.000128465423,0.0803103469
7,43,0.000170712189,0.106720975
8,43,0.000215456718,0.134693082
9,43,0.000261546518,0.163506188
10,43,0.000309167011,0.193276209
11,43,0.000357647966,0.223584148
12,43,0.000407567919,0.254791681
13,43,0.000457392717,0.285939726
14,43,0.000508417839,0.317838155
15,43,0.000559536358,0.349794972
16,43,0.000610107248,0.381409438
17,43,0.000660832535,0.413120425
18,43,0.00071146799,0.444775254
19,43,0.000761019019,0.475752152
20,43,0.00080931181,0.505942461
21,43,0.00085661121,0.53551175
22,43,0.00090315681,0.5646098
23,43,0.000947857588,0.592554557
24,43,0.00099054362,0.619239792
25,43,0.00103106097,0.644569275
26,43,0.00106926174,0.668450537
27,43,0.00110533093,0.690999249
28,43,0.00113936273,0.712274274
29,43,0.00117066676,0.731844035
30,43,0.00119917928,0.749668678
31,43,0.00122484469,0.76571345
32,43,0.00124762845,0.779956751
33,43,0.00126751114,0.792386441
34,43,0.00128451168,0.803014356
35,43,0.00129862133,0.811835023
36,43,0.00130987457,0.818870004
37,43,0.00131828505,0.824127824
38,43,0.00132388252,0.827627091
39,43,0.00132667222,0.829371077
40,43,0.00132667218,0.829371053
41,43,0.00132388252,0.827627091
42,43,0.00131828505,0.824127824
43,43,0.00130987457,0.818870004
44,43,0.00129862135,0.811835032
45,43,0.00128451169,0.803014359
46,43,0.00126751114,0.792386441
47,43,0.00124762845,0.779956751
48,43,0.00122484469,0.76571345
49,43,0.00119917968,0.749668932
50,43,0.00117066669,0.731843993
51,43,0.00113936273,0.712274274
52,43,0.00110533093,0.690999249
53,43,0.00106926174,0.668450537
54,43,0.00103106094,0.644569255
55,43,0.000990543716,0.619239852
56,43,0.000947857588,0.592554557
57,43,0.00090315681,0.5646098
58,43,0.00085661121,0.53551175
59,43,0.000809311801,0.505942455
60,43,0.000761018966,0.475752119
61,43,0.00071146799,0.444775254
62,43,0.000660832535,0.413120425
63,43,0.000610107248,0.381409438
64,43,0.0005595362,0.349794873
65,43,0.000508417453,0.317837914
66,43,0.000457392717,0.285939726
67,43,0.000407567919,0.254791681
68,43,0.000357647966,0.223584148
69,43,0.000309167891,0.193276759
70,43,0.000261546403,0.163506116
71,43,0.000215456718,0.134693082
72,43,0.000170712189,0.106720975
73,43,0.000128465423,0.0803103469
74,43,8.82773913E-05,0.0551867402
75,43,5.09973187E-05,0.0318810483
76,43,1.79568196E-05,0.011225732
77,43,0,0
78,43,0,0
79,43,0,0
