x,y,bend_magnitude,normalized_intensity
0,0,0,0
1,0,0,0
2,0,0,0
3,0,0,0
4,0,1.85329495E-05,0.011585456
5,0,5.21786692E-05,0.0326183199
6,0,9.00448601E-05,0.0562895164
7,0,0.000130871257,0.081811219
8,0,0.000173785007,0.108637783
9,0,0.00021904424,0.136930574
10,0,0.000265818367,0.166170366
11,0,0.000313906491,0.196231573
12,0,0.000363034494,0.226942838
13,0,0.000413342063,0.258391482
14,0,0.000463477879,0.289732758
15,0,0.000514995204,0.321937653
16,0,0.000566283452,0.353999346
17,0,0.000616926224,0.385657535
18,0,0.000667847966,0.417490115
19,0,0.000718341995,0.44905532
20,0,0.000767624168,0.47986296
21,0,0.000815520384,0.509804201
22,0,0.000862451699,0.539142256
23,0,0.00090830725,0.567807821
24,0,0.000952173134,0.59522959
25,0,0.000993872819,0.621297209
26,0,0.0010332648,0.64592222
27,0,0.00107020445,0.669014208
28,0,0.00110486597,0.690682076
29,0,0.00113733542,0.710979625
30,0,0.00116695423,0.729495153
31,0,0.00119365865,0.746188821
32,0,0.00121740746,0.761034855
33,0,0.00123816851,0.774013159
34,0,0.00125593799,0.785121348
35,0,0.00127071336,0.794357838
36,0,0.0012825072,0.801730489
37,0,0.00129132639,0.807243608
38,0,0.00129720441,0.810918124
39,0,0.00130013476,0.812749965
40,0,0.0013001347,0.812749924
41,0,0.00129720441,0.810918124
42,0,0.00129132639,0.807243608
43,0,0.0012825072,0.801730489
44,0,0.00127071337,0.794357844
45,0,0.00125593802,0.785121369
46,0,0.00123816851,0.774013159
47,0,0.00121740746,0.761034855
48,0,0.00119365865,0.746188821
49,0,0.00116695431,0.729495203
50,0,0.00113733541,0.710979617
51,0,0.00110486597,0.690682076
52,0,0.00107020445,0.669014208
53,0,0.0010332648,0.64592222
54,0,0.000993872692,0.62129713
55,0,0.000952172974,0.59522949
56,0,0.00090830725,0.567807821
57,0,0.000862451699,0.539142256
58,0,0.000815520384,0.509804201
59,0,0.000767624167,0.47986296
60,0,0.000718342008,0.449055328
61,0,0.000667847966,0.417490115
62,0,0.000616926224,0.385657535
63,0,0.000566283452,0.353999346
64,0,0.000514995092,0.321937583
65,0,0.000463477996,0.289732831
66,0,0.000413342063,0.258391482
67,0,0.000363034494,0.226942838
68,0,0.000313906491,0.196231573
69,0,0.000265818318,0.166170335
70,0,0.000219044424,0.136930688
71,0,0.000173785007,0.108637783
72,0,0.000130871257,0.081811219
73,0,9.00448601E-05,0.0562895164
74,0,5.21786702E-05,0.0326183205
75,0,1.85329039E-05,0.0115854275
76,0,0,0
77,0,0,0
78,0,0,0
79,0,0,0
0,1,0,0
1,1,0,0
2,1,0,0
3,1,8.06872649E-06,0.00504398264
4,1,3.7786662E-05,0.0236214807
5,1,7.50095256E-05,0.0468905156
6,1,0.000115416273,0.0721498838
7,1,0.000158483333,0.0990722864
8,1,0.000204247053,0.127680446
9,1,0.000251254896,0.15706634
10,1,0.00030045737,0.187824158
11,1,0.000350273436,0.21896555
12,1,0.000402006156,0.251305095
13,1,0.00045370404,0.283622863
14,1,0.000506594357,0.316686053
15,1,0.000559783483,0.349936037
16,1,0.000612464879,0.382868626
17,1,0.000665476247,0.416007488
18,1,0.000718342006,0.449055327
19,1,0.000770117729,0.481421754
20,1,0.000820620627,0.512992503
21,1,0.000870486766,0.544165197
22,1,0.000919207613,0.574621937
23,1,0.000966011504,0.603880335
24,1,0.00101070743,0.631820984
25,1,0.00105311534,0.658331338
26,1,0.00109309854,0.683325937
27,1,0.00113141877,0.70728096
28,1,0.00116695411,0.729495083
29,1,0.00119959494,0.749899757
30,1,0.00122927548,0.768453884
31,1,0.00125593829,0.785121539
32,1,0.00127955951,0.799887807
33,1,0.00130013461,0.812749872
34,1,0.00131767665,0.823715881
35,1,0.00133221319,0.832803075
36,1,0.00134377477,0.840030532
37,1,0.00135241124,0.845429429
38,1,0.00135814043,0.849010901
39,1,0.00136100319,0.850800492
40,1,0.00136100319,0.850800492
41,1,0.00135814043,0.849010901
42,1,0.00135241124,0.845429429
43,1,0.00134377477,0.840030532
44,1,0.0013322132,0.832803078
45,1,0.00131767664,0.823715877
46,1,0.00130013461,0.812749872
47,1,0.00127955951,0.799887807
48,1,0.00125593829,0.785121539
49,1,0.00122927563,0.768453976
50,1,0.0011995949,0.749899736
51,1,0.00116695411,0.729495083
52,1,0.00113141877,0.70728096
53,1,0.00109309854,0.683325937
54,1,0.00105311539,0.65833137
55,1,0.00101070738,0.631820958
56,1,0.000966011504,0.603880335
57,1,0.000919207613,0.574621937
58,1,0.000870486766,0.544165197
59,1,0.000820620632,0.512992506
60,1,0.000770117725,0.481421752
61,1,0.000718342006,0.449055327
62,1,0.000665476247,0.416007488
63,1,0.000612464879,0.382868626
64,1,0.00055978354,0.349936073
65,1,0.000506594105,0.316685896
66,1,0.00045370404,0.283622863
67,1,0.000402006156,0.251305095
68,1,0.000350273436,0.21896555
69,1,0.000300457515,0.187824249
70,1,0.0002512549,0.157066342
71,1,0.000204247053,0.127680446
72,1,0.000158483333,0.0990722864
73,1,0.000115416273,0.0721498838
74,1,7.50095247E-05,0.046890515
75,1,3.77868264E-05,0.0236215835
76,1,8.06872649E-06,0.00504398264
77,1,0,0
78,1,0,0
79,1,0,0
0,2,0,0
1,2,0,0
2,2,5.57202668E-07,0.000348322699
3,2,2.26890946E-05,0.0141835765
4,2,5.8421251E-05,0.0365207293
5,2,9.82435386E-05,0.0614147355
6,2,0.000141304047,0.0883330425
7,2,0.000186739212,0.116735813
8,2,0.000234029438,0.146298232
9,2,0.000283846869,0.177440477
10,2,0.000334338787,0.209004363
11,2,0.000387037747,0.241947931
12,2,0.000440124159,0.275133705
13,2,0.000494080604,0.308863362
14,2,0.00054900775,0.343199831
15,2,0.000603576684,0.377312371
16,2,0.000658379055,0.411570838
17,2,0.000713477878,0.446014627
18,2,0.000767624167,0.47986296
19,2,0.000820620632,0.512992506
20,2,0.000873167347,0.545840902
21,2,0.000924675272,0.578039921
22,2,0.000974347389,0.609091326
23,2,0.00102196923,0.638861049
24,2,0.00106735334,0.667231903
25,2,0.00111075868,0.69436577
26,2,0.00115213377,0.720230481
27,2,0.00119068878,0.744332274
28,2,0.00122630415,0.766596422
29,2,0.00125889476,0.786969705
30,2,0.00128839096,0.805408589
31,2,0.00131475675,0.82189057
32,2,0.00133800241,0.83642207
33,2,0.0013581404,0.849010884
34,2,0.00137522038,0.859688047
35,2,0.00138961471,0.868686339
36,2,0.00140102919,0.875821843
37,2,0.00140951958,0.881129419
38,2,0.00141513934,0.884642487
39,2,0.00141793677,0.886391236
40,2,0.00141793675,0.886391227
41,2,0.00141513934,0.884642487
42,2,0.00140951958,0.881129419
43,2,0.00140102919,0.875821843
44,2,0.00138961473,0.868686354
45,2,0.00137522041,0.859688067
46,2,0.0013581404,0.849010884
47,2,0.00133800241,0.83642207
48,2,0.00131475675,0.82189057
49,2,0.00128839081,0.805408498
50,2,0.00125889471,0.786969673
51,2,0.00122630415,0.766596422
52,2,0.00119068878,0.744332274
53,2,0.00115213377,0.720230481
54,2,0.00111075955,0.69436632
55,2,0.00106735308,0.667231739
56,2,0.00102196923,0.638861049
57,2,0.000974347389,0.609091326
58,2,0.000924675272,0.578039921
59,2,0.000873167375,0.545840919
60,2,0.000820620266,0.512992278
61,2,0.000767624167,0.47986296
62,2,0.000713477878,0.446014627
63,2,0.000658379055,0.411570838
64,2,0.000603576788,0.377312435
65,2,0.000549008,0.343199987
66,2,0.000494080604,0.308863362
67,2,0.000440124159,0.275133705
68,2,0.000387037747,0.241947931
69,2,0.000334338827,0.209004388
70,2,0.00028384633,0.177440141
71,2,0.000234029438,0.146298232
72,2,0.000186739212,0.116735813
73,2,0.000141304047,0.0883330425
74,2,9.82435388E-05,0.0614147357
75,2,5.84212501E-05,0.0365207287
76,2,2.26890946E-05,0.0141835765
77,2,5.57202668E-07,0.000348322699
78,2,0,0
79,2,0,0
0,3,0,0
1,3,0,0
2,3,9.24075044E-06,0.00577664702
3,3,4.0849776E-05,0.0255363175
4,3,7.96097222E-05,0.0497662249
5,3,0.00012182586,0.0761566929
6,3,0.000166649103,0.104176934
7,3,0.000214584478,0.134142654
8,3,0.00026419165,0.16515346
9,3,0.000315593018,0.197285867
10,3,0.000368535167,0.23038146
11,3,0.000422847935,0.264333863
12,3,0.000477547621,0.29852814
13,3,0.000534039795,0.33384295
14,3,0.000590321522,0.369026205
15,3,0.00064660721,0.404211935
16,3,0.00070378792,0.439957168
17,3,0.000760158584,0.475196019
18,3,0.000815520262,0.509804125
19,3,0.000870486766,0.544165197
20,3,0.000924675287,0.578039931
21,3,0.000977129236,0.610830336
22,3,0.00102761582,0.642390885
23,3,0.00107591254,0.672582491
24,3,0.00112256199,0.701744348
25,3,0.00116695394,0.729494973
26,3,0.00120849761,0.755465064
27,3,0.00124705679,0.779569467
28,3,0.00128250715,0.801730462
29,3,0.00131475676,0.821890575
30,3,0.0013437747,0.84003049
31,3,0.00136955127,0.856144131
32,3,0.00139247804,0.870476287
33,3,0.00141233212,0.882887615
34,3,0.00142904975,0.893338267
35,3,0.00144272932,0.901889743
36,3,0.00145349928,0.908622342
37,3,0.00146145841,0.913597812
38,3,0.00146670504,0.916877623
39,3,0.00146930974,0.918505891
40,3,0.00146930971,0.918505873
41,3,0.00146670504,0.916877623
42,3,0.00146145841,0.913597812
43,3,0.00145349928,0.908622342
44,3,0.00144272928,0.90188972
45,3,0.00142904994,0.893338384
46,3,0.00141233212,0.882887615
47,3,0.00139247804,0.870476287
48,3,0.00136955127,0.856144131
49,3,0.00134377482,0.840030562
50,3,0.00131475672,0.82189055
51,3,0.00128250715,0.801730462
52,3,0.00124705679,0.779569467
53,3,0.00120849761,0.755465064
54,3,0.00116695421,0.72949514
55,3,0.00112256193,0.70174431
56,3,0.00107591254,0.672582491
57,3,0.00102761582,0.642390885
58,3,0.000977129236,0.610830336
59,3,0.000924675295,0.578039935
60,3,0.000870486579,0.54416508
61,3,0.000815520262,0.509804125
62,3,0.000760158584,0.475196019
63,3,0.00070378792,0.439957168
64,3,0.000646607225,0.404211944
65,3,0.000590321125,0.369025956
66,3,0.000534039795,0.33384295
67,3,0.000477547621,0.29852814
68,3,0.000422847935,0.264333863
69,3,0.000368535441,0.230381631
70,3,0.000315592957,0.197285829
71,3,0.00026419165,0.16515346
72,3,0.000214584478,0.134142654
73,3,0.000166649103,0.104176934
74,3,0.00012182586,0.0761566929
75,3,7.96097222E-05,0.0497662249
76,3,4.0849776E-05,0.0255363175
77,3,9.24075044E-06,0.00577664702
78,3,0,0
79,3,0,0
0,4,0,0
1,4,3.64655222E-07,0.000227955999
2,4,2.26886314E-05,0.0141832869
3,4,5.94675828E-05,0.0371748201
4,4,0.000100598609,0.0628869546
5,4,0.000145245221,0.090796779
6,4,0.000192546,0.120365796
7,4,0.00024163526,0.151052841
8,4,0.000293787685,0.183654755
9,4,0.000346651472,0.216701361
10,4,0.000402006017,0.251305008
11,4,0.000457603264,0.286060375
12,4,0.000514995195,0.321937648
13,4,0.000572805365,0.358076373
14,4,0.000630388271,0.39407303
15,4,0.000689332539,0.430920712
16,4,0.000747775825,0.467455216
17,4,0.000805349635,0.503446187
18,4,0.000862451677,0.539142242
19,4,0.000919207613,0.574621937
20,4,0.000974347471,0.609091377
21,4,0.00102761585,0.642390902
22,4,0.00107876945,0.674368424
23,4,0.00112846324,0.705433382
24,4,0.00117585177,0.735057253
25,4,0.00122037347,0.76288899
26,4,0.00126184832,0.78881606
27,4,0.00130013455,0.812749834
28,4,0.00133510716,0.83461217
29,4,0.00136670328,0.854363776
30,4,0.00139533332,0.872261197
31,4,0.00142072886,0.888136649
32,4,0.00144272916,0.901889639
33,4,0.00146145841,0.91359781
34,4,0.00147704445,0.923341075
35,4,0.00148966984,0.93123355
36,4,0.00149950382,0.93738104
37,4,0.00150670438,0.941882309
38,4,0.00151141997,0.944830156
39,4,0.0015137498,0.946286593
40,4,0.00151374981,0.946286602
41,4,0.00151141997,0.944830156
42,4,0.00150670438,0.941882309
43,4,0.00149950382,0.93738104
44,4,0.0014896699,0.931233587
45,4,0.00147704442,0.923341055
46,4,0.00146145841,0.91359781
47,4,0.00144272916,0.901889639
48,4,0.00142072886,0.888136649
49,4,0.00139533345,0.872261279
50,4,0.00136670336,0.854363825
51,4,0.00133510716,0.83461217
52,4,0.00130013455,0.812749834
53,4,0.00126184832,0.78881606
54,4,0.00122037347,0.762888992
55,4,0.00117585176,0.735057243
56,4,0.00112846324,0.705433382
57,4,0.00107876945,0.674368424
58,4,0.00102761585,0.642390902
59,4,0.000974347389,0.609091326
60,4,0.000919207536,0.574621889
61,4,0.000862451677,0.539142242
62,4,0.000805349635,0.503446187
63,4,0.000747775825,0.467455216
64,4,0.000689332699,0.430920812
65,4,0.000630388327,0.394073065
66,4,0.000572805365,0.358076373
67,4,0.000514995195,0.321937648
68,4,0.000457603264,0.286060375
69,4,0.000402006137,0.251305083
70,4,0.000346651467,0.216701357
71,4,0.000293787685,0.183654755
72,4,0.00024163526,0.151052841
73,4,0.000192546,0.120365796
74,4,0.000145245221,0.090796779
75,4,0.000100598468,0.0628868665
76,4,5.94675828E-05,0.0371748201
77,4,2.26886314E-05,0.0141832869
78,4,3.64655222E-07,0.000227955999
79,4,0,0
0,5,0,0
1,5,7.48171249E-06,0.00467702406
2,5,3.88068831E-05,0.024259249
3,5,7.84594142E-05,0.0490471358
4,5,0.000121826134,0.0761568638
5,5,0.000168074926,0.105068255
6,5,0.000217552426,0.135997999
7,5,0.000269076066,0.168206842
8,5,0.000322378416,0.201527606
9,5,0.000377754734,0.236144864
10,5,0.000434344159,0.271520469
11,5,0.000492003611,0.307564976
12,5,0.000551162187,0.344546628
13,5,0.000610237423,0.381476181
14,5,0.000670227084,0.418977367
15,5,0.000730553218,0.456688891
16,5,0.000790185639,0.493966756
17,5,0.000849115119,0.530805193
18,5,0.000908307169,0.56780777
19,5,0.000966011649,0.603880426
20,5,0.00102196916,0.638861006
21,5,0.00107591259,0.672582527
22,5,0.00112846326,0.705433394
23,5,0.00117881687,0.736910819
24,5,0.00122630413,0.766596408
25,5,0.00127071333,0.794357822
26,5,0.00131183843,0.820066251
27,5,0.00134953533,0.84363162
28,5,0.00138386832,0.865094112
29,5,0.00141513881,0.884642156
30,5,0.0014427294,0.901889791
31,5,0.00146670515,0.91687769
32,5,0.00148717463,0.929673725
33,5,0.00150431959,0.940391513
34,5,0.00151835348,0.949164484
35,5,0.00152951745,0.956143385
36,5,0.00153806109,0.961484253
37,5,0.0015442266,0.965338483
38,5,0.00154821493,0.967831695
39,5,0.00155016906,0.969053278
40,5,0.00155016909,0.969053296
41,5,0.00154821493,0.967831695
42,5,0.0015442266,0.965338483
43,5,0.00153806109,0.961484253
44,5,0.00152951753,0.956143438
45,5,0.00151835354,0.949164519
46,5,0.00150431959,0.940391513
47,5,0.00148717463,0.929673725
48,5,0.00146670515,0.91687769
49,5,0.0014427294,0.90188979
50,5,0.00141513882,0.88464216
51,5,0.00138386832,0.865094112
52,5,0.00134953533,0.84363162
53,5,0.00131183843,0.820066251
54,5,0.00127071338,0.794357848
55,5,0.00122630401,0.766596334
56,5,0.00117881687,0.736910819
57,5,0.00112846326,0.705433394
58,5,0.00107591259,0.672582527
59,5,0.00102196922,0.638861043
60,5,0.000966011458,0.603880307
61,5,0.000908307169,0.56780777
62,5,0.000849115119,0.530805193
63,5,0.000790185639,0.493966756
64,5,0.000730553302,0.456688944
65,5,0.000670226928,0.41897727
66,5,0.000610237423,0.381476181
67,5,0.000551162187,0.344546628
68,5,0.000492003611,0.307564976
69,5,0.000434344159,0.271520469
70,5,0.000377754725,0.236144859
71,5,0.000322378416,0.201527606
72,5,0.000269076066,0.168206842
73,5,0.000217552426,0.135997999
74,5,0.000168074899,0.105068238
75,5,0.000121826131,0.0761568618
76,5,7.84594142E-05,0.0490471358
77,5,3.88068831E-05,0.024259249
78,5,7.48171249E-06,0.00467702406
79,5,0,0
0,6,0,0
1,6,1.85327414E-05,0.0115853259
2,6,5.52960061E-05,0.0345670528
3,6,9.70680906E-05,0.0606799307
4,6,0.000142612477,0.089150978
5,6,0.000191093932,0.119458068
6,6,0.000241634989,0.151052671
7,6,0.000295451933,0.184695122
8,6,0.000350273466,0.218965568
9,6,0.000407660156,0.254839565
10,6,0.000465441259,0.290960121
11,6,0.000525545423,0.328532885
12,6,0.000585921024,0.366275332
13,6,0.000646607357,0.404212026
14,6,0.000708625922,0.442981535
15,6,0.000770118048,0.481421954
16,6,0.000830859658,0.519393203
17,6,0.000892029619,0.557632226
18,6,0.00095217315,0.5952296
19,6,0.00101070743,0.631820986
20,6,0.00106735311,0.667231757
21,6,0.00112256199,0.701744348
22,6,0.00117585174,0.735057233
23,6,0.00122630407,0.766596369
24,6,0.00127366567,0.796203409
25,6,0.00131767648,0.823715775
26,6,0.00135814044,0.84901091
27,6,0.0013953335,0.87226131
28,6,0.00142904973,0.893338252
29,6,0.00145881734,0.911946803
30,6,0.00148466271,0.928103458
31,6,0.00150670441,0.941882326
32,6,0.001525114,0.953390669
33,6,0.00154014081,0.962784339
34,6,0.00155209379,0.970256477
35,6,0.00156130459,0.976014399
36,6,0.00156813486,0.98028419
37,6,0.00157291386,0.983271678
38,6,0.00157592408,0.985153447
39,6,0.00157737587,0.986061002
40,6,0.00157737587,0.986061002
41,6,0.00157592408,0.985153447
42,6,0.00157291386,0.983271678
43,6,0.00156813486,0.98028419
44,6,0.00156130457,0.976014387
45,6,0.00155209379,0.970256477
46,6,0.00154014081,0.962784339
47,6,0.001525114,0.953390669
48,6,0.00150670441,0.941882326
49,6,0.00148466273,0.928103471
50,6,0.00145881734,0.911946805
51,6,0.00142904973,0.893338252
52,6,0.0013953335,0.87226131
53,6,0.00135814044,0.84901091
54,6,0.0013176766,0.823715853
55,6,0.00127366547,0.796203285
56,6,0.00122630407,0.766596369
57,6,0.00117585174,0.735057233
58,6,0.00112256199,0.701744348
59,6,0.00106735334,0.667231903
60,6,0.00101070732,0.631820921
61,6,0.00095217315,0.5952296
62,6,0.000892029619,0.557632226
63,6,0.000830859658,0.519393203
64,6,0.000770118344,0.481422138
65,6,0.000708625874,0.442981506
66,6,0.000646607357,0.404212026
67,6,0.000585921024,0.366275332
68,6,0.000525545423,0.328532885
69,6,0.000465441286,0.290960137
70,6,0.000407660076,0.254839515
71,6,0.000350273466,0.218965568
72,6,0.000295451933,0.184695122
73,6,0.000241634989,0.151052671
74,6,0.000191093933,0.119458069
75,6,0.000142612475,0.0891509772
76,6,9.70680906E-05,0.0606799307
77,6,5.52960061E-05,0.0345670528
78,6,1.85327414E-05,0.0115853259
79,6,0,0
0,7,3.3265527E-06,0.0020795195
1,7,3.19128415E-05,0.0199495941
2,7,7.15733472E-05,0.044742466
3,7,0.000115416455,0.0721499974
4,7,0.000162488957,0.101576312
5,7,0.000213102431,0.133216185
6,7,0.000265818676,0.166170559
7,7,0.000320680221,0.200466018
8,7,0.000377754885,0.236144959
9,7,0.000436271509,0.272725309
10,7,0.000496158845,0.310162528
11,7,0.000557622263,0.348584999
12,7,0.000619165479,0.387057354
13,7,0.000682144864,0.426427498
14,7,0.000745303379,0.465909622
15,7,0.000807886862,0.505032277
16,7,0.000870486853,0.544165251
17,7,0.000932899942,0.583181388
18,7,0.000993872818,0.621297208
19,7,0.00105311528,0.6583313
20,7,0.00111075872,0.694365795
21,7,0.00116695402,0.729495025
22,7,0.0012203735,0.762889009
23,7,0.00127071304,0.79435764
24,7,0.00131767654,0.823715811
25,7,0.00136100306,0.850800413
26,7,0.00140102924,0.875821879
27,7,0.00143728819,0.898488342
28,7,0.00146930972,0.918505882
29,7,0.00149706803,0.935858362
30,7,0.00152062558,0.950584832
31,7,0.00154014076,0.96278431
32,7,0.00155586715,0.972615307
33,7,0.00156813487,0.980284198
34,7,0.0015773759,0.986061016
35,7,0.00158404095,0.990227523
36,7,0.00158862613,0.993093844
37,7,0.00159158351,0.994942584
38,7,0.00159331749,0.996026542
39,7,0.0015941035,0.996517901
40,7,0.0015941035,0.996517901
41,7,0.00159331749,0.996026542
42,7,0.00159158351,0.994942584
43,7,0.00158862613,0.993093844
44,7,0.001584041,0.990227558
45,7,0.00157737594,0.986061043
46,7,0.00156813487,0.980284198
47,7,0.00155586715,0.972615307
48,7,0.00154014076,0.96278431
49,7,0.00152062577,0.950584952
50,7,0.00149706804,0.935858369
51,7,0.00146930972,0.918505882
52,7,0.00143728819,0.898488342
53,7,0.00140102924,0.875821879
54,7,0.00136100321,0.850800503
55,7,0.00131767642,0.823715737
56,7,0.00127071304,0.79435764
57,7,0.0012203735,0.762889009
58,7,0.00116695402,0.729495025
59,7,0.00111075868,0.69436577
60,7,0.00105311524,0.658331276
61,7,0.000993872818,0.621297208
62,7,0.000932899942,0.583181388
63,7,0.000870486853,0.544165251
64,7,0.00080788686,0.505032276
65,7,0.000745303283,0.465909562
66,7,0.000682144864,0.426427498
67,7,0.000619165479,0.387057354
68,7,0.000557622263,0.348584999
69,7,0.000496165046,0.310166404
70,7,0.000436271412,0.272725248
71,7,0.000377754885,0.236144959
72,7,0.000320680221,0.200466018
73,7,0.000265818676,0.166170559
74,7,0.000213102591,0.133216286
75,7,0.000162488886,0.101576267
76,7,0.000115416455,0.0721499974
77,7,7.15733472E-05,0.044742466
78,7,3.19128415E-05,0.0199495941
79,7,3.3265527E-06,0.0020795195
0,8,1.10847045E-05,0.00692935337
1,8,4.59810947E-05,0.0287440458
2,8,8.77180405E-05,0.0548349575
3,8,0.000133467442,0.0834341657
4,8,0.000182406154,0.114027099
5,8,0.000234029624,0.146298349
6,8,0.000288805153,0.180540037
7,8,0.000344842514,0.215570531
8,8,0.000403893586,0.252484979
9,8,0.000463477906,0.289732774
10,8,0.000525545177,0.328532731
11,8,0.000588123374,0.367652082
12,8,0.000651304355,0.407148249
13,8,0.000715909022,0.447534402
14,8,0.00078012914,0.487680162
15,8,0.000843799655,0.527482351
16,8,0.000908307213,0.567807798
17,8,0.000971565514,0.6073523
18,8,0.00103326479,0.645922214
19,8,0.00109309854,0.683325933
20,8,0.00115213375,0.720230468
21,8,0.00120849756,0.755465034
22,8,0.00126184815,0.788815952
23,8,0.00131183834,0.820066195
24,8,0.00135814042,0.849010896
25,8,0.00140102909,0.87582178
26,8,0.00144001575,0.900193417
27,8,0.00147448005,0.921737995
28,8,0.00150431955,0.940391487
29,8,0.00152951745,0.956143385
30,8,0.00155016353,0.969049816
31,8,0.00156647627,0.979247361
32,8,0.00157878782,0.986943651
33,8,0.00158754473,0.992417835
34,8,0.00159331758,0.996026601
35,8,0.00159685505,0.998237973
36,8,0.00159874991,0.9994225
37,8,0.00159950921,0.999897157
38,8,0.00159967372,1
39,8,0.00159965026,0.999985331
40,8,0.00159965026,0.999985335
41,8,0.00159967372,1
42,8,0.00159950921,0.999897157
43,8,0.00159874991,0.9994225
44,8,0.00159685505,0.99823797
45,8,0.00159331756,0.996026588
46,8,0.00158754473,0.992417835
47,8,0.00157878782,0.986943651
48,8,0.00156647627,0.979247361
49,8,0.00155016896,0.969053215
50,8,0.00152951736,0.956143333
51,8,0.00150431955,0.940391487
52,8,0.00147448005,0.921737995
53,8,0.00144001575,0.900193417
54,8,0.00140102927,0.875821897
55,8,0.00135814024,0.849010785
56,8,0.00131183834,0.820066195
57,8,0.00126184815,0.788815952
58,8,0.00120849756,0.755465034
59,8,0.00115213372,0.72023045
60,8,0.00109309851,0.683325916
61,8,0.00103326479,0.645922214
62,8,0.000971565514,0.6073523
63,8,0.000908307213,0.567807798
64,8,0.000843799555,0.527482288
65,8,0.000780129013,0.487680083
66,8,0.000715909022,0.447534402
67,8,0.000651304355,0.407148249
68,8,0.000588123374,0.367652082
69,8,0.000525545177,0.328532731
70,8,0.00046347779,0.289732702
71,8,0.000403893586,0.252484979
72,8,0.000344842514,0.215570531
73,8,0.000288805153,0.180540037
74,8,0.000234029624,0.146298349
75,8,0.000182405895,0.114026937
76,8,0.000133467442,0.0834341657
77,8,8.77180405E-05,0.0548349575
78,8,4.59810947E-05,0.0287440458
79,8,1.10847045E-05,0.00692935337
0,9,2.0921578E-05,0.0130786533
1,9,5.94677942E-05,0.0371749523
2,9,0.000102961515,0.064364072
3,9,0.000150523064,0.0940961037
4,9,0.00020130763,0.125842931
5,9,0.000254476892,0.159080498
6,9,0.00031053115,0.194121555
7,9,0.000368535418,0.230381616
8,9,0.000428586134,0.267920969
9,9,0.000489935726,0.306272285
10,9,0.000553311587,0.345890277
11,9,0.000616926177,0.385657505
12,9,0.000682144671,0.426427378
13,9,0.000747775854,0.467455234
14,9,0.000812971909,0.50821108
15,9,0.000878546135,0.54920333
16,9,0.000943893118,0.590053525
17,9,0.0010078966,0.63006386
18,9,0.00107020438,0.669014167
19,9,0.00113141877,0.70728096
20,9,0.00119068862,0.744332173
21,9,0.00124705678,0.779569462
22,9,0.00130013455,0.812749834
23,9,0.00134953524,0.843631563
24,9,0.00139533349,0.872261308
25,9,0.00143728823,0.898488366
26,9,0.00147448005,0.921737994
27,9,0.00150670447,0.941882369
28,9,0.00153383578,0.958842895
29,9,0.00155586706,0.972615249
30,9,0.00157291385,0.983271666
31,9,0.00158525594,0.990987046
32,9,0.00159331764,0.996026637
33,9,0.00159792168,0.99890475
34,9,0.00159962812,0.999971492
35,9,0.00159912942,0.999659739
36,9,0.00159731785,0.998527282
37,9,0.00159504451,0.997106152
38,9,0.00159306339,0.995867701
39,9,0.00159192263,0.99515458
40,9,0.00159192264,0.995154585
41,9,0.00159306339,0.995867701
42,9,0.00159504451,0.997106152
43,9,0.00159731785,0.998527282
44,9,0.0015991294,0.999659731
45,9,0.00159962813,0.999971497
46,9,0.00159792168,0.99890475
47,9,0.00159331764,0.996026637
48,9,0.00158525594,0.990987046
49,9,0.00157291398,0.98327175
50,9,0.00155586702,0.972615226
51,9,0.00153383578,0.958842895
52,9,0.00150670447,0.941882369
53,9,0.00147448005,0.921737994
54,9,0.00143728819,0.898488341
55,9,0.00139533345,0.87226128
56,9,0.00134953524,0.843631563
57,9,0.00130013455,0.812749834
58,9,0.00124705678,0.779569462
59,9,0.00119068878,0.744332274
60,9,0.00113141875,0.707280948
61,9,0.00107020438,0.669014167
62,9,0.0010078966,0.63006386
63,9,0.000943893118,0.590053525
64,9,0.000878546293,0.549203429
65,9,0.000812972024,0.508211151
66,9,0.000747775854,0.467455234
67,9,0.000682144671,0.426427378
68,9,0.000616926177,0.385657505
69,9,0.000553311587,0.345890277
70,9,0.000489935685,0.306272259
71,9,0.000428586134,0.267920969
72,9,0.000368535418,0.230381616
73,9,0.00031053115,0.194121555
74,9,0.000254477386,0.159080806
75,9,0.000201307631,0.125842932
76,9,0.000150523064,0.0940961037
77,9,0.000102961515,0.064364072
78,9,5.94677942E-05,0.0371749523
79,9,2.0921578E-05,0.0130786533
0,10,3.19129808E-05,0.0199496812
1,10,7.27178486E-05,0.0454579253
2,10,0.000117976703,0.0737504789
3,10,0.000166648894,0.104176803
4,10,0.000219043958,0.136930397
5,10,0.000273979919,0.171272376
6,10,0.000330910622,0.206861323
7,10,0.000390764912,0.244277884
8,10,0.000451756129,0.28240517
9,10,0.000514995018,0.321937537
10,10,0.000579348578,0.362166716
11,10,0.000644258142,0.402743468
12,10,0.000711054281,0.44449957
13,10,0.000777622271,0.486113049
14,10,0.000843799709,0.527482385
15,10,0.000911025476,0.569507058
16,10,0.000977128863,0.610830102
17,10,0.00104176341,0.651234934
18,10,0.00110486578,0.690681956
19,10,0.00116695434,0.729495224
20,10,0.00122630415,0.766596419
21,10,0.00128250713,0.801730451
22,10,0.00133510732,0.834612271
23,10,0.00138386827,0.865094085
24,10,0.00142904974,0.893338262
25,10,0.00146930974,0.918505895
26,10,0.00150431953,0.940391472
27,10,0.00153383578,0.958842895
28,10,0.00155770685,0.973765356
29,10,0.00157592367,0.98515319
30,10,0.00158862613,0.993093844
31,10,0.00159623376,0.997849584
32,10,0.00159950939,0.999897273
33,10,0.00159880061,0.999454195
34,10,0.00159504455,0.997106175
35,10,0.00158933569,0.993537409
36,10,0.00158283888,0.989476077
37,10,0.00157671484,0.985647775
38,10,0.00157198618,0.982691758
39,10,0.00156941519,0.981084558
40,10,0.00156941522,0.981084577
41,10,0.00157198618,0.982691758
42,10,0.00157671484,0.985647775
43,10,0.00158283888,0.989476077
44,10,0.00158933566,0.993537393
45,10,0.00159504465,0.99710624
46,10,0.00159880061,0.999454195
47,10,0.00159950939,0.999897273
48,10,0.00159623376,0.997849584
49,10,0.0015886261,0.993093827
50,10,0.00157592328,0.985152949
51,10,0.00155770685,0.973765356
52,10,0.00153383578,0.958842895
53,10,0.00150431953,0.940391472
54,10,0.00146930974,0.91850589
55,10,0.00142904971,0.893338243
56,10,0.00138386827,0.865094085
57,10,0.00133510732,0.834612271
58,10,0.00128250713,0.801730451
59,10,0.00122630425,0.766596482
60,10,0.00116695399,0.729495004
61,10,0.00110486578,0.690681956
62,10,0.00104176341,0.651234934
63,10,0.000977128863,0.610830102
64,10,0.000911025481,0.569507062
65,10,0.00084379971,0.527482385
66,10,0.000777622271,0.486113049
67,10,0.000711054281,0.44449957
68,10,0.000644258142,0.402743468
69,10,0.000579349052,0.362167012
70,10,0.000514995018,0.321937537
71,10,0.000451756129,0.28240517
72,10,0.000390764912,0.244277884
73,10,0.000330910622,0.206861323
74,10,0.000273980026,0.171272443
75,10,0.000219043958,0.136930397
76,10,0.000166648894,0.104176803
77,10,0.000117976703,0.0737504789
78,10,7.27178486E-05,0.0454579253
79,10,3.19129808E-05,0.0199496812
0,11,4.29008537E-05,0.0268185025
1,11,8.53948052E-05,0.0533826392
2,11,0.000132166135,0.0826206825
3,11,0.000182406077,0.114027051
4,11,0.000235540763,0.147243003
5,11,0.00029212509,0.182615421
6,11,0.000350273194,0.218965398
7,11,0.00041144687,0.257206744
8,11,0.000473442138,0.29596169
9,11,0.000538307073,0.336510543
10,11,0.00060357618,0.377312055
11,11,0.000670227112,0.418977385
12,11,0.000737914587,0.461290685
13,11,0.000805349036,0.503445812
14,11,0.000873167363,0.545840912
15,11,0.000941141629,0.588333493
16,11,0.0010078965,0.6300638
17,11,0.00107306217,0.670800651
18,11,0.00113733536,0.710979584
19,11,0.00119959494,0.749899757
20,11,0.00125889457,0.786969588
21,11,0.00131475708,0.82189078
22,11,0.00136670328,0.854363776
23,11,0.00141513882,0.88464216
24,11,0.00145881731,0.911946789
25,11,0.00149706796,0.935858316
26,11,0.0015295174,0.956143357
27,11,0.00155586706,0.972615249
28,11,0.00157592367,0.98515319
29,11,0.00158966064,0.993740547
30,11,0.00159741639,0.998588878
31,11,0.00159965022,0.999985309
32,11,0.00159664798,0.998108525
33,11,0.00158933574,0.993537445
34,11,0.00157888434,0.987003984
35,11,0.00156670296,0.979389072
36,11,0.00155433714,0.971658855
37,11,0.00154333742,0.964782629
38,11,0.00153510905,0.959638848
39,11,0.00153070497,0.95688574
40,11,0.00153070498,0.956885747
41,11,0.00153510905,0.959638848
42,11,0.00154333742,0.964782629
43,11,0.00155433714,0.971658855
44,11,0.00156670294,0.979389057
45,11,0.00157888447,0.987004065
46,11,0.00158933574,0.993537445
47,11,0.00159664798,0.998108525
48,11,0.00159965022,0.999985309
49,11,0.0015974164,0.998588885
50,11,0.00158966073,0.993740601
51,11,0.00157592367,0.98515319
52,11,0.00155586706,0.972615249
53,11,0.0015295174,0.956143357
54,11,0.001497068,0.935858343
55,11,0.00145881734,0.911946806
56,11,0.00141513882,0.88464216
57,11,0.00136670328,0.854363776
58,11,0.00131475708,0.82189078
59,11,0.00125889476,0.786969705
60,11,0.00119959492,0.749899748
61,11,0.00113733536,0.710979584
62,11,0.00107306217,0.670800651
63,11,0.0010078965,0.6300638
64,11,0.000941141596,0.588333473
65,11,0.000873167375,0.545840919
66,11,0.000805349036,0.503445812
67,11,0.000737914587,0.461290685
68,11,0.000670227112,0.418977385
69,11,0.000603576801,0.377312443
70,11,0.000538306963,0.336510474
71,11,0.000473442138,0.29596169
72,11,0.00041144687,0.257206744
73,11,0.000350273194,0.218965398
74,11,0.000292125202,0.182615491
75,11,0.000235540757,0.147243
76,11,0.000182406077,0.114027051
77,11,0.000132166135,0.0826206825
78,11,8.53948052E-05,0.0533826392
79,11,4.29008537E-05,0.0268185025
0,12,5.32151802E-05,0.0332662714
1,12,9.70680703E-05,0.060679918
2,12,0.000145245521,0.090796966
3,12,0.000196921663,0.123101142
4,12,0.000251255295,0.157066589
5,12,0.000308848847,0.193069901
6,12,0.000368535619,0.230381742
7,12,0.000430501706,0.269118446
8,12,0.000494080552,0.308863329
9,12,0.000559783502,0.349936049
10,12,0.000625887246,0.391259316
11,12,0.000694138398,0.433924986
12,12,0.000762647684,0.476752024
13,12,0.00083085938,0.519393029
14,12,0.000900159476,0.562714423
15,12,0.000968785012,0.605614132
16,12,0.00103609912,0.647694028
17,12,0.00110192454,0.688843309
18,12,0.0011669544,0.729495262
19,12,0.00122927548,0.768453884
20,12,0.00128839072,0.805408445
21,12,0.0013437748,0.840030551
22,12,0.00139533332,0.872261197
23,12,0.00144272918,0.901889657
24,12,0.00148466278,0.928103503
25,12,0.00152062552,0.950584799
26,12,0.00155016899,0.969053232
27,12,0.00157291385,0.983271666
28,12,0.00158862616,0.993093863
29,12,0.00159741639,0.998588878
30,12,0.00159955203,0.999923925
31,12,0.00159504466,0.997106248
32,12,0.00158463577,0.99059936
33,12,0.00156941517,0.98108455
34,12,0.00155084294,0.969474539
35,12,0.001530705,0.956885759
36,12,0.00151101577,0.944577477
37,12,0.00149386261,0.933854569
38,12,0.00148116637,0.925917801
39,12,0.00147441451,0.921697025
40,12,0.0014744145,0.921697017
41,12,0.00148116637,0.925917801
42,12,0.00149386261,0.933854569
43,12,0.00151101577,0.944577477
44,12,0.00153070488,0.956885683
45,12,0.0015508429,0.969474511
46,12,0.00156941517,0.98108455
47,12,0.00158463577,0.99059936
48,12,0.00159504466,0.997106248
49,12,0.00159955199,0.999923903
50,12,0.00159741649,0.998588945
51,12,0.00158862616,0.993093863
52,12,0.00157291385,0.983271666
53,12,0.00155016899,0.969053232
54,12,0.00152062571,0.950584917
55,12,0.00148466272,0.928103463
56,12,0.00144272918,0.901889657
57,12,0.00139533332,0.872261197
58,12,0.0013437748,0.840030551
59,12,0.00128839096,0.805408589
60,12,0.00122927541,0.768453838
61,12,0.0011669544,0.729495262
62,12,0.00110192454,0.688843309
63,12,0.00103609912,0.647694028
64,12,0.000968785715,0.605614571
65,12,0.000900159488,0.562714431
66,12,0.00083085938,0.519393029
67,12,0.000762647684,0.476752024
68,12,0.000694138398,0.433924986
69,12,0.000625887233,0.391259308
70,12,0.000559783504,0.34993605
71,12,0.000494080552,0.308863329
72,12,0.000430501706,0.269118446
73,12,0.000368535619,0.230381742
74,12,0.000308848661,0.193069785
75,12,0.000251254799,0.157066279
76,12,0.000196921663,0.123101142
77,12,0.000145245521,0.090796966
78,12,9.70680703E-05,0.060679918
79,12,5.32151802E-05,0.0332662714
0,13,6.26130884E-05,0.0391411621
1,13,0.000107773317,0.0673720618
2,13,0.000157155631,0.0982423032
3,13,0.000210141884,0.131365466
4,13,0.000265818538,0.166170473
5,13,0.000324078272,0.202590233
6,13,0.000385176578,0.240784463
7,13,0.00044787235,0.279977313
8,13,0.000512889618,0.320621394
9,13,0.000579349292,0.362167162
10,13,0.000646607297,0.404211989
11,13,0.000715909016,0.447534398
12,13,0.000785147676,0.490817387
13,13,0.000854442717,0.534135621
14,13,0.000924675302,0.57803994
15,13,0.000993872688,0.621297127
16,13,0.00106165232,0.663668035
17,13,0.00112846316,0.705433332
18,13,0.00119365869,0.746188845
19,13,0.00125593827,0.785121521
20,13,0.00131475714,0.821890819
21,13,0.00136955109,0.85614402
22,13,0.00142072887,0.888136654
23,13,0.00146670515,0.916877691
24,13,0.00150670447,0.941882363
25,13,0.00154014081,0.96278434
26,13,0.00156647624,0.979247343
27,13,0.00158525594,0.990987046
28,13,0.00159623384,0.997849636
29,13,0.00159965022,0.999985308
30,13,0.00159504467,0.99710625
31,13,0.00158283884,0.989476052
32,13,0.00156384212,0.977600683
33,13,0.00153931589,0.962268661
34,13,0.00151101578,0.944577483
35,13,0.00148116639,0.92591781
36,13,0.00145239314,0.907930863
37,13,0.00142748242,0.892358484
38,13,0.00140908737,0.880859232
39,13,0.00139930874,0.874746342
40,13,0.00139930878,0.874746369
41,13,0.00140908737,0.880859232
42,13,0.00142748242,0.892358484
43,13,0.00145239314,0.907930863
44,13,0.00148116625,0.925917725
45,13,0.00151101591,0.944577568
46,13,0.00153931589,0.962268661
47,13,0.00156384212,0.977600683
48,13,0.00158283884,0.989476052
49,13,0.0015950444,0.997106083
50,13,0.00159965025,0.999985326
51,13,0.00159623384,0.997849636
52,13,0.00158525594,0.990987046
53,13,0.00156647624,0.979247343
54,13,0.00154014077,0.962784316
55,13,0.00150670445,0.941882355
56,13,0.00146670515,0.916877691
57,13,0.00142072887,0.888136654
58,13,0.00136955109,0.85614402
59,13,0.00131475675,0.82189057
60,13,0.00125593817,0.785121462
61,13,0.00119365869,0.746188845
62,13,0.00112846316,0.705433332
63,13,0.00106165232,0.663668035
64,13,0.000993873119,0.621297397
65,13,0.000924675304,0.578039941
66,13,0.000854442717,0.534135621
67,13,0.000785147676,0.490817387
68,13,0.000715909016,0.447534398
69,13,0.000646606883,0.40421173
70,13,0.000579349225,0.36216712
71,13,0.000512889618,0.320621394
72,13,0.00044787235,0.279977313
73,13,0.000385176578,0.240784463
74,13,0.000324084489,0.20259412
75,13,0.000265818539,0.166170473
76,13,0.000210141884,0.131365466
77,13,0.000157155631,0.0982423032
78,13,0.000107773317,0.0673720618
79,13,6.26130884E-05,0.0391411621
0,14,7.15730939E-05,0.0447423077
1,14,0.000117975918,0.0737499881
2,14,0.000168074759,0.10506815
3,14,0.000222024926,0.138793882
4,14,0.000278900874,0.1743486
5,14,0.000337771768,0.211150414
6,14,0.000400126408,0.250130012
7,14,0.000463478217,0.289732969
8,14,0.000529792594,0.331187908
9,14,0.000596931596,0.373158343
10,14,0.000665476124,0.416007411
11,14,0.0007354608,0.459756755
12,14,0.00080534923,0.503445933
13,14,0.000875855341,0.547521241
14,14,0.000946651486,0.591777857
15,14,0.00101633038,0.635336045
16,14,0.00108449015,0.677944594
17,14,0.00115213354,0.720230334
18,14,0.00121740721,0.761034701
19,14,0.00127955949,0.7998878
20,14,0.00133800249,0.836422124
21,14,0.00139247799,0.870476255
22,14,0.00144272924,0.901889692
23,14,0.00148717484,0.929673857
24,14,0.00152511406,0.953390709
25,14,0.00155586714,0.972615303
26,14,0.0015787879,0.9869437
27,14,0.00159331758,0.9960266
28,14,0.00159950918,0.999897143
29,14,0.0015966479,0.998108474
30,14,0.00158463573,0.99059934
31,14,0.00156384205,0.977600637
32,14,0.00153510897,0.959638801
33,14,0.00149982139,0.937579562
34,14,0.00146003686,0.912709159
35,14,0.00141847755,0.886729295
36,14,0.00137848475,0.861728698
37,14,0.00134379941,0.840045937
38,14,0.00131809769,0.823979084
39,14,0.00130438876,0.815409254
40,14,0.00130438876,0.815409259
41,14,0.00131809769,0.823979084
42,14,0.00134379941,0.840045937
43,14,0.00137848475,0.861728698
44,14,0.00141847739,0.886729193
45,14,0.0014600371,0.912709312
46,14,0.00149982139,0.937579562
47,14,0.00153510897,0.959638801
48,14,0.00156384205,0.977600637
49,14,0.00158463565,0.990599287
50,14,0.00159664804,0.998108564
51,14,0.00159950918,0.999897143
52,14,0.00159331758,0.9960266
53,14,0.0015787879,0.9869437
54,14,0.00155586709,0.972615271
55,14,0.00152511401,0.953390673
56,14,0.00148717484,0.929673857
57,14,0.00144272924,0.901889692
58,14,0.00139247799,0.870476255
59,14,0.0013380024,0.836422068
60,14,0.00127955951,0.799887813
61,14,0.00121740721,0.761034701
62,14,0.00115213354,0.720230334
63,14,0.00108449015,0.677944594
64,14,0.00101633055,0.635336152
65,14,0.000946651404,0.591777805
66,14,0.000875855341,0.547521241
67,14,0.00080534923,0.503445933
68,14,0.0007354608,0.459756755
69,14,0.000665476124,0.416007411
70,14,0.000596931622,0.373158359
71,14,0.000529792594,0.331187908
72,14,0.000463478217,0.289732969
73,14,0.000400126408,0.250130012
74,14,0.000337772025,0.211150574
75,14,0.000278900872,0.174348599
76,14,0.000222024926,0.138793882
77,14,0.000168074759,0.10506815
78,14,0.000117975918,0.0737499881
79,14,7.15730939E-05,0.0447423077
0,15,7.96099317E-05,0.0497663559
1,15,0.000126981725,0.0793797655
2,15,0.000178084547,0.111325544
3,15,0.000232519474,0.145354312
4,15,0.000290464894,0.181577587
5,15,0.000350273127,0.218965357
6,15,0.000413342102,0.258391506
7,15,0.000477547363,0.298527979
8,15,0.000544717476,0.340517863
9,15,0.000612464737,0.382868537
10,15,0.000682144987,0.426427576
11,15,0.000752719937,0.470545916
12,15,0.000823180101,0.514592501
13,15,0.000894740308,0.559326753
14,15,0.000966011765,0.603880499
15,15,0.00103609879,0.647693824
16,15,0.00110486617,0.690682201
17,15,0.00117288469,0.733202448
18,15,0.00123816855,0.774013185
19,15,0.00130013461,0.812749867
20,15,0.00135814039,0.849010876
21,15,0.00141233212,0.882887615
22,15,0.00146145843,0.913597825
23,15,0.00150431958,0.940391508
24,15,0.00154014078,0.962784325
25,15,0.00156813495,0.980284244
26,15,0.00158754471,0.992417819
27,15,0.00159792168,0.99890475
28,15,0.00159880072,0.999454262
29,15,0.00158933573,0.993537435
30,15,0.00156941515,0.981084534
31,15,0.00153931656,0.962269077
32,15,0.00149982142,0.937579584
33,15,0.00145239338,0.907931011
34,15,0.00139930879,0.874746373
35,15,0.0013437994,0.840045933
36,15,0.00129006423,0.806454601
37,15,0.00124304964,0.777064485
38,15,0.00120789594,0.755088946
39,15,0.00118902387,0.743291493
40,15,0.0011890239,0.743291514
41,15,0.00120789594,0.755088946
42,15,0.00124304964,0.777064485
43,15,0.00129006423,0.806454601
44,15,0.00134379943,0.840045949
45,15,0.00139930876,0.874746355
46,15,0.00145239338,0.907931011
47,15,0.00149982142,0.937579584
48,15,0.00153931656,0.962269077
49,15,0.00156941499,0.981084435
50,15,0.00158933581,0.993537488
51,15,0.00159880072,0.999454262
52,15,0.00159792168,0.99890475
53,15,0.00158754471,0.992417819
54,15,0.00156813481,0.980284161
55,15,0.00154014082,0.962784349
56,15,0.00150431958,0.940391508
57,15,0.00146145843,0.913597825
58,15,0.00141233212,0.882887615
59,15,0.00135814035,0.849010852
60,15,0.00130013446,0.812749779
61,15,0.00123816855,0.774013185
62,15,0.00117288469,0.733202448
63,15,0.00110486617,0.690682201
64,15,0.00103609925,0.647694111
65,15,0.000966011765,0.603880499
66,15,0.000894740308,0.559326753
67,15,0.000823180101,0.514592501
68,15,0.000752719937,0.470545916
69,15,0.00068214495,0.426427553
70,15,0.000612464737,0.382868537
71,15,0.000544717476,0.340517863
72,15,0.000477547363,0.298527979
73,15,0.000413342102,0.258391506
74,15,0.000350273127,0.218965357
75,15,0.000290464894,0.181577587
76,15,0.000232519474,0.145354312
77,15,0.000178084547,0.111325544
78,15,0.000126981725,0.0793797655
79,15,7.96099317E-05,0.0497663559
0,16,8.65562469E-05,0.0541086883
1,16,0.000134769611,0.0842481873
2,16,0.000186739028,0.116735698
3,16,0.000241635165,0.151052781
4,16,0.000300457152,0.187824022
5,16,0.000361205594,0.225799542
6,16,0.000424759129,0.265528603
7,16,0.000489935577,0.306272192
8,16,0.000557622536,0.34858517
9,16,0.000625887915,0.391259734
10,16,0.000696549058,0.435431956
11,16,0.000767623985,0.479862846
12,16,0.000838565853,0.524210557
13,16,0.000911025278,0.569506935
14,16,0.000982703134,0.614314732
15,16,0.0010531152,0.658331252
16,16,0.00112256185,0.701744256
17,16,0.00119068869,0.744332216
18,16,0.00125593806,0.785121391
19,16,0.00131767665,0.823715883
20,16,0.00137522041,0.859688065
21,16,0.00142904989,0.893338357
22,16,0.00147704446,0.923341077
23,16,0.00151835339,0.949164427
24,16,0.00155209381,0.97025649
25,16,0.00157737592,0.986061034
26,16,0.00159331754,0.996026575
27,16,0.00159962813,0.999971502
28,16,0.00159504455,0.997106178
29,16,0.00157888441,0.987004029
30,16,0.001550843,0.969474574
31,16,0.00151101575,0.944577464
32,16,0.00146003705,0.912709278
33,16,0.00139930864,0.874746282
34,16,0.00133122323,0.832184222
35,16,0.00125943456,0.787307152
36,16,0.0011890238,0.743291451
37,16,0.00112644634,0.704172559
38,16,0.00107894068,0.674475469
39,16,0.00105314189,0.658347931
40,16,0.00105314194,0.658347963
41,16,0.00107894068,0.674475469
42,16,0.00112644634,0.704172559
43,16,0.0011890238,0.743291451
44,16,0.00125943445,0.787307083
45,16,0.00133122339,0.832184321
46,16,0.00139930864,0.874746282
47,16,0.00146003705,0.912709278
48,16,0.00151101575,0.944577464
49,16,0.00155084247,0.969474242
50,16,0.00157888449,0.987004079
51,16,0.00159504455,0.997106178
52,16,0.00159962813,0.999971502
53,16,0.00159331754,0.996026575
54,16,0.00157737585,0.986060986
55,16,0.00155209376,0.970256462
56,16,0.00151835339,0.949164427
57,16,0.00147704446,0.923341077
58,16,0.00142904989,0.893338357
59,16,0.00137522038,0.859688049
60,16,0.00131767653,0.823715807
61,16,0.00125593806,0.785121391
62,16,0.00119068869,0.744332216
63,16,0.00112256185,0.701744256
64,16,0.00105311548,0.658331424
65,16,0.000982702951,0.614314618
66,16,0.000911025278,0.569506935
67,16,0.000838565853,0.524210557
68,16,0.000767623985,0.479862846
69,16,0.00069654966,0.435432332
70,16,0.000625887287,0.391259342
71,16,0.000557622536,0.34858517
72,16,0.000489935577,0.306272192
73,16,0.000424759129,0.265528603
74,16,0.000361205822,0.225799685
75,16,0.000300457152,0.187824022
76,16,0.000241635165,0.151052781
77,16,0.000186739028,0.116735698
78,16,0.000134769611,0.0842481873
79,16,8.65562469E-05,0.0541086883
0,17,9.23797718E-05,0.0577491338
1,17,0.000141303562,0.0883327393
2,17,0.000193999353,0.121274327
3,17,0.000249646495,0.156060884
4,17,0.000308848612,0.193069754
5,17,0.000370376047,0.231532245
6,17,0.000434344259,0.271520532
7,17,0.000500326881,0.312768082
8,17,0.000568451678,0.355354764
9,17,0.000637239218,0.398355746
10,17,0.000708625867,0.442981501
11,17,0.000780129053,0.487680107
12,17,0.000851778535,0.532470168
13,17,0.000924675425,0.578040017
14,17,0.000996674054,0.623048338
15,17,0.00106735307,0.667231735
16,17,0.00113733552,0.710979686
17,17,0.00120552991,0.753609871
18,17,0.0012707131,0.794357676
19,17,0.00133221319,0.832803075
20,17,0.00138961475,0.868686365
21,17,0.00144272926,0.901889707
22,17,0.00148966985,0.931233559
23,17,0.00152951741,0.956143364
24,17,0.0015613046,0.976014406
25,17,0.001584041,0.990227557
26,17,0.00159685516,0.998238041
27,17,0.0015991294,0.999659729
28,17,0.00158933568,0.993537403
29,17,0.00156670292,0.979389049
30,17,0.00153070495,0.956885727
31,17,0.00148116616,0.925917669
32,17,0.00141847758,0.886729312
33,17,0.00134379941,0.840045935
34,17,0.00125943443,0.787307069
35,17,0.00116920774,0.730903885
36,17,0.00107894056,0.674475391
37,17,0.000996771334,0.623109151
38,17,0.000932831961,0.583138891
39,17,0.000897428131,0.561006984
40,17,0.00089742818,0.561007015
41,17,0.000932831961,0.583138891
42,17,0.000996771334,0.623109151
43,17,0.00107894056,0.674475391
44,17,0.00116920747,0.730903718
45,17,0.00125943473,0.787307258
46,17,0.00134379941,0.840045935
47,17,0.00141847758,0.886729312
48,17,0.00148116616,0.925917669
49,17,0.00153070478,0.95688562
50,17,0.00156670303,0.979389117
51,17,0.00158933568,0.993537403
52,17,0.0015991294,0.999659729
53,17,0.00159685516,0.998238041
54,17,0.00158404099,0.990227551
55,17,0.00156130463,0.976014427
56,17,0.00152951741,0.956143364
57,17,0.00148966985,0.931233559
58,17,0.00144272926,0.901889707
59,17,0.00138961472,0.868686347
60,17,0.00133221285,0.832802862
61,17,0.0012707131,0.794357676
62,17,0.00120552991,0.753609871
63,17,0.00113733552,0.710979686
64,17,0.00106735307,0.667231735
65,17,0.000996674054,0.623048338
66,17,0.000924675425,0.578040017
67,17,0.000851778535,0.532470168
68,17,0.000780129053,0.487680107
69,17,0.000708625867,0.442981501
70,17,0.000637239219,0.398355746
71,17,0.000568451678,0.355354764
72,17,0.000500326881,0.312768082
73,17,0.000434344259,0.271520532
74,17,0.000370376368,0.231532445
75,17,0.000308848611,0.193069753
76,17,0.000249646495,0.156060884
77,17,0.000193999353,0.121274327
78,17,0.000141303562,0.0883327393
79,17,9.23797718E-05,0.0577491338
0,18,9.70679343E-05,0.060679833
1,18,0.000146557036,0.0916168302
2,18,0.00019984208,0.124926775
3,18,0.000256090047,0.160088926
4,18,0.000315592933,0.197285815
5,18,0.000377754689,0.236144836
6,18,0.000442055386,0.276340968
7,18,0.000508688521,0.317995172
8,18,0.00057716573,0.360802157
9,18,0.000646607146,0.404211895
10,18,0.000718342466,0.449055614
11,18,0.000790185473,0.493966652
12,18,0.000862451734,0.539142278
13,18,0.000935642292,0.584895707
14,18,0.00100789663,0.63006388
15,18,0.0010787694,0.674368393
16,18,0.00114917173,0.718378827
17,18,0.00121740733,0.761034774
18,18,0.00128250713,0.801730446
19,18,0.00134377474,0.840030515
20,18,0.00140102924,0.875821874
21,18,0.00145349919,0.908622284
22,18,0.0014995039,0.937381095
23,18,0.00153806109,0.961484248
24,18,0.00156813477,0.980284137
25,18,0.00158862631,0.993093961
26,18,0.00159874996,0.999422528
27,18,0.00159731783,0.99852727
28,18,0.00158283909,0.989476207
29,18,0.00155433717,0.971658874
30,18,0.00151101583,0.944577516
31,18,0.00145239311,0.907930844
32,18,0.00137848491,0.861728793
33,18,0.0012900644,0.806454706
34,18,0.00118902387,0.743291493
35,18,0.00107894086,0.674475578
36,18,0.000965856142,0.603783214
37,18,0.000859304286,0.537174722
38,18,0.000773055897,0.483258484
39,18,0.000723621168,0.452355476
40,18,0.000723621206,0.4523555
41,18,0.000773055897,0.483258484
42,18,0.000859304286,0.537174722
43,18,0.000965856142,0.603783214
44,18,0.00107894052,0.674475366
45,18,0.0011890242,0.743291698
46,18,0.0012900644,0.806454706
47,18,0.00137848491,0.861728793
48,18,0.00145239311,0.907930844
49,18,0.00151101568,0.944577421
50,18,0.00155433739,0.971659013
51,18,0.00158283909,0.989476207
52,18,0.00159731783,0.99852727
53,18,0.00159874996,0.999422528
54,18,0.00158862618,0.99309388
55,18,0.0015681348,0.980284154
56,18,0.00153806109,0.961484248
57,18,0.0014995039,0.937381095
58,18,0.00145349919,0.908622284
59,18,0.00140102919,0.875821843
60,18,0.00134377482,0.840030567
61,18,0.00128250713,0.801730446
62,18,0.00121740733,0.761034774
63,18,0.00114917173,0.718378827
64,18,0.00107876937,0.674368375
65,18,0.00100789635,0.630063702
66,18,0.000935642292,0.584895707
67,18,0.000862451734,0.539142278
68,18,0.000790185473,0.493966652
69,18,0.000718342466,0.449055614
70,18,0.000646606934,0.404211762
71,18,0.00057716573,0.360802157
72,18,0.000508688521,0.317995172
73,18,0.000442055386,0.276340968
74,18,0.000377754707,0.236144848
75,18,0.000315592935,0.197285816
76,18,0.000256090047,0.160088926
77,18,0.00019984208,0.124926775
78,18,0.000146557036,0.0916168302
79,18,9.70679343E-05,0.060679833
0,19,0.000100597866,0.0628864901
1,19,0.000150523122,0.0940961395
2,19,0.000204247394,0.127680658
3,19,0.000260941616,0.163121775
4,19,0.000320680227,0.200466022
5,19,0.000383317349,0.239622208
6,19,0.000447872125,0.279977172
7,19,0.000514995204,0.321937653
8,19,0.000583732548,0.364907256
9,19,0.000653658152,0.408619672
10,19,0.000725658222,0.453628894
11,19,0.000797754267,0.498698113
12,19,0.000870486845,0.544165246
13,19,0.000943893447,0.59005373
14,19,0.00101633057,0.635336166
15,19,0.00108735405,0.679734896
16,19,0.00115805722,0.723933387
17,19,0.00122630428,0.766596505
18,19,0.00129132635,0.807243586
19,19,0.00135241124,0.845429429
20,19,0.00140951953,0.881129387
21,19,0.00146145852,0.913597881
22,19,0.00150670438,0.941882309
23,19,0.00154422668,0.965338532
24,19,0.00157291397,0.983271743
25,19,0.00159158319,0.994942385
26,19,0.00159950916,0.999897128
27,19,0.00159504451,0.997106152
28,19,0.00157671489,0.985647804
29,19,0.00154333742,0.964782629
30,19,0.00149386261,0.933854569
31,19,0.00142748228,0.892358395
32,19,0.00134379938,0.84004592
33,19,0.00124304982,0.777064598
34,19,0.00112644635,0.704172567
35,19,0.000996771492,0.623109249
36,19,0.00085930419,0.537174661
37,19,0.000723621167,0.452355476
38,19,0.000606621977,0.379216067
39,19,0.000534925561,0.334396667
40,19,0.000534925668,0.334396734
41,19,0.000606621977,0.379216067
42,19,0.000723621167,0.452355476
43,19,0.00085930419,0.537174661
44,19,0.000996771037,0.623108965
45,19,0.00112644663,0.704172744
46,19,0.00124304982,0.777064598
47,19,0.00134379938,0.84004592
48,19,0.00142748228,0.892358395
49,19,0.0014938628,0.933854684
50,19,0.00154333765,0.964782775
51,19,0.00157671489,0.985647804
52,19,0.00159504451,0.997106152
53,19,0.00159950916,0.999897128
54,19,0.00159158878,0.994945881
55,19,0.00157291384,0.983271661
56,19,0.00154422668,0.965338532
57,19,0.00150670438,0.941882309
58,19,0.00146145852,0.913597881
59,19,0.00140951958,0.881129419
60,19,0.00135241161,0.845429659
61,19,0.00129132635,0.807243586
62,19,0.00122630428,0.766596505
63,19,0.00115805722,0.723933387
64,19,0.00108735405,0.679734895
65,19,0.00101633048,0.635336112
66,19,0.000943893447,0.59005373
67,19,0.000870486845,0.544165246
68,19,0.000797754267,0.498698113
69,19,0.000725658569,0.453629112
70,19,0.000653658047,0.408619607
71,19,0.000583732548,0.364907256
72,19,0.000514995204,0.321937653
73,19,0.000447872125,0.279977172
74,19,0.000383317321,0.23962219
75,19,0.000320680034,0.200465901
76,19,0.000260941616,0.163121775
77,19,0.000204247394,0.127680658
78,19,0.000150523122,0.0940961395
79,19,0.000100597866,0.0628864901
0,20,0.000102961836,0.0643642728
1,20,0.000153168302,0.0957497144
2,20,0.000207192006,0.129521416
3,20,0.000264191228,0.165153196
4,20,0.000324078742,0.202590527
5,20,0.000387037975,0.241948073
6,20,0.000451755965,0.282405067
7,20,0.000519206365,0.324570166
8,20,0.000588123276,0.367652021
9,20,0.00065837873,0.411570635
10,20,0.000730553391,0.456688999
11,20,0.000802813293,0.50186065
12,20,0.000875855868,0.54752157
13,20,0.000949411439,0.593503179
14,20,0.00102196909,0.638860963
15,20,0.00109309842,0.68332586
16,20,0.00116398369,0.72763819
17,20,0.001232238,0.770305833
18,20,0.00129720425,0.810918019
19,20,0.00135814045,0.849010914
20,20,0.00141513886,0.884642185
21,20,0.00146670502,0.916877611
22,20,0.00151141995,0.944830142
23,20,0.00154821495,0.967831709
24,20,0.00157592398,0.985153386
25,20,0.00159331749,0.996026543
26,20,0.00159967369,0.999999978
27,20,0.00159306338,0.995867696
28,20,0.00157198611,0.98269171
29,20,0.00153510905,0.959638848
30,20,0.00148116636,0.925917792
31,20,0.00140908725,0.880859161
32,20,0.00131809778,0.823979141
33,20,0.00120789603,0.755088999
34,20,0.00107894055,0.674475388
35,20,0.000932832034,0.583138937
36,20,0.000773055625,0.483258314
37,20,0.00060662186,0.379215994
38,20,0.000448854186,0.280591086
39,20,0.000337416538,0.210928349
40,20,0.000337416697,0.210928449
41,20,0.000448854186,0.280591086
42,20,0.00060662186,0.379215994
43,20,0.000773055625,0.483258314
44,20,0.000932831634,0.583138687
45,20,0.00107894109,0.674475721
46,20,0.00120789603,0.755088999
47,20,0.00131809778,0.823979141
48,20,0.00140908725,0.880859161
49,20,0.0014811661,0.925917629
50,20,0.00153510925,0.959638974
51,20,0.00157198611,0.98269171
52,20,0.00159306338,0.995867696
53,20,0.00159967369,0.999999978
54,20,0.00159331735,0.99602646
55,20,0.00157592319,0.98515289
56,20,0.00154821495,0.967831709
57,20,0.00151141995,0.944830142
58,20,0.00146670502,0.916877611
59,20,0.00141513932,0.884642476
60,20,0.00135814043,0.849010905
61,20,0.00129720425,0.810918019
62,20,0.001232238,0.770305833
63,20,0.00116398369,0.72763819
64,20,0.00109309867,0.683326018
65,20,0.00102196905,0.638860934
66,20,0.000949411439,0.593503179
67,20,0.000875855868,0.54752157
68,20,0.000802813293,0.50186065
69,20,0.00073055339,0.456688999
70,20,0.000658378754,0.41157065
71,20,0.000588123276,0.367652021
72,20,0.000519206365,0.324570166
73,20,0.000451755965,0.282405067
74,20,0.000387037975,0.241948073
75,20,0.000324078742,0.202590527
76,20,0.000264191228,0.165153196
77,20,0.000207192006,0.129521416
78,20,0.000153168302,0.0957497144
79,20,0.000102961836,0.0643642728
0,21,0.000104141937,0.0651019867
1,21,0.000154498272,0.0965811149
2,21,0.000208663506,0.130441291
3,21,0.000265818257,0.166170297
4,21,0.000325785719,0.203657605
5,21,0.000388900799,0.243112576
6,21,0.000453703919,0.283622787
7,21,0.000521317798,0.32589008
8,21,0.000590321472,0.369026173
9,21,0.00066074502,0.413049868
10,21,0.000733003717,0.458220765
11,21,0.000805349863,0.503446329
12,21,0.000878546442,0.549203522
13,21,0.000952172872,0.595229427
14,21,0.00102478869,0.640623567
15,21,0.00109604088,0.685165274
16,21,0.00116695437,0.729495244
17,21,0.00123520394,0.772159924
18,21,0.00130013457,0.812749846
19,21,0.00136100319,0.850800492
20,21,0.00141793674,0.88639122
21,21,0.00146930969,0.918505862
22,21,0.0015137498,0.946286593
23,21,0.00155016346,0.969049773
24,21,0.00157737587,0.986061002
25,21,0.00159410352,0.996517912
26,21,0.00159965039,0.999985415
27,21,0.00159192263,0.99515458
28,21,0.00156941527,0.981084609
29,21,0.00153070497,0.95688574
30,21,0.00147441451,0.921697025
31,21,0.00139930871,0.874746327
32,21,0.0013043888,0.815409282
33,21,0.00118902417,0.743291682
34,21,0.00105314185,0.658347912
35,21,0.000897428385,0.561007143
36,21,0.00072362098,0.452355358
37,21,0.000534925561,0.334396667
38,21,0.000337416791,0.210928508
39,21,0.000152200758,0.0951448763
40,21,0.000152201136,0.0951451125
41,21,0.000337416791,0.210928508
42,21,0.000534925561,0.334396667
43,21,0.00072362098,0.452355358
44,21,0.000897427964,0.56100688
45,21,0.00105314207,0.658348049
46,21,0.00118902417,0.743291682
47,21,0.0013043888,0.815409282
48,21,0.00139930871,0.874746327
49,21,0.00147441437,0.921696939
50,21,0.00153070521,0.956885888
51,21,0.00156941527,0.981084609
52,21,0.00159192263,0.99515458
53,21,0.00159965039,0.999985415
54,21,0.00159410334,0.996517802
55,21,0.00157737048,0.986057634
56,21,0.00155016346,0.969049773
57,21,0.0015137498,0.946286593
58,21,0.00146930969,0.918505862
59,21,0.00141793677,0.886391236
60,21,0.00136100298,0.850800361
61,21,0.00130013457,0.812749846
62,21,0.00123520394,0.772159924
63,21,0.00116695437,0.729495244
64,21,0.00109604106,0.685165384
65,21,0.00102478871,0.640623581
66,21,0.000952172872,0.595229427
67,21,0.000878546442,0.549203522
68,21,0.000805349863,0.503446329
69,21,0.000733004076,0.45822099
70,21,0.000660745028,0.413049873
71,21,0.000590321472,0.369026173
72,21,0.000521317798,0.32589008
73,21,0.000453703919,0.283622787
74,21,0.000388900799,0.243112576
75,21,0.000325785597,0.203657529
76,21,0.000265818257,0.166170297
77,21,0.000208663506,0.130441291
78,21,0.000154498272,0.0965811149
79,21,0.000104141937,0.0651019867
0,22,0.000104141937,0.0651019867
1,22,0.000154498272,0.0965811149
2,22,0.000208663506,0.130441291
3,22,0.000265818257,0.166170297
4,22,0.000325785719,0.203657605
5,22,0.000388900799,0.243112576
6,22,0.000453703919,0.283622787
7,22,0.000521317798,0.32589008
8,22,0.000590321472,0.369026173
9,22,0.00066074502,0.413049868
10,22,0.000733003717,0.458220765
11,22,0.000805349863,0.503446329
12,22,0.000878546442,0.549203522
13,22,0.000952172872,0.595229427
14,22,0.00102478869,0.640623567
15,22,0.00109604088,0.685165274
16,22,0.00116695437,0.729495244
17,22,0.00123520394,0.772159924
18,22,0.00130013457,0.812749846
19,22,0.00136100319,0.850800492
20,22,0.00141793674,0.88639122
21,22,0.00146930969,0.918505862
22,22,0.0015137498,0.946286593
23,22,0.00155016346,0.969049773
24,22,0.00157737587,0.986061002
25,22,0.00159410352,0.996517912
26,22,0.00159965039,0.999985415
27,22,0.00159192263,0.99515458
28,22,0.00156941527,0.981084609
29,22,0.00153070497,0.95688574
30,22,0.00147441451,0.921697025
31,22,0.00139930871,0.874746327
32,22,0.0013043888,0.815409282
33,22,0.00118902417,0.743291682
34,22,0.00105314185,0.658347912
35,22,0.000897428385,0.561007143
36,22,0.00072362098,0.452355358
37,22,0.000534925561,0.334396667
38,22,0.000337416791,0.210928508
39,22,0.000152200758,0.0951448763
40,22,0.000152201136,0.0951451125
41,22,0.000337416791,0.210928508
42,22,0.000534925561,0.334396667
43,22,0.00072362098,0.452355358
44,22,0.000897427964,0.56100688
45,22,0.00105314207,0.658348049
46,22,0.00118902417,0.743291682
47,22,0.0013043888,0.815409282
48,22,0.00139930871,0.874746327
49,22,0.00147441437,0.921696939
50,22,0.00153070521,0.956885888
51,22,0.00156941527,0.981084609
52,22,0.00159192263,0.99515458
53,22,0.00159965039,0.999985415
54,22,0.00159410334,0.996517802
55,22,0.00157737048,0.986057634
56,22,0.00155016346,0.969049773
57,22,0.0015137498,0.946286593
58,22,0.00146930969,0.918505862
59,22,0.00141793677,0.886391236
60,22,0.00136100298,0.850800361
61,22,0.00130013457,0.812749846
62,22,0.00123520394,0.772159924
63,22,0.00116695437,0.729495244
64,22,0.00109604106,0.685165384
65,22,0.00102478871,0.640623581
66,22,0.000952172872,0.595229427
67,22,0.000878546442,0.549203522
68,22,0.000805349863,0.503446329
69,22,0.000733004076,0.45822099
70,22,0.000660745028,0.413049873
71,22,0.000590321472,0.369026173
72,22,0.000521317798,0.32589008
73,22,0.000453703919,0.283622787
74,22,0.000388900799,0.243112576
75,22,0.000325785597,0.203657529
76,22,0.000265818257,0.166170297
77,22,0.000208663506,0.130441291
78,22,0.000154498272,0.0965811149
79,22,0.000104141937,0.0651019867
0,23,0.000102961836,0.0643642728
1,23,0.000153168302,0.0957497144
2,23,0.000207192006,0.129521416
3,23,0.000264191228,0.165153196
4,23,0.000324078742,0.202590527
5,23,0.000387037975,0.241948073
6,23,0.000451755965,0.282405067
7,23,0.000519206365,0.324570166
8,23,0.000588123251,0.367652005
9,23,0.00065837873,0.411570635
10,23,0.00073055338,0.456688993
11,23,0.000802813293,0.50186065
12,23,0.000875855817,0.547521538
13,23,0.000949411439,0.593503179
14,23,0.0010219691,0.638860968
15,23,0.00109309843,0.683325864
16,23,0.00116398369,0.72763819
17,23,0.00123223795,0.770305805
18,23,0.00129720425,0.810918019
19,23,0.00135814043,0.849010901
20,23,0.00141513886,0.884642189
21,23,0.00146670502,0.916877613
22,23,0.00151141998,0.944830158
23,23,0.00154821495,0.967831709
24,23,0.00157592398,0.985153386
25,23,0.00159331744,0.996026512
26,23,0.0015996737,0.999999987
27,23,0.00159306339,0.995867701
28,23,0.00157198613,0.982691725
29,23,0.00153510905,0.959638848
30,23,0.00148116637,0.925917801
31,23,0.0014090873,0.880859192
32,23,0.00131809781,0.82397916
33,23,0.00120789608,0.755089033
34,23,0.00107894058,0.674475404
35,23,0.000932832111,0.583138985
36,23,0.000773055713,0.483258369
37,23,0.000606621992,0.379216076
38,23,0.000448854385,0.28059121
39,23,0.000337416819,0.210928525
40,23,0.000337416978,0.210928625
41,23,0.000448854385,0.28059121
42,23,0.000606621992,0.379216076
43,23,0.000773055713,0.483258369
44,23,0.000932831704,0.583138731
45,23,0.00107894116,0.674475765
46,23,0.00120789608,0.755089033
47,23,0.00131809781,0.82397916
48,23,0.0014090873,0.880859192
49,23,0.00148116612,0.925917645
50,23,0.00153510925,0.959638974
51,23,0.00157198613,0.982691725
52,23,0.00159306339,0.995867701
53,23,0.0015996737,0.999999987
54,23,0.00159331736,0.996026464
55,23,0.0015759232,0.985152895
56,23,0.00154821495,0.967831709
57,23,0.00151141998,0.944830158
58,23,0.00146670502,0.916877613
59,23,0.00141513934,0.884642487
60,23,0.00135814042,0.849010893
61,23,0.00129720425,0.810918019
62,23,0.00123223795,0.770305805
63,23,0.00116398369,0.72763819
64,23,0.00109309862,0.683325981
65,23,0.00102196911,0.63886097
66,23,0.000949411439,0.593503179
67,23,0.000875855817,0.547521538
68,23,0.000802813293,0.50186065
69,23,0.00073055338,0.456688992
70,23,0.000658378739,0.411570641
71,23,0.000588123251,0.367652005
72,23,0.000519206365,0.324570166
73,23,0.000451755965,0.282405067
74,23,0.000387037975,0.241948073
75,23,0.000324078742,0.202590527
76,23,0.000264191228,0.165153196
77,23,0.000207192006,0.129521416
78,23,0.000153168302,0.0957497144
79,23,0.000102961836,0.0643642728
0,24,0.000100597866,0.0628864901
1,24,0.000150523122,0.0940961395
2,24,0.000204247394,0.127680658
3,24,0.000260941616,0.163121775
4,24,0.000320680227,0.200466022
5,24,0.000383317349,0.239622208
6,24,0.000447872125,0.279977172
7,24,0.000514995204,0.321937653
8,24,0.000583732548,0.364907256
9,24,0.000653658152,0.408619672
10,24,0.000725658222,0.453628894
11,24,0.000797754267,0.498698113
12,24,0.000870486845,0.544165246
13,24,0.000943893447,0.59005373
14,24,0.00101633057,0.635336166
15,24,0.00108735405,0.679734896
16,24,0.00115805722,0.723933387
17,24,0.00122630428,0.766596505
18,24,0.00129132635,0.807243586
19,24,0.00135241124,0.845429429
20,24,0.00140951953,0.881129387
21,24,0.00146145852,0.913597881
22,24,0.00150670438,0.941882309
23,24,0.00154422668,0.965338532
24,24,0.00157291397,0.983271743
25,24,0.00159158319,0.994942385
26,24,0.00159950916,0.999897128
27,24,0.00159504451,0.997106152
28,24,0.00157671489,0.985647804
29,24,0.00154333742,0.964782629
30,24,0.00149386261,0.933854569
31,24,0.00142748228,0.892358395
32,24,0.00134379938,0.84004592
33,24,0.00124304982,0.777064598
34,24,0.00112644635,0.704172567
35,24,0.000996771492,0.623109249
36,24,0.00085930419,0.537174661
37,24,0.000723621167,0.452355476
38,24,0.000606621977,0.379216067
39,24,0.000534925561,0.334396667
40,24,0.000534925668,0.334396734
41,24,0.000606621977,0.379216067
42,24,0.000723621167,0.452355476
43,24,0.00085930419,0.537174661
44,24,0.000996771037,0.623108965
45,24,0.00112644663,0.704172744
46,24,0.00124304982,0.777064598
47,24,0.00134379938,0.84004592
48,24,0.00142748228,0.892358395
49,24,0.0014938628,0.933854684
50,24,0.00154333765,0.964782775
51,24,0.00157671489,0.985647804
52,24,0.00159504451,0.997106152
53,24,0.00159950916,0.999897128
54,24,0.00159158878,0.994945881
55,24,0.00157291384,0.983271661
56,24,0.00154422668,0.965338532
57,24,0.00150670438,0.941882309
58,24,0.00146145852,0.913597881
59,24,0.00140951958,0.881129419
60,24,0.00135241161,0.845429659
61,24,0.00129132635,0.807243586
62,24,0.00122630428,0.766596505
63,24,0.00115805722,0.723933387
64,24,0.00108735405,0.679734895
65,24,0.00101633048,0.635336112
66,24,0.000943893447,0.59005373
67,24,0.000870486845,0.544165246
68,24,0.000797754267,0.498698113
69,24,0.000725658569,0.453629112
70,24,0.000653658047,0.408619607
71,24,0.000583732548,0.364907256
72,24,0.000514995204,0.321937653
73,24,0.000447872125,0.279977172
74,24,0.000383317321,0.23962219
75,24,0.000320680034,0.200465901
76,24,0.000260941616,0.163121775
77,24,0.000204247394,0.127680658
78,24,0.000150523122,0.0940961395
79,24,0.000100597866,0.0628864901
0,25,9.70679343E-05,0.060679833
1,25,0.000146557036,0.0916168302
2,25,0.00019984208,0.124926775
3,25,0.000256090097,0.160088956
4,25,0.000315592933,0.197285815
5,25,0.000377754689,0.236144836
6,25,0.000442061445,0.276344756
7,25,0.000508688521,0.317995172
8,25,0.000577165726,0.360802155
9,25,0.000646607146,0.404211895
10,25,0.000718342524,0.449055651
11,25,0.000790185473,0.493966652
12,25,0.000862451758,0.539142293
13,25,0.000935642292,0.584895707
14,25,0.00100789664,0.630063887
15,25,0.00107876939,0.674368388
16,25,0.00114917133,0.718378574
17,25,0.00121740734,0.761034778
18,25,0.00128250712,0.801730442
19,25,0.00134377477,0.840030532
20,25,0.00140102922,0.875821865
21,25,0.00145349919,0.908622284
22,25,0.00149950382,0.93738104
23,25,0.00153806102,0.961484207
24,25,0.00156813484,0.980284175
25,25,0.00158862628,0.99309394
26,25,0.00159874996,0.99942253
27,25,0.00159731785,0.998527282
28,25,0.00158283901,0.989476156
29,25,0.00155433714,0.971658855
30,25,0.00151101577,0.944577477
31,25,0.00145239328,0.907930947
32,25,0.00137848485,0.861728756
33,25,0.00129006429,0.806454634
34,25,0.00118902374,0.74329141
35,25,0.00107894078,0.674475528
36,25,0.00096585607,0.60378317
37,25,0.00085930419,0.537174661
38,25,0.000773055697,0.483258359
39,25,0.00072362098,0.452355358
40,25,0.000723621032,0.452355391
41,25,0.000773055697,0.483258359
42,25,0.00085930419,0.537174661
43,25,0.00096585607,0.60378317
44,25,0.00107894043,0.674475309
45,25,0.00118902409,0.743291634
46,25,0.00129006429,0.806454634
47,25,0.00137848485,0.861728756
48,25,0.00145239328,0.907930947
49,25,0.00151101561,0.944577376
50,25,0.00155433736,0.971658996
51,25,0.00158283901,0.989476156
52,25,0.00159731785,0.998527282
53,25,0.00159874996,0.99942253
54,25,0.00158862619,0.993093887
55,25,0.00156813483,0.980284169
56,25,0.00153806102,0.961484207
57,25,0.00149950382,0.93738104
58,25,0.00145349919,0.908622284
59,25,0.00140102919,0.875821843
60,25,0.00134377483,0.840030569
61,25,0.00128250712,0.801730442
62,25,0.00121740734,0.761034778
63,25,0.00114917133,0.718378574
64,25,0.00107876937,0.674368375
65,25,0.00100789636,0.630063711
66,25,0.000935642292,0.584895707
67,25,0.000862451758,0.539142293
68,25,0.000790185473,0.493966652
69,25,0.000718342524,0.449055651
70,25,0.000646606934,0.404211762
71,25,0.000577165726,0.360802155
72,25,0.000508688521,0.317995172
73,25,0.000442061445,0.276344756
74,25,0.000377754709,0.236144849
75,25,0.000315592935,0.197285816
76,25,0.000256090097,0.160088956
77,25,0.00019984208,0.124926775
78,25,0.000146557036,0.0916168302
79,25,9.70679343E-05,0.060679833
0,26,9.23796531E-05,0.0577490596
1,26,0.000141303561,0.0883327387
2,26,0.000193999353,0.121274327
3,26,0.000249646427,0.156060841
4,26,0.000308848612,0.193069754
5,26,0.000370376046,0.231532243
6,26,0.000434344205,0.271520497
7,26,0.000500326763,0.312768008
8,26,0.000568451681,0.355354766
9,26,0.000637239218,0.398355746
10,26,0.000708625647,0.442981364
11,26,0.000780129032,0.487680094
12,26,0.000851778546,0.532470175
13,26,0.000924675427,0.578040018
14,26,0.00099667405,0.623048336
15,26,0.00106735306,0.667231726
16,26,0.00113733539,0.710979605
17,26,0.00120552986,0.753609839
18,26,0.00127071306,0.794357653
19,26,0.0013322132,0.832803077
20,26,0.00138961475,0.868686362
21,26,0.00144272929,0.901889722
22,26,0.00148966985,0.931233554
23,26,0.00152951739,0.956143349
24,26,0.00156130458,0.976014398
25,26,0.00158404092,0.990227507
26,26,0.00159685507,0.998237984
27,26,0.00159912953,0.999659808
28,26,0.00158933572,0.993537429
29,26,0.00156670297,0.979389079
30,26,0.001530705,0.95688576
31,26,0.00148116631,0.925917762
32,26,0.00141847771,0.886729391
33,26,0.00134379945,0.840045962
34,26,0.00125943452,0.787307129
35,26,0.00116920791,0.730903991
36,26,0.00107894082,0.674475555
37,26,0.000996771525,0.62310927
38,26,0.000932832122,0.583138992
39,26,0.000897428425,0.561007168
40,26,0.000897428486,0.561007207
41,26,0.000932832122,0.583138992
42,26,0.000996771525,0.62310927
43,26,0.00107894082,0.674475555
44,26,0.00116920765,0.730903831
45,26,0.00125943487,0.787307344
46,26,0.00134379945,0.840045962
47,26,0.00141847771,0.886729391
48,26,0.00148116631,0.925917762
49,26,0.00153070482,0.956885643
50,26,0.00156670306,0.979389131
51,26,0.00158933572,0.993537429
52,26,0.00159912953,0.999659808
53,26,0.00159685507,0.998237984
54,26,0.00158404102,0.99022757
55,26,0.00156130462,0.97601442
56,26,0.00152951739,0.956143349
57,26,0.00148966985,0.931233554
58,26,0.00144272929,0.901889722
59,26,0.00138961471,0.868686339
60,26,0.00133221283,0.832802846
61,26,0.00127071306,0.794357653
62,26,0.00120552986,0.753609839
63,26,0.00113733539,0.710979605
64,26,0.00106735306,0.667231726
65,26,0.00099667405,0.623048336
66,26,0.000924675427,0.578040018
67,26,0.000851778546,0.532470175
68,26,0.000780129032,0.487680094
69,26,0.000708625647,0.442981364
70,26,0.000637239219,0.398355746
71,26,0.000568451681,0.355354766
72,26,0.000500326763,0.312768008
73,26,0.000434344205,0.271520497
74,26,0.000370376292,0.231532397
75,26,0.000308848611,0.193069753
76,26,0.000249646427,0.156060841
77,26,0.000193999353,0.121274327
78,26,0.000141303561,0.0883327387
79,26,9.23796531E-05,0.0577490596
0,27,8.65562469E-05,0.0541086883
1,27,0.000134769611,0.0842481873
2,27,0.000186739028,0.116735698
3,27,0.000241635165,0.151052781
4,27,0.000300457152,0.187824022
5,27,0.000361205594,0.225799542
6,27,0.000424759129,0.265528603
7,27,0.000489935577,0.306272192
8,27,0.000557622536,0.34858517
9,27,0.000625887915,0.391259734
10,27,0.000696549058,0.435431956
11,27,0.000767623985,0.479862846
12,27,0.000838565853,0.524210557
13,27,0.000911025278,0.569506935
14,27,0.000982703134,0.614314732
15,27,0.0010531152,0.658331252
16,27,0.00112256185,0.701744256
17,27,0.00119068869,0.744332216
18,27,0.00125593806,0.785121391
19,27,0.00131767665,0.823715883
20,27,0.00137522041,0.859688065
21,27,0.00142904989,0.893338357
22,27,0.00147704446,0.923341077
23,27,0.00151835339,0.949164427
24,27,0.00155209381,0.97025649
25,27,0.00157737592,0.986061034
26,27,0.00159331754,0.996026575
27,27,0.00159962813,0.999971502
28,27,0.00159504455,0.997106178
29,27,0.00157888441,0.987004029
30,27,0.001550843,0.969474574
31,27,0.00151101575,0.944577464
32,27,0.00146003705,0.912709278
33,27,0.00139930864,0.874746282
34,27,0.00133122323,0.832184222
35,27,0.00125943456,0.787307152
36,27,0.0011890238,0.743291451
37,27,0.00112644634,0.704172559
38,27,0.00107894068,0.674475469
39,27,0.00105314189,0.658347931
40,27,0.00105314194,0.658347963
41,27,0.00107894068,0.674475469
42,27,0.00112644634,0.704172559
43,27,0.0011890238,0.743291451
44,27,0.00125943445,0.787307083
45,27,0.00133122339,0.832184321
46,27,0.00139930864,0.874746282
47,27,0.00146003705,0.912709278
48,27,0.00151101575,0.944577464
49,27,0.00155084247,0.969474242
50,27,0.00157888449,0.987004079
51,27,0.00159504455,0.997106178
52,27,0.00159962813,0.999971502
53,27,0.00159331754,0.996026575
54,27,0.00157737585,0.986060986
55,27,0.00155209376,0.970256462
56,27,0.00151835339,0.949164427
57,27,0.00147704446,0.923341077
58,27,0.00142904989,0.893338357
59,27,0.00137522038,0.859688049
60,27,0.00131767653,0.823715807
61,27,0.00125593806,0.785121391
62,27,0.00119068869,0.744332216
63,27,0.00112256185,0.701744256
64,27,0.00105311548,0.658331424
65,27,0.000982702951,0.614314618
66,27,0.000911025278,0.569506935
67,27,0.000838565853,0.524210557
68,27,0.000767623985,0.479862846
69,27,0.00069654966,0.435432332
70,27,0.000625887287,0.391259342
71,27,0.000557622536,0.34858517
72,27,0.000489935577,0.306272192
73,27,0.000424759129,0.265528603
74,27,0.000361205822,0.225799685
75,27,0.000300457152,0.187824022
76,27,0.000241635165,0.151052781
77,27,0.000186739028,0.116735698
78,27,0.000134769611,0.0842481873
79,27,8.65562469E-05,0.0541086883
0,28,7.9609931E-05,0.0497663555
1,28,0.000126981724,0.0793797649
2,28,0.000178084547,0.111325544
3,28,0.000232519385,0.145354257
4,28,0.000290464895,0.181577587
5,28,0.0003502732,0.218965402
6,28,0.000413342104,0.258391507
7,28,0.000477547348,0.298527969
8,28,0.000544717473,0.34051786
9,28,0.000612464761,0.382868551
10,28,0.000682144986,0.426427575
11,28,0.000752719933,0.470545913
12,28,0.000823180066,0.514592479
13,28,0.000894740325,0.559326763
14,28,0.000966011753,0.603880491
15,28,0.00103609875,0.6476938
16,28,0.00110486564,0.690681874
17,28,0.00117288472,0.733202471
18,28,0.00123816854,0.774013177
19,28,0.00130013461,0.812749872
20,28,0.00135814043,0.849010901
21,28,0.00141233214,0.882887626
22,28,0.00146145856,0.913597905
23,28,0.00150431957,0.940391499
24,28,0.00154014083,0.962784355
25,28,0.00156813495,0.980284244
26,28,0.00158754475,0.992417843
27,28,0.00159792168,0.99890475
28,28,0.00159880075,0.999454284
29,28,0.00158933574,0.993537442
30,28,0.00156941508,0.981084491
31,28,0.00153931653,0.962269062
32,28,0.00149982132,0.937579517
33,28,0.00145239326,0.907930934
34,28,0.00139930872,0.874746331
35,28,0.00134379948,0.840045982
36,28,0.0012900641,0.80645452
37,28,0.00124304955,0.77706443
38,28,0.00120789591,0.755088922
39,28,0.00118902402,0.743291587
40,28,0.00118902406,0.74329161
41,28,0.00120789591,0.755088922
42,28,0.00124304955,0.77706443
43,28,0.0012900641,0.80645452
44,28,0.00134379935,0.840045896
45,28,0.0013993086,0.874746254
46,28,0.00145239326,0.907930934
47,28,0.00149982132,0.937579517
48,28,0.00153931653,0.962269062
49,28,0.00156941495,0.981084409
50,28,0.00158933572,0.993537429
51,28,0.00159880075,0.999454284
52,28,0.00159792168,0.99890475
53,28,0.00158754475,0.992417843
54,28,0.0015681348,0.980284155
55,28,0.00154014072,0.962784287
56,28,0.00150431957,0.940391499
57,28,0.00146145856,0.913597905
58,28,0.00141233214,0.882887626
59,28,0.0013581404,0.849010884
60,28,0.00130013448,0.81274979
61,28,0.00123816854,0.774013177
62,28,0.00117288472,0.733202471
63,28,0.00110486564,0.690681874
64,28,0.00103609927,0.647694126
65,28,0.000966011753,0.603880491
66,28,0.000894740325,0.559326763
67,28,0.000823180066,0.514592479
68,28,0.000752719933,0.470545913
69,28,0.000682144987,0.426427576
70,28,0.000612464906,0.382868642
71,28,0.000544717473,0.34051786
72,28,0.000477547348,0.298527969
73,28,0.000413342104,0.258391507
74,28,0.0003502732,0.218965402
75,28,0.000290464895,0.181577587
76,28,0.000232519385,0.145354257
77,28,0.000178084547,0.111325544
78,28,0.000126981724,0.0793797649
79,28,7.9609931E-05,0.0497663555
0,29,7.15730939E-05,0.0447423077
1,29,0.000117975918,0.0737499881
2,29,0.000168074759,0.10506815
3,29,0.000222024928,0.138793884
4,29,0.000278900972,0.174348661
5,29,0.00033777177,0.211150415
6,29,0.000400126411,0.250130015
7,29,0.000463478171,0.28973294
8,29,0.000529792504,0.331187852
9,29,0.000596931597,0.373158344
10,29,0.000665476097,0.416007394
11,29,0.000735460796,0.459756753
12,29,0.00080534917,0.503445896
13,29,0.000875855297,0.547521213
14,29,0.000946651495,0.591777862
15,29,0.00101633036,0.635336036
16,29,0.00108449017,0.677944605
17,29,0.00115213355,0.720230341
18,29,0.00121740724,0.761034715
19,29,0.00127955947,0.799887782
20,29,0.00133800246,0.836422105
21,29,0.0013924779,0.870476201
22,29,0.00144272918,0.901889656
23,29,0.00148717482,0.929673844
24,29,0.00152511408,0.95339072
25,29,0.00155586706,0.972615255
26,29,0.00157878826,0.986943923
27,29,0.00159331758,0.9960266
28,29,0.00159950922,0.999897164
29,29,0.00159664798,0.998108528
30,29,0.00158463579,0.990599374
31,29,0.00156384214,0.977600692
32,29,0.00153510897,0.959638801
33,29,0.00149982149,0.937579625
34,29,0.00146003706,0.912709286
35,29,0.00141847779,0.886729444
36,29,0.00137848495,0.861728819
37,29,0.00134379945,0.840045962
38,29,0.00131809781,0.823979157
39,29,0.00130438893,0.815409365
40,29,0.00130438894,0.815409369
41,29,0.00131809781,0.823979157
42,29,0.00134379945,0.840045962
43,29,0.00137848495,0.861728819
44,29,0.00141847758,0.886729315
45,29,0.0014600373,0.912709435
46,29,0.00149982149,0.937579625
47,29,0.00153510897,0.959638801
48,29,0.00156384214,0.977600692
49,29,0.00158463566,0.990599297
50,29,0.00159664807,0.998108583
51,29,0.00159950922,0.999897164
52,29,0.00159331758,0.9960266
53,29,0.00157878826,0.986943923
54,29,0.00155586716,0.972615312
55,29,0.001525114,0.953390666
56,29,0.00148717482,0.929673844
57,29,0.00144272918,0.901889656
58,29,0.0013924779,0.870476201
59,29,0.00133800242,0.83642208
60,29,0.00127955954,0.799887828
61,29,0.00121740724,0.761034715
62,29,0.00115213355,0.720230341
63,29,0.00108449017,0.677944605
64,29,0.00101633054,0.63533615
65,29,0.00094665141,0.591777809
66,29,0.000875855297,0.547521213
67,29,0.00080534917,0.503445896
68,29,0.000735460796,0.459756753
69,29,0.000665476097,0.416007394
70,29,0.00059693161,0.373158352
71,29,0.000529792504,0.331187852
72,29,0.000463478171,0.28973294
73,29,0.000400126411,0.250130015
74,29,0.000337772145,0.211150649
75,29,0.000278900876,0.174348601
76,29,0.000222024928,0.138793884
77,29,0.000168074759,0.10506815
78,29,0.000117975918,0.0737499881
79,29,7.15730939E-05,0.0447423077
0,30,6.26130884E-05,0.0391411621
1,30,0.000107773317,0.0673720618
2,30,0.000157155631,0.0982423032
3,30,0.000210141884,0.131365466
4,30,0.000265818538,0.166170473
5,30,0.000324078272,0.202590233
6,30,0.000385176578,0.240784463
7,30,0.00044787235,0.279977313
8,30,0.000512889618,0.320621394
9,30,0.000579349292,0.362167162
10,30,0.000646607297,0.404211989
11,30,0.000715909016,0.447534398
12,30,0.000785147676,0.490817387
13,30,0.000854442717,0.534135621
14,30,0.000924675302,0.57803994
15,30,0.000993872688,0.621297127
16,30,0.00106165232,0.663668035
17,30,0.00112846316,0.705433332
18,30,0.00119365869,0.746188845
19,30,0.00125593827,0.785121521
20,30,0.00131475714,0.821890819
21,30,0.00136955109,0.85614402
22,30,0.00142072887,0.888136654
23,30,0.00146670515,0.916877691
24,30,0.00150670447,0.941882363
25,30,0.00154014081,0.96278434
26,30,0.00156647624,0.979247343
27,30,0.00158525594,0.990987046
28,30,0.00159623384,0.997849636
29,30,0.00159965022,0.999985308
30,30,0.00159504467,0.99710625
31,30,0.00158283884,0.989476052
32,30,0.00156384212,0.977600683
33,30,0.00153931589,0.962268661
34,30,0.00151101578,0.944577483
35,30,0.00148116639,0.92591781
36,30,0.00145239314,0.907930863
37,30,0.00142748242,0.892358484
38,30,0.00140908737,0.880859232
39,30,0.00139930874,0.874746342
40,30,0.00139930878,0.874746369
41,30,0.00140908737,0.880859232
42,30,0.00142748242,0.892358484
43,30,0.00145239314,0.907930863
44,30,0.00148116625,0.925917725
45,30,0.00151101591,0.944577568
46,30,0.00153931589,0.962268661
47,30,0.00156384212,0.977600683
48,30,0.00158283884,0.989476052
49,30,0.0015950444,0.997106083
50,30,0.00159965025,0.999985326
51,30,0.00159623384,0.997849636
52,30,0.00158525594,0.990987046
53,30,0.00156647624,0.979247343
54,30,0.00154014077,0.962784316
55,30,0.00150670445,0.941882355
56,30,0.00146670515,0.916877691
57,30,0.00142072887,0.888136654
58,30,0.00136955109,0.85614402
59,30,0.00131475675,0.82189057
60,30,0.00125593817,0.785121462
61,30,0.00119365869,0.746188845
62,30,0.00112846316,0.705433332
63,30,0.00106165232,0.663668035
64,30,0.000993873119,0.621297397
65,30,0.000924675304,0.578039941
66,30,0.000854442717,0.534135621
67,30,0.000785147676,0.490817387
68,30,0.000715909016,0.447534398
69,30,0.000646606883,0.40421173
70,30,0.000579349225,0.36216712
71,30,0.000512889618,0.320621394
72,30,0.00044787235,0.279977313
73,30,0.000385176578,0.240784463
74,30,0.000324084489,0.20259412
75,30,0.000265818539,0.166170473
76,30,0.000210141884,0.131365466
77,30,0.000157155631,0.0982423032
78,30,0.000107773317,0.0673720618
79,30,6.26130884E-05,0.0391411621
0,31,5.32151797E-05,0.0332662711
1,31,9.70680703E-05,0.060679918
2,31,0.000145245614,0.0907970247
3,31,0.000196921712,0.123101173
4,31,0.000251254801,0.15706628
5,31,0.000308848705,0.193069812
6,31,0.000368535653,0.230381764
7,31,0.000430501902,0.269118568
8,31,0.00049408062,0.308863372
9,31,0.000559783524,0.349936063
10,31,0.000625887292,0.391259344
11,31,0.000694138452,0.43392502
12,31,0.000762647664,0.476752011
13,31,0.000830859356,0.519393014
14,31,0.00090015951,0.562714445
15,31,0.000968785356,0.605614347
16,31,0.00103609917,0.647694059
17,31,0.00110192463,0.688843368
18,31,0.00116695429,0.729495191
19,31,0.00122927563,0.768453976
20,31,0.00128839064,0.80540839
21,31,0.00134377488,0.8400306
22,31,0.00139533345,0.872261279
23,31,0.00144272937,0.901889774
24,31,0.00148466837,0.928106994
25,31,0.00152062555,0.950584818
26,31,0.00155016898,0.969053228
27,31,0.00157291398,0.98327175
28,31,0.00158862615,0.993093859
29,31,0.0015974164,0.998588885
30,31,0.00159955199,0.999923903
31,31,0.00159504451,0.997106153
32,31,0.00158463566,0.990599295
33,31,0.00156941502,0.981084454
34,31,0.00155084289,0.969474504
35,31,0.00153070481,0.956885638
36,31,0.00151101561,0.944577376
37,31,0.0014938628,0.933854684
38,31,0.00148116612,0.925917645
39,31,0.00147441437,0.921696939
40,31,0.00147441439,0.92169695
41,31,0.00148116612,0.925917645
42,31,0.0014938628,0.933854684
43,31,0.00151101561,0.944577376
44,31,0.00153070469,0.956885566
45,31,0.00155084298,0.969474559
46,31,0.00156941502,0.981084454
47,31,0.00158463566,0.990599295
48,31,0.00159504451,0.997106153
49,31,0.00159955197,0.99992389
50,31,0.00159741635,0.998588858
51,31,0.00158862615,0.993093859
52,31,0.00157291398,0.98327175
53,31,0.00155016898,0.969053228
54,31,0.00152062569,0.950584901
55,31,0.00148466268,0.928103437
56,31,0.00144272937,0.901889774
57,31,0.00139533345,0.872261279
58,31,0.00134377488,0.8400306
59,31,0.00128839081,0.805408498
60,31,0.00122927546,0.768453866
61,31,0.00116695429,0.729495191
62,31,0.00110192463,0.688843368
63,31,0.00103609917,0.647694059
64,31,0.000968785763,0.605614601
65,31,0.000900159506,0.562714442
66,31,0.000830859356,0.519393014
67,31,0.000762647664,0.476752011
68,31,0.000694138452,0.43392502
69,31,0.00062588729,0.391259343
70,31,0.000559783503,0.34993605
71,31,0.00049408062,0.308863372
72,31,0.000430501902,0.269118568
73,31,0.000368535653,0.230381764
74,31,0.000308848683,0.193069798
75,31,0.000251254801,0.15706628
76,31,0.000196921712,0.123101173
77,31,0.000145245614,0.0907970247
78,31,9.70680703E-05,0.060679918
79,31,5.32151797E-05,0.0332662711
0,32,4.29008537E-05,0.0268185025
1,32,8.53948052E-05,0.0533826392
2,32,0.000132166135,0.0826206825
3,32,0.000182406077,0.114027051
4,32,0.000235540763,0.147243003
5,32,0.00029212509,0.182615421
6,32,0.000350273194,0.218965398
7,32,0.00041144687,0.257206744
8,32,0.000473442138,0.29596169
9,32,0.000538307073,0.336510543
10,32,0.00060357618,0.377312055
11,32,0.000670227112,0.418977385
12,32,0.000737914587,0.461290685
13,32,0.000805349036,0.503445812
14,32,0.000873167363,0.545840912
15,32,0.000941141629,0.588333493
16,32,0.0010078965,0.6300638
17,32,0.00107306217,0.670800651
18,32,0.00113733536,0.710979584
19,32,0.00119959494,0.749899757
20,32,0.00125889457,0.786969588
21,32,0.00131475708,0.82189078
22,32,0.00136670328,0.854363776
23,32,0.00141513882,0.88464216
24,32,0.00145881731,0.911946789
25,32,0.00149706796,0.935858316
26,32,0.0015295174,0.956143357
27,32,0.00155586706,0.972615249
28,32,0.00157592367,0.98515319
29,32,0.00158966064,0.993740547
30,32,0.00159741639,0.998588878
31,32,0.00159965022,0.999985309
32,32,0.00159664798,0.998108525
33,32,0.00158933574,0.993537445
34,32,0.00157888434,0.987003984
35,32,0.00156670296,0.979389072
36,32,0.00155433714,0.971658855
37,32,0.00154333742,0.964782629
38,32,0.00153510905,0.959638848
39,32,0.00153070497,0.95688574
40,32,0.00153070498,0.956885747
41,32,0.00153510905,0.959638848
42,32,0.00154333742,0.964782629
43,32,0.00155433714,0.971658855
44,32,0.00156670294,0.979389057
45,32,0.00157888447,0.987004065
46,32,0.00158933574,0.993537445
47,32,0.00159664798,0.998108525
48,32,0.00159965022,0.999985309
49,32,0.0015974164,0.998588885
50,32,0.00158966073,0.993740601
51,32,0.00157592367,0.98515319
52,32,0.00155586706,0.972615249
53,32,0.0015295174,0.956143357
54,32,0.001497068,0.935858343
55,32,0.00145881734,0.911946806
56,32,0.00141513882,0.88464216
57,32,0.00136670328,0.854363776
58,32,0.00131475708,0.82189078
59,32,0.00125889476,0.786969705
60,32,0.00119959492,0.749899748
61,32,0.00113733536,0.710979584
62,32,0.00107306217,0.670800651
63,32,0.0010078965,0.6300638
64,32,0.000941141596,0.588333473
65,32,0.000873167375,0.545840919
66,32,0.000805349036,0.503445812
67,32,0.000737914587,0.461290685
68,32,0.000670227112,0.418977385
69,32,0.000603576801,0.377312443
70,32,0.000538306963,0.336510474
71,32,0.000473442138,0.29596169
72,32,0.00041144687,0.257206744
73,32,0.000350273194,0.218965398
74,32,0.000292125202,0.182615491
75,32,0.000235540757,0.147243
76,32,0.000182406077,0.114027051
77,32,0.000132166135,0.0826206825
78,32,8.53948052E-05,0.0533826392
79,32,4.29008537E-05,0.0268185025
0,33,3.19129808E-05,0.0199496812
1,33,7.27178486E-05,0.0454579253
2,33,0.000117976703,0.0737504789
3,33,0.000166648894,0.104176803
4,33,0.000219043958,0.136930397
5,33,0.000273979919,0.171272376
6,33,0.000330910622,0.206861323
7,33,0.000390764912,0.244277884
8,33,0.000451756129,0.28240517
9,33,0.000514995018,0.321937537
10,33,0.000579348578,0.362166716
11,33,0.000644258142,0.402743468
12,33,0.000711054281,0.44449957
13,33,0.000777622271,0.486113049
14,33,0.000843799709,0.527482385
15,33,0.000911025476,0.569507058
16,33,0.000977128863,0.610830102
17,33,0.00104176341,0.651234934
18,33,0.00110486578,0.690681956
19,33,0.00116695434,0.729495224
20,33,0.00122630415,0.766596419
21,33,0.00128250713,0.801730451
22,33,0.00133510732,0.834612271
23,33,0.00138386827,0.865094085
24,33,0.00142904974,0.893338262
25,33,0.00146930974,0.918505895
26,33,0.00150431953,0.940391472
27,33,0.00153383578,0.958842895
28,33,0.00155770685,0.973765356
29,33,0.00157592367,0.98515319
30,33,0.00158862613,0.993093844
31,33,0.00159623376,0.997849584
32,33,0.00159950939,0.999897273
33,33,0.00159880061,0.999454195
34,33,0.00159504455,0.997106175
35,33,0.00158933569,0.993537409
36,33,0.00158283888,0.989476077
37,33,0.00157671484,0.985647775
38,33,0.00157198618,0.982691758
39,33,0.00156941519,0.981084558
40,33,0.00156941522,0.981084577
41,33,0.00157198618,0.982691758
42,33,0.00157671484,0.985647775
43,33,0.00158283888,0.989476077
44,33,0.00158933566,0.993537393
45,33,0.00159504465,0.99710624
46,33,0.00159880061,0.999454195
47,33,0.00159950939,0.999897273
48,33,0.00159623376,0.997849584
49,33,0.0015886261,0.993093827
50,33,0.00157592328,0.985152949
51,33,0.00155770685,0.973765356
52,33,0.00153383578,0.958842895
53,33,0.00150431953,0.940391472
54,33,0.00146930974,0.91850589
55,33,0.00142904971,0.893338243
56,33,0.00138386827,0.865094085
57,33,0.00133510732,0.834612271
58,33,0.00128250713,0.801730451
59,33,0.00122630425,0.766596482
60,33,0.00116695399,0.729495004
61,33,0.00110486578,0.690681956
62,33,0.00104176341,0.651234934
63,33,0.000977128863,0.610830102
64,33,0.000911025481,0.569507062
65,33,0.00084379971,0.527482385
66,33,0.000777622271,0.486113049
67,33,0.000711054281,0.44449957
68,33,0.000644258142,0.402743468
69,33,0.000579349052,0.362167012
70,33,0.000514995018,0.321937537
71,33,0.000451756129,0.28240517
72,33,0.000390764912,0.244277884
73,33,0.000330910622,0.206861323
74,33,0.000273980026,0.171272443
75,33,0.000219043958,0.136930397
76,33,0.000166648894,0.104176803
77,33,0.000117976703,0.0737504789
78,33,7.27178486E-05,0.0454579253
79,33,3.19129808E-05,0.0199496812
0,34,2.0921578E-05,0.0130786533
1,34,5.94677456E-05,0.0371749218
2,34,0.000102961516,0.0643640731
3,34,0.000150523067,0.0940961052
4,34,0.000201307629,0.125842931
5,34,0.000254476823,0.159080455
6,34,0.000310530961,0.194121436
7,34,0.000368535415,0.230381615
8,34,0.00042858609,0.267920941
9,34,0.00048993573,0.306272288
10,34,0.00055331135,0.345890129
11,34,0.000616926032,0.385657415
12,34,0.00068214492,0.426427534
13,34,0.000747775831,0.467455219
14,34,0.000812971847,0.508211041
15,34,0.000878546305,0.549203436
16,34,0.000943893338,0.590053663
17,34,0.00100789658,0.630063848
18,34,0.0010702043,0.669014113
19,34,0.00113141865,0.707280889
20,34,0.00119068869,0.744332219
21,34,0.00124705683,0.779569492
22,34,0.0013001346,0.812749866
23,34,0.00134953514,0.843631501
24,34,0.00139533345,0.87226128
25,34,0.00143728824,0.89848837
26,34,0.00147448004,0.921737988
27,34,0.00150670443,0.941882343
28,34,0.00153383583,0.958842925
29,34,0.00155586714,0.972615302
30,34,0.00157291391,0.983271707
31,34,0.00158525601,0.990987095
32,34,0.00159331742,0.996026501
33,34,0.00159792193,0.99890491
34,34,0.00159962815,0.999971512
35,34,0.00159912954,0.999659819
36,34,0.00159731794,0.998527334
37,34,0.00159504465,0.99710624
38,34,0.00159306347,0.99586775
39,34,0.00159192276,0.99515466
40,34,0.00159192272,0.995154637
41,34,0.00159306347,0.99586775
42,34,0.00159504465,0.99710624
43,34,0.00159731794,0.998527334
44,34,0.00159912957,0.999659834
45,34,0.00159962819,0.999971535
46,34,0.00159792193,0.99890491
47,34,0.00159331742,0.996026501
48,34,0.00158525601,0.990987095
49,34,0.00157291388,0.983271689
50,34,0.00155586704,0.972615241
51,34,0.00153383583,0.958842925
52,34,0.00150670443,0.941882343
53,34,0.00147448004,0.921737988
54,34,0.00143728827,0.898488391
55,34,0.00139533346,0.872261285
56,34,0.00134953514,0.843631501
57,34,0.0013001346,0.812749866
58,34,0.00124705683,0.779569492
59,34,0.00119068857,0.744332144
60,34,0.00113141861,0.707280863
61,34,0.0010702043,0.669014113
62,34,0.00100789658,0.630063848
63,34,0.000943893338,0.590053663
64,34,0.000878546351,0.549203465
65,34,0.000812971885,0.508211064
66,34,0.000747775831,0.467455219
67,34,0.00068214492,0.426427534
68,34,0.000616926032,0.385657415
69,34,0.00055331135,0.345890129
70,34,0.000489935729,0.306272287
71,34,0.00042858609,0.267920941
72,34,0.000368535415,0.230381615
73,34,0.000310530961,0.194121436
74,34,0.000254477391,0.15908081
75,34,0.000201307629,0.125842931
76,34,0.000150523067,0.0940961052
77,34,0.000102961516,0.0643640731
78,34,5.94677456E-05,0.0371749218
79,34,2.0921578E-05,0.0130786533
0,35,1.10847045E-05,0.00692935337
1,35,4.59810947E-05,0.0287440458
2,35,8.77180405E-05,0.0548349575
3,35,0.000133467442,0.0834341657
4,35,0.000182406154,0.114027099
5,35,0.000234029624,0.146298349
6,35,0.000288805153,0.180540037
7,35,0.000344842514,0.215570531
8,35,0.000403893586,0.252484979
9,35,0.000463477906,0.289732774
10,35,0.000525545177,0.328532731
11,35,0.000588123374,0.367652082
12,35,0.000651304355,0.407148249
13,35,0.000715909022,0.447534402
14,35,0.00078012914,0.487680162
15,35,0.000843799655,0.527482351
16,35,0.000908307213,0.567807798
17,35,0.000971565514,0.6073523
18,35,0.00103326479,0.645922214
19,35,0.00109309854,0.683325933
20,35,0.00115213375,0.720230468
21,35,0.00120849756,0.755465034
22,35,0.00126184815,0.788815952
23,35,0.00131183834,0.820066195
24,35,0.00135814042,0.849010896
25,35,0.00140102909,0.87582178
26,35,0.00144001575,0.900193417
27,35,0.00147448005,0.921737995
28,35,0.00150431955,0.940391487
29,35,0.00152951745,0.956143385
30,35,0.00155016353,0.969049816
31,35,0.00156647627,0.979247361
32,35,0.00157878782,0.986943651
33,35,0.00158754473,0.992417835
34,35,0.00159331758,0.996026601
35,35,0.00159685505,0.998237973
36,35,0.00159874991,0.9994225
37,35,0.00159950921,0.999897157
38,35,0.00159967372,1
39,35,0.00159965026,0.999985331
40,35,0.00159965026,0.999985335
41,35,0.00159967372,1
42,35,0.00159950921,0.999897157
43,35,0.00159874991,0.9994225
44,35,0.00159685505,0.99823797
45,35,0.00159331756,0.996026588
46,35,0.00158754473,0.992417835
47,35,0.00157878782,0.986943651
48,35,0.00156647627,0.979247361
49,35,0.00155016896,0.969053215
50,35,0.00152951736,0.956143333
51,35,0.00150431955,0.940391487
52,35,0.00147448005,0.921737995
53,35,0.00144001575,0.900193417
54,35,0.00140102927,0.875821897
55,35,0.00135814024,0.849010785
56,35,0.00131183834,0.820066195
57,35,0.00126184815,0.788815952
58,35,0.00120849756,0.755465034
59,35,0.00115213372,0.72023045
60,35,0.00109309851,0.683325916
61,35,0.00103326479,0.645922214
62,35,0.000971565514,0.6073523
63,35,0.000908307213,0.567807798
64,35,0.000843799555,0.527482288
65,35,0.000780129013,0.487680083
66,35,0.000715909022,0.447534402
67,35,0.000651304355,0.407148249
68,35,0.000588123374,0.367652082
69,35,0.000525545177,0.328532731
70,35,0.00046347779,0.289732702
71,35,0.000403893586,0.252484979
72,35,0.000344842514,0.215570531
73,35,0.000288805153,0.180540037
74,35,0.000234029624,0.146298349
75,35,0.000182405895,0.114026937
76,35,0.000133467442,0.0834341657
77,35,8.77180405E-05,0.0548349575
78,35,4.59810947E-05,0.0287440458
79,35,1.10847045E-05,0.00692935337
0,36,3.3265527E-06,0.0020795195
1,36,3.19128415E-05,0.0199495941
2,36,7.15733472E-05,0.044742466
3,36,0.000115416455,0.0721499974
4,36,0.000162488957,0.101576312
5,36,0.000213102431,0.133216185
6,36,0.000265818676,0.166170559
7,36,0.000320680221,0.200466018
8,36,0.000377754885,0.236144959
9,36,0.000436271509,0.272725309
10,36,0.000496158845,0.310162528
11,36,0.000557622263,0.348584999
12,36,0.000619165479,0.387057354
13,36,0.000682144864,0.426427498
14,36,0.000745303379,0.465909622
15,36,0.000807886862,0.505032277
16,36,0.000870486853,0.544165251
17,36,0.000932899942,0.583181388
18,36,0.000993872818,0.621297208
19,36,0.00105311528,0.6583313
20,36,0.00111075872,0.694365795
21,36,0.00116695402,0.729495025
22,36,0.0012203735,0.762889009
23,36,0.00127071304,0.79435764
24,36,0.00131767654,0.823715811
25,36,0.00136100306,0.850800413
26,36,0.00140102924,0.875821879
27,36,0.00143728819,0.898488342
28,36,0.00146930972,0.918505882
29,36,0.00149706803,0.935858362
30,36,0.00152062558,0.950584832
31,36,0.00154014076,0.96278431
32,36,0.00155586715,0.972615307
33,36,0.00156813487,0.980284198
34,36,0.0015773759,0.986061016
35,36,0.00158404095,0.990227523
36,36,0.00158862613,0.993093844
37,36,0.00159158351,0.994942584
38,36,0.00159331749,0.996026542
39,36,0.0015941035,0.996517901
40,36,0.0015941035,0.996517901
41,36,0.00159331749,0.996026542
42,36,0.00159158351,0.994942584
43,36,0.00158862613,0.993093844
44,36,0.001584041,0.990227558
45,36,0.00157737594,0.986061043
46,36,0.00156813487,0.980284198
47,36,0.00155586715,0.972615307
48,36,0.00154014076,0.96278431
49,36,0.00152062577,0.950584952
50,36,0.00149706804,0.935858369
51,36,0.00146930972,0.918505882
52,36,0.00143728819,0.898488342
53,36,0.00140102924,0.875821879
54,36,0.00136100321,0.850800503
55,36,0.00131767642,0.823715737
56,36,0.00127071304,0.79435764
57,36,0.0012203735,0.762889009
58,36,0.00116695402,0.729495025
59,36,0.00111075868,0.69436577
60,36,0.00105311524,0.658331276
61,36,0.000993872818,0.621297208
62,36,0.000932899942,0.583181388
63,36,0.000870486853,0.544165251
64,36,0.00080788686,0.505032276
65,36,0.000745303283,0.465909562
66,36,0.000682144864,0.426427498
67,36,0.000619165479,0.387057354
68,36,0.000557622263,0.348584999
69,36,0.000496165046,0.310166404
70,36,0.000436271412,0.272725248
71,36,0.000377754885,0.236144959
72,36,0.000320680221,0.200466018
73,36,0.000265818676,0.166170559
74,36,0.000213102591,0.133216286
75,36,0.000162488886,0.101576267
76,36,0.000115416455,0.0721499974
77,36,7.15733472E-05,0.044742466
78,36,3.19128415E-05,0.0199495941
79,36,3.3265527E-06,0.0020795195
0,37,0,0
1,37,1.85327414E-05,0.0115853259
2,37,5.52960061E-05,0.0345670528
3,37,9.70680906E-05,0.0606799307
4,37,0.000142612477,0.089150978
5,37,0.000191093932,0.119458068
6,37,0.000241634989,0.151052671
7,37,0.000295451933,0.184695122
8,37,0.000350273466,0.218965568
9,37,0.000407660156,0.254839565
10,37,0.000465441259,0.290960121
11,37,0.000525545423,0.328532885
12,37,0.000585921024,0.366275332
13,37,0.000646607357,0.404212026
14,37,0.000708625922,0.442981535
15,37,0.000770118048,0.481421954
16,37,0.000830859658,0.519393203
17,37,0.000892029619,0.557632226
18,37,0.00095217315,0.5952296
19,37,0.00101070743,0.631820986
20,37,0.00106735311,0.667231757
21,37,0.00112256199,0.701744348
22,37,0.00117585174,0.735057233
23,37,0.00122630407,0.766596369
24,37,0.00127366567,0.796203409
25,37,0.00131767648,0.823715775
26,37,0.00135814044,0.84901091
27,37,0.0013953335,0.87226131
28,37,0.00142904973,0.893338252
29,37,0.00145881734,0.911946803
30,37,0.00148466271,0.928103458
31,37,0.00150670441,0.941882326
32,37,0.001525114,0.953390669
33,37,0.00154014081,0.962784339
34,37,0.00155209379,0.970256477
35,37,0.00156130459,0.976014399
36,37,0.00156813486,0.98028419
37,37,0.00157291386,0.983271678
38,37,0.00157592408,0.985153447
39,37,0.00157737587,0.986061002
40,37,0.00157737587,0.986061002
41,37,0.00157592408,0.985153447
42,37,0.00157291386,0.983271678
43,37,0.00156813486,0.98028419
44,37,0.00156130457,0.976014387
45,37,0.00155209379,0.970256477
46,37,0.00154014081,0.962784339
47,37,0.001525114,0.953390669
48,37,0.00150670441,0.941882326
49,37,0.00148466273,0.928103471
50,37,0.00145881734,0.911946805
51,37,0.00142904973,0.893338252
52,37,0.0013953335,0.87226131
53,37,0.00135814044,0.84901091
54,37,0.0013176766,0.823715853
55,37,0.00127366547,0.796203285
56,37,0.00122630407,0.766596369
57,37,0.00117585174,0.735057233
58,37,0.00112256199,0.701744348
59,37,0.00106735334,0.667231903
60,37,0.00101070732,0.631820921
61,37,0.00095217315,0.5952296
62,37,0.000892029619,0.557632226
63,37,0.000830859658,0.519393203
64,37,0.000770118344,0.481422138
65,37,0.000708625874,0.442981506
66,37,0.000646607357,0.404212026
67,37,0.000585921024,0.366275332
68,37,0.000525545423,0.328532885
69,37,0.000465441286,0.290960137
70,37,0.000407660076,0.254839515
71,37,0.000350273466,0.218965568
72,37,0.000295451933,0.184695122
73,37,0.000241634989,0.151052671
74,37,0.000191093933,0.119458069
75,37,0.000142612475,0.0891509772
76,37,9.70680906E-05,0.0606799307
77,37,5.52960061E-05,0.0345670528
78,37,1.85327414E-05,0.0115853259
79,37,0,0
0,38,0,0
1,38,7.48171249E-06,0.00467702406
2,38,3.88068831E-05,0.024259249
3,38,7.84594142E-05,0.0490471358
4,38,0.000121826134,0.0761568638
5,38,0.000168074926,0.105068255
6,38,0.000217552426,0.135997999
7,38,0.000269076066,0.168206842
8,38,0.000322378416,0.201527606
9,38,0.000377754734,0.236144864
10,38,0.000434344159,0.271520469
11,38,0.000492003611,0.307564976
12,38,0.000551162187,0.344546628
13,38,0.000610237423,0.381476181
14,38,0.000670227084,0.418977367
15,38,0.000730553218,0.456688891
16,38,0.000790185639,0.493966756
17,38,0.000849115119,0.530805193
18,38,0.000908307169,0.56780777
19,38,0.000966011649,0.603880426
20,38,0.00102196916,0.638861006
21,38,0.00107591259,0.672582527
22,38,0.00112846326,0.705433394
23,38,0.00117881687,0.736910819
24,38,0.00122630413,0.766596408
25,38,0.00127071333,0.794357822
26,38,0.00131183843,0.820066251
27,38,0.00134953533,0.84363162
28,38,0.00138386832,0.865094112
29,38,0.00141513881,0.884642156
30,38,0.0014427294,0.901889791
31,38,0.00146670515,0.91687769
32,38,0.00148717463,0.929673725
33,38,0.00150431959,0.940391513
34,38,0.00151835348,0.949164484
35,38,0.00152951745,0.956143385
36,38,0.00153806109,0.961484253
37,38,0.0015442266,0.965338483
38,38,0.00154821493,0.967831695
39,38,0.00155016906,0.969053278
40,38,0.00155016909,0.969053296
41,38,0.00154821493,0.967831695
42,38,0.0015442266,0.965338483
43,38,0.00153806109,0.961484253
44,38,0.00152951753,0.956143438
45,38,0.00151835354,0.949164519
46,38,0.00150431959,0.940391513
47,38,0.00148717463,0.929673725
48,38,0.00146670515,0.91687769
49,38,0.0014427294,0.90188979
50,38,0.00141513882,0.88464216
51,38,0.00138386832,0.865094112
52,38,0.00134953533,0.84363162
53,38,0.00131183843,0.820066251
54,38,0.00127071338,0.794357848
55,38,0.00122630401,0.766596334
56,38,0.00117881687,0.736910819
57,38,0.00112846326,0.705433394
58,38,0.00107591259,0.672582527
59,38,0.00102196922,0.638861043
60,38,0.000966011458,0.603880307
61,38,0.000908307169,0.56780777
62,38,0.000849115119,0.530805193
63,38,0.000790185639,0.493966756
64,38,0.000730553302,0.456688944
65,38,0.000670226928,0.41897727
66,38,0.000610237423,0.381476181
67,38,0.000551162187,0.344546628
68,38,0.000492003611,0.307564976
69,38,0.000434344159,0.271520469
70,38,0.000377754725,0.236144859
71,38,0.000322378416,0.201527606
72,38,0.000269076066,0.168206842
73,38,0.000217552426,0.135997999
74,38,0.000168074899,0.105068238
75,38,0.000121826131,0.0761568618
76,38,7.84594142E-05,0.0490471358
77,38,3.88068831E-05,0.024259249
78,38,7.48171249E-06,0.00467702406
79,38,0,0
0,39,0,0
1,39,3.64655222E-07,0.000227955999
2,39,2.26886311E-05,0.0141832868
3,39,5.94675828E-05,0.0371748201
4,39,0.000100598609,0.0628869546
5,39,0.000145245334,0.0907968495
6,39,0.00019254598,0.120365783
7,39,0.00024163526,0.151052841
8,39,0.000293787685,0.183654755
9,39,0.000346651489,0.216701371
10,39,0.000402006061,0.251305035
11,39,0.000457603264,0.286060375
12,39,0.000514995283,0.321937703
13,39,0.000572805161,0.358076246
14,39,0.000630388437,0.394073134
15,39,0.000689332593,0.430920746
16,39,0.000747775831,0.46745522
17,39,0.000805349684,0.503446217
18,39,0.000862451692,0.539142251
19,39,0.000919207666,0.57462197
20,39,0.000974347471,0.609091377
21,39,0.00102761592,0.642390948
22,39,0.00107876946,0.67436843
23,39,0.00112846324,0.705433382
24,39,0.00117585143,0.73505704
25,39,0.00122037343,0.762888967
26,39,0.0012618483,0.788816047
27,39,0.00130013473,0.812749947
28,39,0.00133510713,0.834612156
29,39,0.00136670343,0.854363872
30,39,0.00139533351,0.872261319
31,39,0.00142072883,0.888136629
32,39,0.00144272925,0.901889701
33,39,0.00146145852,0.91359788
34,39,0.00147704444,0.923341066
35,39,0.00148967017,0.931233759
36,39,0.00149950382,0.93738104
37,39,0.00150670434,0.941882282
38,39,0.00151141995,0.944830144
39,39,0.00151374981,0.946286604
40,39,0.00151374983,0.946286617
41,39,0.00151141995,0.944830144
42,39,0.00150670434,0.941882282
43,39,0.00149950382,0.93738104
44,39,0.00148966984,0.931233549
45,39,0.00147704449,0.923341095
46,39,0.00146145852,0.91359788
47,39,0.00144272925,0.901889701
48,39,0.00142072883,0.888136629
49,39,0.00139533366,0.872261412
50,39,0.00136670341,0.854363855
51,39,0.00133510713,0.834612156
52,39,0.00130013473,0.812749947
53,39,0.0012618483,0.788816047
54,39,0.00122037346,0.762888981
55,39,0.00117585175,0.735057238
56,39,0.00112846324,0.705433382
57,39,0.00107876946,0.67436843
58,39,0.00102761592,0.642390948
59,39,0.000974347472,0.609091379
60,39,0.00091920759,0.574621923
61,39,0.000862451692,0.539142251
62,39,0.000805349684,0.503446217
63,39,0.000747775831,0.46745522
64,39,0.000689332646,0.430920779
65,39,0.000630388449,0.394073142
66,39,0.000572805161,0.358076246
67,39,0.000514995283,0.321937703
68,39,0.000457603264,0.286060375
69,39,0.000402006133,0.25130508
70,39,0.000346651449,0.216701346
71,39,0.000293787685,0.183654755
72,39,0.00024163526,0.151052841
73,39,0.00019254598,0.120365783
74,39,0.000145245334,0.0907968495
75,39,0.000100598608,0.0628869543
76,39,5.94675828E-05,0.0371748201
77,39,2.26886311E-05,0.0141832868
78,39,3.64655222E-07,0.000227955999
79,39,0,0
0,40,0,0
1,40,0,0
2,40,9.24075044E-06,0.00577664702
3,40,4.0849776E-05,0.0255363175
4,40,7.96097222E-05,0.0497662249
5,40,0.00012182586,0.0761566929
6,40,0.000166649103,0.104176934
7,40,0.000214584478,0.134142654
8,40,0.00026419165,0.16515346
9,40,0.000315593018,0.197285867
10,40,0.000368535167,0.23038146
11,40,0.000422847935,0.264333863
12,40,0.000477547621,0.29852814
13,40,0.000534039795,0.33384295
14,40,0.000590321522,0.369026205
15,40,0.00064660721,0.404211935
16,40,0.00070378792,0.439957168
17,40,0.000760158584,0.475196019
18,40,0.000815520262,0.509804125
19,40,0.000870486766,0.544165197
20,40,0.000924675287,0.578039931
21,40,0.000977129236,0.610830336
22,40,0.00102761582,0.642390885
23,40,0.00107591254,0.672582491
24,40,0.00112256199,0.701744348
25,40,0.00116695394,0.729494973
26,40,0.00120849761,0.755465064
27,40,0.00124705679,0.779569467
28,40,0.00128250715,0.801730462
29,40,0.00131475676,0.821890575
30,40,0.0013437747,0.84003049
31,40,0.00136955127,0.856144131
32,40,0.00139247804,0.870476287
33,40,0.00141233212,0.882887615
34,40,0.00142904975,0.893338267
35,40,0.00144272932,0.901889743
36,40,0.00145349928,0.908622342
37,40,0.00146145841,0.913597812
38,40,0.00146670504,0.916877623
39,40,0.00146930974,0.918505891
40,40,0.00146930971,0.918505873
41,40,0.00146670504,0.916877623
42,40,0.00146145841,0.913597812
43,40,0.00145349928,0.908622342
44,40,0.00144272928,0.90188972
45,40,0.00142904994,0.893338384
46,40,0.00141233212,0.882887615
47,40,0.00139247804,0.870476287
48,40,0.00136955127,0.856144131
49,40,0.00134377482,0.840030562
50,40,0.00131475672,0.82189055
51,40,0.00128250715,0.801730462
52,40,0.00124705679,0.779569467
53,40,0.00120849761,0.755465064
54,40,0.00116695421,0.72949514
55,40,0.00112256193,0.70174431
56,40,0.00107591254,0.672582491
57,40,0.00102761582,0.642390885
58,40,0.000977129236,0.610830336
59,40,0.000924675295,0.578039935
60,40,0.000870486579,0.54416508
61,40,0.000815520262,0.509804125
62,40,0.000760158584,0.475196019
63,40,0.00070378792,0.439957168
64,40,0.000646607225,0.404211944
65,40,0.000590321125,0.369025956
66,40,0.000534039795,0.33384295
67,40,0.000477547621,0.29852814
68,40,0.000422847935,0.264333863
69,40,0.000368535441,0.230381631
70,40,0.000315592957,0.197285829
71,40,0.00026419165,0.16515346
72,40,0.000214584478,0.134142654
73,40,0.000166649103,0.104176934
74,40,0.00012182586,0.0761566929
75,40,7.96097222E-05,0.0497662249
76,40,4.0849776E-05,0.0255363175
77,40,9.24075044E-06,0.00577664702
78,40,0,0
79,40,0,0
0,41,0,0
1,41,0,0
2,41,5.57202668E-07,0.000348322699
3,41,2.26890946E-05,0.0141835765
4,41,5.8421251E-05,0.0365207293
5,41,9.82435386E-05,0.0614147355
6,41,0.000141304047,0.0883330425
7,41,0.000186739212,0.116735813
8,41,0.000234029438,0.146298232
9,41,0.000283846869,0.177440477
10,41,0.000334338787,0.209004363
11,41,0.000387037747,0.241947931
12,41,0.000440124159,0.275133705
13,41,0.000494080604,0.308863362
14,41,0.00054900775,0.343199831
15,41,0.000603576684,0.377312371
16,41,0.000658379055,0.411570838
17,41,0.000713477878,0.446014627
18,41,0.000767624167,0.47986296
19,41,0.000820620632,0.512992506
20,41,0.000873167347,0.545840902
21,41,0.000924675272,0.578039921
22,41,0.000974347389,0.609091326
23,41,0.00102196923,0.638861049
24,41,0.00106735334,0.667231903
25,41,0.00111075868,0.69436577
26,41,0.00115213377,0.720230481
27,41,0.00119068878,0.744332274
28,41,0.00122630415,0.766596422
29,41,0.00125889476,0.786969705
30,41,0.00128839096,0.805408589
31,41,0.00131475675,0.82189057
32,41,0.00133800241,0.83642207
33,41,0.0013581404,0.849010884
34,41,0.00137522038,0.859688047
35,41,0.00138961471,0.868686339
36,41,0.00140102919,0.875821843
37,41,0.00140951958,0.881129419
38,41,0.00141513934,0.884642487
39,41,0.00141793677,0.886391236
40,41,0.00141793675,0.886391227
41,41,0.00141513934,0.884642487
42,41,0.00140951958,0.881129419
43,41,0.00140102919,0.875821843
44,41,0.00138961473,0.868686354
45,41,0.00137522041,0.859688067
46,41,0.0013581404,0.849010884
47,41,0.00133800241,0.83642207
48,41,0.00131475675,0.82189057
49,41,0.00128839081,0.805408498
50,41,0.00125889471,0.786969673
51,41,0.00122630415,0.766596422
52,41,0.00119068878,0.744332274
53,41,0.00115213377,0.720230481
54,41,0.00111075955,0.69436632
55,41,0.00106735308,0.667231739
56,41,0.00102196923,0.638861049
57,41,0.000974347389,0.609091326
58,41,0.000924675272,0.578039921
59,41,0.000873167375,0.545840919
60,41,0.000820620266,0.512992278
61,41,0.000767624167,0.47986296
62,41,0.000713477878,0.446014627
63,41,0.000658379055,0.411570838
64,41,0.000603576788,0.377312435
65,41,0.000549008,0.343199987
66,41,0.000494080604,0.308863362
67,41,0.000440124159,0.275133705
68,41,0.000387037747,0.241947931
69,41,0.000334338827,0.209004388
70,41,0.00028384633,0.177440141
71,41,0.000234029438,0.146298232
72,41,0.000186739212,0.116735813
73,41,0.000141304047,0.0883330425
74,41,9.82435388E-05,0.0614147357
75,41,5.84212501E-05,0.0365207287
76,41,2.26890946E-05,0.0141835765
77,41,5.57202668E-07,0.000348322699
78,41,0,0
79,41,0,0
0,42,0,0
1,42,0,0
2,42,0,0
3,42,8.06874968E-06,0.00504399714
4,42,3.77868257E-05,0.0236215831
5,42,7.50095042E-05,0.0468905022
6,42,0.000115416477,0.0721500113
7,42,0.000158483632,0.0990724731
8,42,0.000204247284,0.12768059
9,42,0.000251254896,0.157066339
10,42,0.000300457443,0.187824203
11,42,0.000350273434,0.218965549
12,42,0.000402005989,0.25130499
13,42,0.000453704095,0.283622897
14,42,0.000506594532,0.316686163
15,42,0.000559783449,0.349936016
16,42,0.000612464883,0.382868628
17,42,0.000665476145,0.416007424
18,42,0.000718342,0.449055323
19,42,0.00077011808,0.481421974
20,42,0.000820620583,0.512992476
21,42,0.000870486881,0.544165269
22,42,0.000919207608,0.574621934
23,42,0.000966011527,0.60388035
24,42,0.00101070791,0.631821289
25,42,0.00105311541,0.658331379
26,42,0.00109309868,0.683326023
27,42,0.00113141883,0.707280998
28,42,0.00116695408,0.729495059
29,42,0.00119959511,0.749899868
30,42,0.00122927553,0.768453914
31,42,0.00125593815,0.785121446
32,42,0.00127955951,0.799887808
33,42,0.00130013465,0.812749894
34,42,0.00131767664,0.823715877
35,42,0.001332213,0.832802954
36,42,0.00134377485,0.840030585
37,42,0.00135241202,0.845429918
38,42,0.00135814047,0.849010926
39,42,0.00136100317,0.850800481
40,42,0.00136100317,0.850800481
41,42,0.00135814047,0.849010926
42,42,0.00135241202,0.845429918
43,42,0.00134377485,0.840030585
44,42,0.00133221296,0.832802927
45,42,0.00131767661,0.823715858
46,42,0.00130013465,0.812749894
47,42,0.00127955951,0.799887808
48,42,0.00125593815,0.785121446
49,42,0.00122927562,0.768453969
50,42,0.00119959501,0.749899804
51,42,0.00116695408,0.729495059
52,42,0.00113141883,0.707280998
53,42,0.00109309868,0.683326023
54,42,0.00105311548,0.658331422
55,42,0.00101070736,0.631820944
56,42,0.000966011527,0.60388035
57,42,0.000919207608,0.574621934
58,42,0.000870486881,0.544165269
59,42,0.000820620568,0.512992466
60,42,0.000770118081,0.481421974
61,42,0.000718342,0.449055323
62,42,0.000665476145,0.416007424
63,42,0.000612464883,0.382868628
64,42,0.000559783587,0.349936102
65,42,0.000506594356,0.316686052
66,42,0.000453704095,0.283622897
67,42,0.000402005989,0.25130499
68,42,0.000350273434,0.218965549
69,42,0.000300457559,0.187824276
70,42,0.000251254904,0.157066345
71,42,0.000204247284,0.12768059
72,42,0.000158483632,0.0990724731
73,42,0.000115416477,0.0721500113
74,42,7.50095724E-05,0.0468905449
75,42,3.77868726E-05,0.0236216124
76,42,8.06874968E-06,0.00504399714
77,42,0,0
78,42,0,0
79,42,0,0
0,43,0,0
1,43,0,0
2,43,0,0
3,43,0,0
4,43,1.85329495E-05,0.011585456
5,43,5.21786692E-05,0.0326183199
6,43,9.00448601E-05,0.0562895164
7,43,0.000130871257,0.081811219
8,43,0.000173785007,0.108637783
9,43,0.00021904424,0.136930574
10,43,0.000265818367,0.166170366
11,43,0.000313906491,0.196231573
12,43,0.000363034494,0.226942838
13,43,0.000413342063,0.258391482
14,43,0.000463477879,0.289732758
15,43,0.000514995204,0.321937653
16,43,0.000566283452,0.353999346
17,43,0.000616926224,0.385657535
18,43,0.000667847966,0.417490115
19,43,0.000718341995,0.44905532
20,43,0.000767624168,0.47986296
21,43,0.000815520384,0.509804201
22,43,0.000862451699,0.539142256
23,43,0.00090830725,0.567807821
24,43,0.000952173134,0.59522959
25,43,0.000993872819,0.621297209
26,43,0.0010332648,0.64592222
27,43,0.00107020445,0.669014208
28,43,0.00110486597,0.690682076
29,43,0.00113733542,0.710979625
30,43,0.00116695423,0.729495153
31,43,0.00119365865,0.746188821
32,43,0.00121740746,0.761034855
33,43,0.00123816851,0.774013159
34,43,0.00125593799,0.785121348
35,43,0.00127071336,0.794357838
36,43,0.0012825072,0.801730489
37,43,0.00129132639,0.807243608
38,43,0.00129720441,0.810918124
39,43,0.00130013476,0.812749965
40,43,0.0013001347,0.812749924
41,43,0.00129720441,0.810918124
42,43,0.00129132639,0.807243608
43,43,0.0012825072,0.801730489
44,43,0.00127071337,0.794357844
45,43,0.00125593802,0.785121369
46,43,0.00123816851,0.774013159
47,43,0.00121740746,0.761034855
48,43,0.00119365865,0.746188821
49,43,0.00116695431,0.729495203
50,43,0.00113733541,0.710979617
51,43,0.00110486597,0.690682076
52,43,0.00107020445,0.669014208
53,43,0.0010332648,0.64592222
54,43,0.000993872692,0.62129713
55,43,0.000952172974,0.59522949
56,43,0.00090830725,0.567807821
57,43,0.000862451699,0.539142256
58,43,0.000815520384,0.509804201
59,43,0.000767624167,0.47986296
60,43,0.000718342008,0.449055328
61,43,0.000667847966,0.417490115
62,43,0.000616926224,0.385657535
63,43,0.000566283452,0.353999346
64,43,0.000514995092,0.321937583
65,43,0.000463477996,0.289732831
66,43,0.000413342063,0.258391482
67,43,0.000363034494,0.226942838
68,43,0.000313906491,0.196231573
69,43,0.000265818318,0.166170335
70,43,0.000219044424,0.136930688
71,43,0.000173785007,0.108637783
72,43,0.000130871257,0.081811219
73,43,9.00448601E-05,0.0562895164
74,43,5.21786702E-05,0.0326183205
75,43,1.85329039E-05,0.0115854275
76,43,0,0
77,43,0,0
78,43,0,0
79,43,0,0
